type,className,fileName,lineno,CLOC,NOA,NOM,RCLOC
CLASS,_DeprecatedSequenceConstant,D:\ansible\constants.py,44,4,0,3,13
CLASS,AdHocCLI,D:\ansible\cli\adhoc.py,26,6,1,4,173
CLASS,ConfigCLI,D:\ansible\cli\config.py,84,20,1,18,565
CLASS,ConsoleCLI,D:\ansible\cli\console.py,37,57,8,48,563
CLASS,RoleMixin,D:\ansible\cli\doc.py,86,12,2,9,303
CLASS,DocCLI,D:\ansible\cli\doc.py,423,57,23,32,1086
CLASS,RoleDistributionServer,D:\ansible\cli\galaxy.py,178,4,0,1,21
CLASS,GalaxyCLI,D:\ansible\cli\galaxy.py,201,48,2,45,1693
CLASS,InventoryCLI,D:\ansible\cli\inventory.py,28,20,2,17,382
CLASS,PlaybookCLI,D:\ansible\cli\playbook.py,31,6,1,4,205
CLASS,PullCLI,D:\ansible\cli\pull.py,35,16,7,6,329
CLASS,VaultCLI,D:\ansible\cli\vault.py,27,18,4,13,455
CLASS,CLI,D:\ansible\cli\__init__.py,118,22,3,18,583
CLASS,SortingHelpFormatter,D:\ansible\cli\arguments\option_helpers.py,27,2,0,1,4
CLASS,ArgumentParser,D:\ansible\cli\arguments\option_helpers.py,33,2,0,1,8
CLASS,AnsibleVersion,D:\ansible\cli\arguments\option_helpers.py,43,2,0,1,5
CLASS,UnrecognizedArgument,D:\ansible\cli\arguments\option_helpers.py,50,3,0,2,7
CLASS,PrependListAction,D:\ansible\cli\arguments\option_helpers.py,59,3,0,2,29
CLASS,ConnectionProcess,D:\ansible\cli\scripts\ansible_connection_cli_stub.py,59,8,0,7,150
CLASS,ConfigManager,D:\ansible\config\manager.py,277,18,2,15,343
CLASS,AnsibleError,D:\ansible\errors\__init__.py,38,8,0,7,172
CLASS,AnsiblePromptInterrupt,D:\ansible\errors\__init__.py,212,1,0,0,2
CLASS,AnsiblePromptNoninteractive,D:\ansible\errors\__init__.py,216,1,0,0,2
CLASS,AnsibleAssertionError,D:\ansible\errors\__init__.py,220,2,0,0,3
CLASS,AnsibleOptionsError,D:\ansible\errors\__init__.py,225,2,0,0,3
CLASS,AnsibleParserError,D:\ansible\errors\__init__.py,230,2,0,0,3
CLASS,AnsibleInternalError,D:\ansible\errors\__init__.py,235,2,0,0,3
CLASS,AnsibleRuntimeError,D:\ansible\errors\__init__.py,240,2,0,0,3
CLASS,AnsibleModuleError,D:\ansible\errors\__init__.py,245,2,0,0,3
CLASS,AnsibleConnectionFailure,D:\ansible\errors\__init__.py,250,2,0,0,3
CLASS,AnsibleAuthenticationFailure,D:\ansible\errors\__init__.py,255,2,0,0,3
CLASS,AnsibleCallbackError,D:\ansible\errors\__init__.py,260,2,0,0,3
CLASS,AnsibleTemplateError,D:\ansible\errors\__init__.py,265,2,0,0,3
CLASS,AnsibleFilterError,D:\ansible\errors\__init__.py,270,2,0,0,3
CLASS,AnsibleLookupError,D:\ansible\errors\__init__.py,275,2,0,0,3
CLASS,AnsibleUndefinedVariable,D:\ansible\errors\__init__.py,280,2,0,0,3
CLASS,AnsibleFileNotFound,D:\ansible\errors\__init__.py,285,2,0,1,25
CLASS,AnsibleAction,D:\ansible\errors\__init__.py,315,2,0,1,11
CLASS,AnsibleActionSkip,D:\ansible\errors\__init__.py,328,2,0,1,7
CLASS,AnsibleActionFail,D:\ansible\errors\__init__.py,337,2,0,1,6
CLASS,_AnsibleActionDone,D:\ansible\errors\__init__.py,345,2,0,0,3
CLASS,AnsiblePluginError,D:\ansible\errors\__init__.py,350,2,0,1,5
CLASS,AnsiblePluginRemovedError,D:\ansible\errors\__init__.py,357,2,0,0,3
CLASS,AnsiblePluginCircularRedirect,D:\ansible\errors\__init__.py,362,2,0,0,3
CLASS,AnsibleCollectionUnsupportedVersionError,D:\ansible\errors\__init__.py,367,2,0,0,3
CLASS,AnsibleFilterTypeError,D:\ansible\errors\__init__.py,372,2,0,0,3
CLASS,AnsiblePluginNotFound,D:\ansible\errors\__init__.py,377,2,0,0,3
CLASS,InterpreterDiscoveryRequiredError,D:\ansible\executor\interpreter_discovery.py,27,4,0,3,12
CLASS,ModuleDepFinder,D:\ansible\executor\module_common.py,437,6,1,4,137
CLASS,ModuleUtilLocatorBase,D:\ansible\executor\module_common.py,641,8,0,8,129
CLASS,LegacyModuleUtilLocator,D:\ansible\executor\module_common.py,774,4,0,3,40
CLASS,CollectionModuleUtilLocator,D:\ansible\executor\module_common.py,816,4,0,3,54
CLASS,PlaybookExecutor,D:\ansible\executor\playbook_executor.py,41,4,0,4,293
CLASS,IteratingStates,D:\ansible\executor\play_iterator.py,38,7,6,0,7
CLASS,FailedStates,D:\ansible\executor\play_iterator.py,47,7,6,0,7
CLASS,HostState,D:\ansible\executor\play_iterator.py,56,6,0,6,87
CLASS,PlayIterator,D:\ansible\executor\play_iterator.py,145,22,0,22,493
CLASS,AggregateStats,D:\ansible\executor\stats.py,25,6,0,6,74
CLASS,TaskTimeoutError,D:\ansible\executor\task_executor.py,44,2,0,0,2
CLASS,TaskExecutor,D:\ansible\executor\task_executor.py,75,14,0,14,1105
CLASS,CallbackSend,D:\ansible\executor\task_queue_manager.py,54,1,0,1,5
CLASS,DisplaySend,D:\ansible\executor\task_queue_manager.py,61,1,0,1,5
CLASS,PromptSend,D:\ansible\executor\task_queue_manager.py,69,7,0,0,7
CLASS,FinalQueue,D:\ansible\executor\task_queue_manager.py,78,6,0,5,28
CLASS,AnsibleEndPlay,D:\ansible\executor\task_queue_manager.py,108,2,0,1,3
CLASS,TaskQueueManager,D:\ansible\executor\task_queue_manager.py,113,20,6,14,357
CLASS,TaskResult,D:\ansible\executor\task_result.py,24,9,0,9,130
CLASS,PSModuleDepFinder,D:\ansible\executor\powershell\module_manifest.py,24,6,0,5,227
CLASS,WorkerQueue,D:\ansible\executor\process\worker.py,40,2,0,1,7
CLASS,WorkerProcess,D:\ansible\executor\process\worker.py,49,8,0,7,210
CLASS,GalaxyError,D:\ansible\galaxy\api.py,203,2,0,1,38
CLASS,CollectionVersionMetadata,D:\ansible\galaxy\api.py,248,1,0,1,24
CLASS,GalaxyAPI,D:\ansible\galaxy\api.py,275,27,0,26,661
CLASS,GalaxyRole,D:\ansible\galaxy\role.py,75,20,5,14,411
CLASS,NoTokenSentinel,D:\ansible\galaxy\token.py,38,2,0,1,4
CLASS,KeycloakToken,D:\ansible\galaxy\token.py,44,6,1,4,54
CLASS,GalaxyToken,D:\ansible\galaxy\token.py,100,9,1,7,58
CLASS,BasicAuthToken,D:\ansible\galaxy\token.py,160,6,1,4,27
CLASS,Galaxy,D:\ansible\galaxy\__init__.py,42,5,0,4,30
CLASS,ConcreteArtifactsManager,D:\ansible\galaxy\collection\concrete_artifact_manager.py,49,18,0,18,333
CLASS,MultiGalaxyAPIProxy,D:\ansible\galaxy\collection\galaxy_api_proxy.py,27,8,0,8,189
CLASS,GpgBaseError,D:\ansible\galaxy\collection\gpg.py,132,5,0,2,11
CLASS,GpgExpSig,D:\ansible\galaxy\collection\gpg.py,146,4,0,0,4
CLASS,GpgExpKeySig,D:\ansible\galaxy\collection\gpg.py,153,4,0,0,4
CLASS,GpgRevKeySig,D:\ansible\galaxy\collection\gpg.py,160,4,0,0,4
CLASS,GpgBadSig,D:\ansible\galaxy\collection\gpg.py,167,4,0,0,4
CLASS,GpgErrSig,D:\ansible\galaxy\collection\gpg.py,174,9,0,0,13
CLASS,GpgNoPubkey,D:\ansible\galaxy\collection\gpg.py,190,3,0,0,3
CLASS,GpgMissingPassPhrase,D:\ansible\galaxy\collection\gpg.py,196,2,0,0,2
CLASS,GpgBadPassphrase,D:\ansible\galaxy\collection\gpg.py,201,3,0,0,3
CLASS,GpgNoData,D:\ansible\galaxy\collection\gpg.py,207,3,0,0,9
CLASS,GpgUnexpected,D:\ansible\galaxy\collection\gpg.py,219,3,0,0,9
CLASS,GpgError,D:\ansible\galaxy\collection\gpg.py,231,5,0,0,5
CLASS,GpgFailure,D:\ansible\galaxy\collection\gpg.py,239,4,0,0,4
CLASS,GpgBadArmor,D:\ansible\galaxy\collection\gpg.py,246,2,0,0,2
CLASS,GpgKeyExpired,D:\ansible\galaxy\collection\gpg.py,251,3,0,0,3
CLASS,GpgKeyRevoked,D:\ansible\galaxy\collection\gpg.py,257,2,0,0,2
CLASS,GpgNoSecKey,D:\ansible\galaxy\collection\gpg.py,262,3,0,0,3
CLASS,PkgReq,D:\ansible\galaxy\collection\__init__.py,38,1,0,0,2
CLASS,ManifestControl,D:\ansible\galaxy\collection\__init__.py,148,4,0,1,11
CLASS,CollectionSignatureError,D:\ansible\galaxy\collection\__init__.py,161,6,0,5,38
CLASS,CollectionVerifyResult,D:\ansible\galaxy\collection\__init__.py,202,1,0,1,4
CLASS,DisplayThread,D:\ansible\galaxy\collection\__init__.py,1003,3,0,2,10
CLASS,_ComputedReqKindsMixin,D:\ansible\galaxy\dependency_resolution\dataclasses.py,168,29,1,28,422
CLASS,Requirement,D:\ansible\galaxy\dependency_resolution\dataclasses.py,598,4,0,2,12
CLASS,Candidate,D:\ansible\galaxy\dependency_resolution\dataclasses.py,612,5,0,3,22
CLASS,CollectionDependencyResolutionImpossible,D:\ansible\galaxy\dependency_resolution\errors.py,14,2,0,0,2
CLASS,CollectionDependencyInconsistentCandidate,D:\ansible\galaxy\dependency_resolution\errors.py,17,2,0,0,2
CLASS,AbstractProvider,D:\ansible\galaxy\dependency_resolution\providers.py,34,1,0,0,2
CLASS,CollectionDependencyProviderBase,D:\ansible\galaxy\dependency_resolution\providers.py,46,9,0,8,414
CLASS,CollectionDependencyProvider050,D:\ansible\galaxy\dependency_resolution\providers.py,463,3,0,2,8
CLASS,CollectionDependencyProvider060,D:\ansible\galaxy\dependency_resolution\providers.py,473,3,0,2,11
CLASS,CollectionDependencyProvider070,D:\ansible\galaxy\dependency_resolution\providers.py,486,2,0,1,4
CLASS,CollectionDependencyProvider080,D:\ansible\galaxy\dependency_resolution\providers.py,492,2,0,1,4
CLASS,BaseReporter,D:\ansible\galaxy\dependency_resolution\reporters.py,11,1,0,0,2
CLASS,CollectionDependencyReporter,D:\ansible\galaxy\dependency_resolution\reporters.py,15,1,0,0,6
CLASS,Resolver,D:\ansible\galaxy\dependency_resolution\resolvers.py,11,1,0,0,2
CLASS,CollectionDependencyResolver,D:\ansible\galaxy\dependency_resolution\resolvers.py,15,1,0,0,6
CLASS,InventoryData,D:\ansible\inventory\data.py,35,14,0,13,248
CLASS,InventoryObjectType,D:\ansible\inventory\group.py,56,3,2,0,3
CLASS,Group,D:\ansible\inventory\group.py,61,23,1,22,234
CLASS,Host,D:\ansible\inventory\host.py,30,19,1,18,139
CLASS,InventoryManager,D:\ansible\inventory\manager.py,139,30,0,29,613
CLASS,PolicyRcD,D:\ansible\modules\apt.py,408,4,0,3,75
CLASS,InvalidSource,D:\ansible\modules\apt_repository.py,222,2,0,0,2
CLASS,SourcesList,D:\ansible\modules\apt_repository.py,228,17,0,16,233
CLASS,UbuntuSourcesList,D:\ansible\modules\apt_repository.py,463,12,2,9,153
CLASS,AnsibleModuleError,D:\ansible\modules\copy.py,303,2,0,1,3
CLASS,CronTabError,D:\ansible\modules\cron.py,222,2,0,0,2
CLASS,CronTab,D:\ansible\modules\cron.py,226,27,0,26,319
CLASS,DnfModule,D:\ansible\modules\dnf.py,408,19,0,18,920
CLASS,Dnf5Module,D:\ansible\modules\dnf5.py,430,4,0,3,286
CLASS,AnsibleModuleError,D:\ansible\modules\file.py,248,3,0,2,6
CLASS,ParameterError,D:\ansible\modules\file.py,256,2,0,0,2
CLASS,Sentinel,D:\ansible\modules\file.py,260,2,0,1,3
CLASS,_Object,D:\ansible\modules\find.py,279,1,0,1,4
CLASS,Group,D:\ansible\modules\group.py,124,13,3,9,121
CLASS,Linux,D:\ansible\modules\group.py,249,4,2,1,21
CLASS,SunOS,D:\ansible\modules\group.py,274,5,3,1,23
CLASS,AIX,D:\ansible\modules\group.py,301,7,3,3,41
CLASS,FreeBsdGroup,D:\ansible\modules\group.py,346,7,3,3,42
CLASS,DragonFlyBsdGroup,D:\ansible\modules\group.py,390,2,1,0,7
CLASS,DarwinGroup,D:\ansible\modules\group.py,401,7,2,4,67
CLASS,OpenBsdGroup,D:\ansible\modules\group.py,470,7,3,3,42
CLASS,NetBsdGroup,D:\ansible\modules\group.py,516,7,3,3,42
CLASS,BusyBoxGroup,D:\ansible\modules\group.py,563,4,0,3,48
CLASS,AlpineGroup,D:\ansible\modules\group.py,613,3,2,0,4
CLASS,BaseStrategy,D:\ansible\modules\hostname.py,102,9,0,8,37
CLASS,UnimplementedStrategy,D:\ansible\modules\hostname.py,141,9,0,8,31
CLASS,CommandStrategy,D:\ansible\modules\hostname.py,174,7,1,5,25
CLASS,FileStrategy,D:\ansible\modules\hostname.py,201,4,1,2,22
CLASS,SLESStrategy,D:\ansible\modules\hostname.py,225,2,1,0,6
CLASS,RedHatStrategy,D:\ansible\modules\hostname.py,233,4,1,2,42
CLASS,AlpineStrategy,D:\ansible\modules\hostname.py,277,4,2,1,17
CLASS,SystemdStrategy,D:\ansible\modules\hostname.py,296,8,1,6,48
CLASS,OpenRCStrategy,D:\ansible\modules\hostname.py,346,4,1,2,37
CLASS,OpenBSDStrategy,D:\ansible\modules\hostname.py,385,6,2,3,26
CLASS,SolarisStrategy,D:\ansible\modules\hostname.py,413,6,1,4,33
CLASS,FreeBSDStrategy,D:\ansible\modules\hostname.py,448,8,2,5,58
CLASS,DarwinStrategy,D:\ansible\modules\hostname.py,508,9,0,8,94
CLASS,Hostname,D:\ansible\modules\hostname.py,604,11,3,7,46
CLASS,SLESHostname,D:\ansible\modules\hostname.py,652,10,2,0,12
CLASS,RHELHostname,D:\ansible\modules\hostname.py,666,4,3,0,4
CLASS,CentOSHostname,D:\ansible\modules\hostname.py,672,4,3,0,4
CLASS,AnolisOSHostname,D:\ansible\modules\hostname.py,678,4,3,0,4
CLASS,CloudlinuxserverHostname,D:\ansible\modules\hostname.py,684,4,3,0,4
CLASS,CloudlinuxHostname,D:\ansible\modules\hostname.py,690,4,3,0,4
CLASS,AlinuxHostname,D:\ansible\modules\hostname.py,696,4,3,0,4
CLASS,ScientificHostname,D:\ansible\modules\hostname.py,702,4,3,0,4
CLASS,OracleLinuxHostname,D:\ansible\modules\hostname.py,708,4,3,0,4
CLASS,VirtuozzoLinuxHostname,D:\ansible\modules\hostname.py,714,4,3,0,4
CLASS,AmazonLinuxHostname,D:\ansible\modules\hostname.py,720,4,3,0,4
CLASS,DebianHostname,D:\ansible\modules\hostname.py,726,4,3,0,4
CLASS,KylinHostname,D:\ansible\modules\hostname.py,732,4,3,0,4
CLASS,CumulusHostname,D:\ansible\modules\hostname.py,738,4,3,0,4
CLASS,KaliHostname,D:\ansible\modules\hostname.py,744,4,3,0,4
CLASS,ParrotHostname,D:\ansible\modules\hostname.py,750,4,3,0,4
CLASS,UbuntuHostname,D:\ansible\modules\hostname.py,756,4,3,0,4
CLASS,LinuxmintHostname,D:\ansible\modules\hostname.py,762,4,3,0,4
CLASS,LinaroHostname,D:\ansible\modules\hostname.py,768,4,3,0,4
CLASS,DevuanHostname,D:\ansible\modules\hostname.py,774,4,3,0,4
CLASS,RaspbianHostname,D:\ansible\modules\hostname.py,780,4,3,0,4
CLASS,UosHostname,D:\ansible\modules\hostname.py,786,4,3,0,4
CLASS,DeepinHostname,D:\ansible\modules\hostname.py,792,4,3,0,4
CLASS,GentooHostname,D:\ansible\modules\hostname.py,798,4,3,0,4
CLASS,ALTLinuxHostname,D:\ansible\modules\hostname.py,804,4,3,0,4
CLASS,AlpineLinuxHostname,D:\ansible\modules\hostname.py,810,4,3,0,4
CLASS,OpenBSDHostname,D:\ansible\modules\hostname.py,816,4,3,0,4
CLASS,SolarisHostname,D:\ansible\modules\hostname.py,822,4,3,0,4
CLASS,FreeBSDHostname,D:\ansible\modules\hostname.py,828,4,3,0,4
CLASS,NetBSDHostname,D:\ansible\modules\hostname.py,834,4,3,0,4
CLASS,NeonHostname,D:\ansible\modules\hostname.py,840,4,3,0,4
CLASS,DarwinHostname,D:\ansible\modules\hostname.py,846,4,3,0,4
CLASS,VoidLinuxHostname,D:\ansible\modules\hostname.py,852,4,3,0,4
CLASS,PopHostname,D:\ansible\modules\hostname.py,858,4,3,0,4
CLASS,EurolinuxHostname,D:\ansible\modules\hostname.py,864,4,3,0,4
CLASS,RPM,D:\ansible\modules\package_facts.py,270,5,1,3,37
CLASS,APT,D:\ansible\modules\package_facts.py,309,7,1,5,48
CLASS,PACMAN,D:\ansible\modules\package_facts.py,359,4,1,2,37
CLASS,PKG,D:\ansible\modules\package_facts.py,398,5,2,2,42
CLASS,PORTAGE,D:\ansible\modules\package_facts.py,442,5,2,2,13
CLASS,APK,D:\ansible\modules\package_facts.py,457,4,1,2,21
CLASS,PKG_INFO,D:\ansible\modules\package_facts.py,480,4,1,2,21
CLASS,Package,D:\ansible\modules\pip.py,617,6,1,5,61
CLASS,RpmKey,D:\ansible\modules\rpm_key.py,96,11,0,10,139
CLASS,Service,D:\ansible\modules\service.py,186,14,2,11,270
CLASS,LinuxService,D:\ansible\modules\service.py,458,10,2,7,537
CLASS,FreeBsdService,D:\ansible\modules\service.py,997,7,2,4,109
CLASS,DragonFlyBsdService,D:\ansible\modules\service.py,1108,4,2,1,24
CLASS,OpenBsdService,D:\ansible\modules\service.py,1134,7,2,4,71
CLASS,NetBsdService,D:\ansible\modules\service.py,1207,7,2,4,54
CLASS,SunOSService,D:\ansible\modules\service.py,1263,9,2,6,132
CLASS,AIX,D:\ansible\modules\service.py,1397,7,2,4,116
CLASS,BaseService,D:\ansible\modules\service_facts.py,100,2,0,1,4
CLASS,ServiceScanService,D:\ansible\modules\service_facts.py,106,6,0,5,135
CLASS,SystemctlScanService,D:\ansible\modules\service_facts.py,243,6,1,4,67
CLASS,AIXScanService,D:\ansible\modules\service_facts.py,312,2,0,1,27
CLASS,OpenBSDScanService,D:\ansible\modules\service_facts.py,341,4,0,3,64
CLASS,Subversion,D:\ansible\modules\subversion.py,141,15,1,13,149
CLASS,UnarchiveError,D:\ansible\modules\unarchive.py,296,2,0,0,2
CLASS,ZipArchive,D:\ansible\modules\unarchive.py,300,9,0,8,459
CLASS,TgzArchive,D:\ansible\modules\unarchive.py,761,7,0,6,173
CLASS,TarArchive,D:\ansible\modules\unarchive.py,937,2,0,1,5
CLASS,TarBzipArchive,D:\ansible\modules\unarchive.py,945,2,0,1,4
CLASS,TarXzArchive,D:\ansible\modules\unarchive.py,952,2,0,1,4
CLASS,TarZstdArchive,D:\ansible\modules\unarchive.py,959,2,0,1,10
CLASS,ZipZArchive,D:\ansible\modules\unarchive.py,971,3,0,2,22
CLASS,StructSpwdType,D:\ansible\modules\user.py,485,11,1,0,12
CLASS,User,D:\ansible\modules\user.py,520,36,7,28,808
CLASS,FreeBsdUser,D:\ansible\modules\user.py,1332,10,5,4,283
CLASS,DragonFlyBsdUser,D:\ansible\modules\user.py,1617,2,1,0,9
CLASS,OpenBSDUser,D:\ansible\modules\user.py,1628,7,3,3,172
CLASS,NetBSDUser,D:\ansible\modules\user.py,1802,7,3,3,162
CLASS,SunOS,D:\ansible\modules\user.py,1966,11,4,6,285
CLASS,DarwinUser,D:\ansible\modules\user.py,2253,26,5,14,358
CLASS,AIX,D:\ansible\modules\user.py,2613,8,3,4,199
CLASS,HPUX,D:\ansible\modules\user.py,2814,7,3,3,143
CLASS,BusyBox,D:\ansible\modules\user.py,2959,4,0,3,131
CLASS,Alpine,D:\ansible\modules\user.py,3092,3,2,0,7
CLASS,TCPConnectionInfo,D:\ansible\modules\wait_for.py,254,13,4,4,78
CLASS,LinuxTCPConnectionInfo,D:\ansible\modules\wait_for.py,337,18,8,3,72
CLASS,YumRepo,D:\ansible\modules\yum_repository.py,429,58,6,5,155
CLASS,AnsibleModule,D:\ansible\module_utils\basic.py,360,65,2,62,1700
CLASS,ConnectionError,D:\ansible\module_utils\connection.py,95,2,0,1,6
CLASS,Connection,D:\ansible\module_utils\connection.py,103,6,0,5,103
CLASS,AnsibleFallbackNotFound,D:\ansible\module_utils\errors.py,8,1,0,0,2
CLASS,AnsibleValidationError,D:\ansible\module_utils\errors.py,12,3,0,2,12
CLASS,AnsibleValidationErrorMultiple,D:\ansible\module_utils\errors.py,26,9,0,8,37
CLASS,AliasError,D:\ansible\module_utils\errors.py,65,1,0,0,2
CLASS,ArgumentTypeError,D:\ansible\module_utils\errors.py,69,1,0,0,2
CLASS,ArgumentValueError,D:\ansible\module_utils\errors.py,73,1,0,0,2
CLASS,DeprecationError,D:\ansible\module_utils\errors.py,77,1,0,0,2
CLASS,ElementError,D:\ansible\module_utils\errors.py,81,1,0,0,2
CLASS,MutuallyExclusiveError,D:\ansible\module_utils\errors.py,85,1,0,0,2
CLASS,NoLogError,D:\ansible\module_utils\errors.py,89,1,0,0,2
CLASS,RequiredByError,D:\ansible\module_utils\errors.py,93,1,0,0,2
CLASS,RequiredDefaultError,D:\ansible\module_utils\errors.py,97,1,0,0,2
CLASS,RequiredError,D:\ansible\module_utils\errors.py,101,1,0,0,2
CLASS,RequiredIfError,D:\ansible\module_utils\errors.py,105,1,0,0,2
CLASS,RequiredOneOfError,D:\ansible\module_utils\errors.py,109,1,0,0,2
CLASS,RequiredTogetherError,D:\ansible\module_utils\errors.py,113,1,0,0,2
CLASS,SubParameterTypeError,D:\ansible\module_utils\errors.py,117,1,0,0,2
CLASS,UnsupportedError,D:\ansible\module_utils\errors.py,121,1,0,0,2
CLASS,HTTPGSSAPIAuthHandler,D:\ansible\module_utils\urls.py,97,6,2,3,74
CLASS,ConnectionError,D:\ansible\module_utils\urls.py,187,2,0,0,3
CLASS,ProxyError,D:\ansible\module_utils\urls.py,192,2,0,0,3
CLASS,SSLValidationError,D:\ansible\module_utils\urls.py,197,2,0,0,6
CLASS,NoSSLError,D:\ansible\module_utils\urls.py,205,2,0,0,6
CLASS,MissingModuleError,D:\ansible\module_utils\urls.py,213,2,0,1,6
CLASS,UnixHTTPSConnection,D:\ansible\module_utils\urls.py,235,4,0,3,16
CLASS,UnixHTTPSHandler,D:\ansible\module_utils\urls.py,252,3,0,2,18
CLASS,UnixHTTPConnection,D:\ansible\module_utils\urls.py,272,4,0,3,18
CLASS,UnixHTTPHandler,D:\ansible\module_utils\urls.py,292,3,0,2,9
CLASS,ParseResultDottedDict,D:\ansible\module_utils\urls.py,303,3,0,2,13
CLASS,GzipDecodedReader,D:\ansible\module_utils\urls.py,361,4,0,3,26
CLASS,HTTPRedirectHandler,D:\ansible\module_utils\urls.py,389,8,0,3,80
CLASS,Request,D:\ansible\module_utils\urls.py,704,10,0,10,276
CLASS,YumDnf,D:\ansible\module_utils\yumdnf.py,60,4,0,3,99
CLASS,ValidationResult,D:\ansible\module_utils\common\arg_spec.py,43,4,0,4,45
CLASS,ArgumentSpecValidator,D:\ansible\module_utils\common\arg_spec.py,90,2,0,2,197
CLASS,ModuleArgumentSpecValidator,D:\ansible\module_utils\common\arg_spec.py,289,3,0,2,22
CLASS,ImmutableDict,D:\ansible\module_utils\common\collections.py,13,10,0,9,52
CLASS,AnsibleJSONEncoder,D:\ansible\module_utils\common\json.py,44,4,0,3,41
CLASS,_UTC,D:\ansible\module_utils\compat\datetime.py,16,5,1,3,11
CLASS,_to_char_p,D:\ansible\module_utils\compat\selinux.py,27,1,0,1,7
CLASS,Version,D:\ansible\module_utils\compat\version.py,38,7,0,7,43
CLASS,StrictVersion,D:\ansible\module_utils\compat\version.py,100,6,1,3,103
CLASS,LooseVersion,D:\ansible\module_utils\compat\version.py,271,7,1,5,70
CLASS,VersionDict,D:\ansible\module_utils\distro\_distro.py,65,4,0,0,4
CLASS,InfoDict,D:\ansible\module_utils\distro\_distro.py,71,6,0,0,6
CLASS,cached_property,D:\ansible\module_utils\distro\_distro.py,633,2,0,2,14
CLASS,LinuxDistribution,D:\ansible\module_utils\distro\_distro.py,649,34,0,34,708
CLASS,AnsibleFactCollector,D:\ansible\module_utils\facts\ansible_collector.py,41,4,0,3,61
CLASS,CollectorMetaDataCollector,D:\ansible\module_utils\facts\ansible_collector.py,104,5,2,2,16
CLASS,CycleFoundInFactDeps,D:\ansible\module_utils\facts\collector.py,40,2,0,0,9
CLASS,UnresolvedFactDep,D:\ansible\module_utils\facts\collector.py,51,2,0,0,2
CLASS,CollectorNotFoundError,D:\ansible\module_utils\facts\collector.py,55,2,0,0,2
CLASS,BaseFactCollector,D:\ansible\module_utils\facts\collector.py,59,10,4,6,60
CLASS,FactNamespace,D:\ansible\module_utils\facts\namespace.py,31,3,0,3,10
CLASS,PrefixFactNamespace,D:\ansible\module_utils\facts\namespace.py,43,3,0,2,8
CLASS,PkgMgr,D:\ansible\module_utils\facts\packages.py,18,5,0,4,32
CLASS,LibMgr,D:\ansible\module_utils\facts\packages.py,52,4,1,2,17
CLASS,CLIMgr,D:\ansible\module_utils\facts\packages.py,71,4,1,2,15
CLASS,TimeoutError,D:\ansible\module_utils\facts\timeout.py,28,2,0,0,2
CLASS,AIXHardware,D:\ansible\module_utils\facts\hardware\aix.py,24,9,1,7,237
CLASS,AIXHardwareCollector,D:\ansible\module_utils\facts\hardware\aix.py,263,3,2,0,3
CLASS,Hardware,D:\ansible\module_utils\facts\hardware\base.py,36,3,1,2,9
CLASS,HardwareCollector,D:\ansible\module_utils\facts\hardware\base.py,47,9,3,1,21
CLASS,DarwinHardware,D:\ansible\module_utils\facts\hardware\darwin.py,27,8,1,6,127
CLASS,DarwinHardwareCollector,D:\ansible\module_utils\facts\hardware\darwin.py,156,3,2,0,3
CLASS,DragonFlyHardwareCollector,D:\ansible\module_utils\facts\hardware\dragonfly.py,22,3,2,0,4
CLASS,FreeBSDHardware,D:\ansible\module_utils\facts\hardware\freebsd.py,30,10,2,7,206
CLASS,FreeBSDHardwareCollector,D:\ansible\module_utils\facts\hardware\freebsd.py,238,3,2,0,3
CLASS,HPUXHardware,D:\ansible\module_utils\facts\hardware\hpux.py,24,6,1,4,134
CLASS,HPUXHardwareCollector,D:\ansible\module_utils\facts\hardware\hpux.py,160,4,3,0,5
CLASS,HurdHardware,D:\ansible\module_utils\facts\hardware\hurd.py,23,3,1,1,25
CLASS,HurdHardwareCollector,D:\ansible\module_utils\facts\hardware\hurd.py,50,3,2,0,3
CLASS,LinuxHardware,D:\ansible\module_utils\facts\hardware\linux.py,56,31,6,24,847
CLASS,LinuxHardwareCollector,D:\ansible\module_utils\facts\hardware\linux.py,905,4,3,0,5
CLASS,NetBSDHardware,D:\ansible\module_utils\facts\hardware\netbsd.py,31,9,2,6,148
CLASS,NetBSDHardwareCollector,D:\ansible\module_utils\facts\hardware\netbsd.py,181,3,2,0,3
CLASS,OpenBSDHardware,D:\ansible\module_utils\facts\hardware\openbsd.py,30,9,1,7,149
CLASS,OpenBSDHardwareCollector,D:\ansible\module_utils\facts\hardware\openbsd.py,181,3,2,0,3
CLASS,SunOSHardware,D:\ansible\module_utils\facts\hardware\sunos.py,29,9,1,7,248
CLASS,SunOSHardwareCollector,D:\ansible\module_utils\facts\hardware\sunos.py,279,4,3,0,5
CLASS,AIXNetwork,D:\ansible\module_utils\facts\network\aix.py,24,5,1,3,116
CLASS,AIXNetworkCollector,D:\ansible\module_utils\facts\network\aix.py,142,3,2,0,3
CLASS,Network,D:\ansible\module_utils\facts\network\base.py,23,3,1,2,19
CLASS,NetworkCollector,D:\ansible\module_utils\facts\network\base.py,44,15,4,1,28
CLASS,DarwinNetwork,D:\ansible\module_utils\facts\network\darwin.py,22,3,1,1,22
CLASS,DarwinNetworkCollector,D:\ansible\module_utils\facts\network\darwin.py,46,3,2,0,3
CLASS,DragonFlyNetwork,D:\ansible\module_utils\facts\network\dragonfly.py,22,2,1,0,6
CLASS,DragonFlyNetworkCollector,D:\ansible\module_utils\facts\network\dragonfly.py,30,3,2,0,3
CLASS,FcWwnInitiatorFactCollector,D:\ansible\module_utils\facts\network\fc_wwn.py,29,4,2,1,78
CLASS,FreeBSDNetwork,D:\ansible\module_utils\facts\network\freebsd.py,22,2,1,0,6
CLASS,FreeBSDNetworkCollector,D:\ansible\module_utils\facts\network\freebsd.py,30,3,2,0,3
CLASS,GenericBsdIfconfigNetwork,D:\ansible\module_utils\facts\network\generic_bsd.py,25,19,1,17,296
CLASS,HPUXNetwork,D:\ansible\module_utils\facts\network\hpux.py,21,5,1,3,56
CLASS,HPUXNetworkCollector,D:\ansible\module_utils\facts\network\hpux.py,79,3,2,0,3
CLASS,HurdPfinetNetwork,D:\ansible\module_utils\facts\network\hurd.py,23,5,2,2,59
CLASS,HurdNetworkCollector,D:\ansible\module_utils\facts\network\hurd.py,84,3,2,0,3
CLASS,IscsiInitiatorNetworkCollector,D:\ansible\module_utils\facts\network\iscsi.py,29,5,2,2,85
CLASS,LinuxNetwork,D:\ansible\module_utils\facts\network\linux.py,29,13,2,5,330
CLASS,LinuxNetworkCollector,D:\ansible\module_utils\facts\network\linux.py,361,4,3,0,4
CLASS,NetBSDNetwork,D:\ansible\module_utils\facts\network\netbsd.py,22,3,1,1,21
CLASS,NetBSDNetworkCollector,D:\ansible\module_utils\facts\network\netbsd.py,45,3,2,0,3
CLASS,NvmeInitiatorNetworkCollector,D:\ansible\module_utils\facts\network\nvme.py,28,4,2,1,28
CLASS,OpenBSDNetwork,D:\ansible\module_utils\facts\network\openbsd.py,22,4,1,2,15
CLASS,OpenBSDNetworkCollector,D:\ansible\module_utils\facts\network\openbsd.py,39,3,2,0,3
CLASS,SunOSNetwork,D:\ansible\module_utils\facts\network\sunos.py,24,5,1,3,87
CLASS,SunOSNetworkCollector,D:\ansible\module_utils\facts\network\sunos.py,113,3,2,0,3
CLASS,FacterFactCollector,D:\ansible\module_utils\facts\other\facter.py,14,8,2,5,66
CLASS,OhaiFactCollector,D:\ansible\module_utils\facts\other\ohai.py,27,8,2,5,47
CLASS,ApparmorFactCollector,D:\ansible\module_utils\facts\system\apparmor.py,27,4,2,1,14
CLASS,SystemCapabilitiesFactCollector,D:\ansible\module_utils\facts\system\caps.py,25,5,2,1,36
CLASS,ChrootFactCollector,D:\ansible\module_utils\facts\system\chroot.py,43,4,2,1,6
CLASS,CmdLineFactCollector,D:\ansible\module_utils\facts\system\cmdline.py,27,7,2,4,54
CLASS,DateTimeFactCollector,D:\ansible\module_utils\facts\system\date_time.py,28,4,2,1,42
CLASS,DistributionFiles,D:\ansible\module_utils\facts\system\distribution.py,48,50,4,18,451
CLASS,Distribution,D:\ansible\module_utils\facts\system\distribution.py,501,41,2,11,206
CLASS,DistributionFactCollector,D:\ansible\module_utils\facts\system\distribution.py,709,7,2,1,17
CLASS,DnsFactCollector,D:\ansible\module_utils\facts\system\dns.py,25,4,2,1,43
CLASS,EnvFactCollector,D:\ansible\module_utils\facts\system\env.py,27,4,2,1,12
CLASS,FipsFactCollector,D:\ansible\module_utils\facts\system\fips.py,27,4,2,1,12
CLASS,LoadAvgFactCollector,D:\ansible\module_utils\facts\system\loadavg.py,13,4,2,1,18
CLASS,LocalFactCollector,D:\ansible\module_utils\facts\system\local.py,32,4,2,1,85
CLASS,LSBFactCollector,D:\ansible\module_utils\facts\system\lsb.py,28,7,3,3,80
CLASS,OpenBSDPkgMgrFactCollector,D:\ansible\module_utils\facts\system\pkg_mgr.py,51,5,3,1,7
CLASS,PkgMgrFactCollector,D:\ansible\module_utils\facts\system\pkg_mgr.py,61,10,4,5,76
CLASS,PlatformFactCollector,D:\ansible\module_utils\facts\system\platform.py,33,10,2,1,66
CLASS,PythonFactCollector,D:\ansible\module_utils\facts\system\python.py,34,4,2,1,28
CLASS,SelinuxFactCollector,D:\ansible\module_utils\facts\system\selinux.py,37,4,2,1,56
CLASS,ServiceMgrFactCollector,D:\ansible\module_utils\facts\system\service_mgr.py,39,7,3,3,115
CLASS,SshPubKeyFactCollector,D:\ansible\module_utils\facts\system\ssh_pub_keys.py,25,8,2,1,31
CLASS,SystemdFactCollector,D:\ansible\module_utils\facts\system\systemd.py,26,4,2,1,22
CLASS,UserFactCollector,D:\ansible\module_utils\facts\system\user.py,27,7,2,1,28
CLASS,Virtual,D:\ansible\module_utils\facts\virtual\base.py,26,4,1,3,31
CLASS,VirtualCollector,D:\ansible\module_utils\facts\virtual\base.py,59,9,3,1,21
CLASS,DragonFlyVirtualCollector,D:\ansible\module_utils\facts\virtual\dragonfly.py,21,3,2,0,4
CLASS,FreeBSDVirtual,D:\ansible\module_utils\facts\virtual\freebsd.py,24,3,1,1,50
CLASS,FreeBSDVirtualCollector,D:\ansible\module_utils\facts\virtual\freebsd.py,76,3,2,0,3
CLASS,HPUXVirtual,D:\ansible\module_utils\facts\virtual\hpux.py,24,3,1,1,43
CLASS,HPUXVirtualCollector,D:\ansible\module_utils\facts\virtual\hpux.py,69,3,2,0,3
CLASS,LinuxVirtual,D:\ansible\module_utils\facts\virtual\linux.py,26,3,1,1,374
CLASS,LinuxVirtualCollector,D:\ansible\module_utils\facts\virtual\linux.py,402,3,2,0,3
CLASS,NetBSDVirtual,D:\ansible\module_utils\facts\virtual\netbsd.py,24,3,1,1,44
CLASS,NetBSDVirtualCollector,D:\ansible\module_utils\facts\virtual\netbsd.py,70,3,2,0,3
CLASS,OpenBSDVirtual,D:\ansible\module_utils\facts\virtual\openbsd.py,26,4,2,1,43
CLASS,OpenBSDVirtualCollector,D:\ansible\module_utils\facts\virtual\openbsd.py,71,3,2,0,3
CLASS,SunOSVirtual,D:\ansible\module_utils\facts\virtual\sunos.py,23,3,1,1,111
CLASS,SunOSVirtualCollector,D:\ansible\module_utils\facts\virtual\sunos.py,136,3,2,0,3
CLASS,VirtualSysctlDetectionMixin,D:\ansible\module_utils\facts\virtual\sysctl.py,21,4,0,3,91
CLASS,X,D:\ansible\module_utils\six\__init__.py,69,2,0,1,4
CLASS,_LazyDescr,D:\ansible\module_utils\six\__init__.py,100,3,0,2,15
CLASS,MovedModule,D:\ansible\module_utils\six\__init__.py,117,4,0,3,19
CLASS,_LazyModule,D:\ansible\module_utils\six\__init__.py,138,4,1,2,13
CLASS,MovedAttribute,D:\ansible\module_utils\six\__init__.py,153,3,0,2,23
CLASS,_SixMetaPathImporter,D:\ansible\module_utils\six\__init__.py,178,13,1,11,72
CLASS,_MovedItems,D:\ansible\module_utils\six\__init__.py,255,2,1,0,4
CLASS,Module_six_moves_urllib_parse,D:\ansible\module_utils\six\__init__.py,350,1,0,0,3
CLASS,Module_six_moves_urllib_error,D:\ansible\module_utils\six\__init__.py,392,1,0,0,3
CLASS,Module_six_moves_urllib_request,D:\ansible\module_utils\six\__init__.py,412,1,0,0,3
CLASS,Module_six_moves_urllib_response,D:\ansible\module_utils\six\__init__.py,464,1,0,0,3
CLASS,Module_six_moves_urllib_robotparser,D:\ansible\module_utils\six\__init__.py,485,1,0,0,3
CLASS,Module_six_moves_urllib,D:\ansible\module_utils\six\__init__.py,503,8,6,1,12
CLASS,Iterator,D:\ansible\module_utils\six\__init__.py,590,2,0,1,4
CLASS,metaclass,D:\ansible\module_utils\six\__init__.py,872,3,0,2,16
CLASS,AnsibleJSONDecoder,D:\ansible\parsing\ajson.py,16,5,1,3,25
CLASS,DataLoader,D:\ansible\parsing\dataloader.py,33,23,0,23,447
CLASS,ModuleArgsParser,D:\ansible\parsing\mod_args.py,56,6,0,6,296
CLASS,AnsibleVaultError,D:\ansible\parsing\vault\__init__.py,72,2,0,0,2
CLASS,AnsibleVaultPasswordError,D:\ansible\parsing\vault\__init__.py,76,2,0,0,2
CLASS,AnsibleVaultFormatError,D:\ansible\parsing\vault\__init__.py,80,2,0,0,2
CLASS,VaultSecret,D:\ansible\parsing\vault\__init__.py,265,3,0,3,17
CLASS,PromptVaultSecret,D:\ansible\parsing\vault\__init__.py,284,7,1,5,49
CLASS,FileVaultSecret,D:\ansible\parsing\vault\__init__.py,376,6,0,5,49
CLASS,ScriptVaultSecret,D:\ansible\parsing\vault\__init__.py,427,5,0,4,39
CLASS,ClientScriptVaultSecret,D:\ansible\parsing\vault\__init__.py,468,7,1,5,46
CLASS,VaultLib,D:\ansible\parsing\vault\__init__.py,575,5,0,5,183
CLASS,VaultEditor,D:\ansible\parsing\vault\__init__.py,760,16,0,16,374
CLASS,VaultAES256,D:\ansible\parsing\vault\__init__.py,1140,9,0,9,153
CLASS,AnsibleConstructor,D:\ansible\parsing\yaml\constructor.py,33,9,0,8,113
CLASS,AnsibleDumper,D:\ansible\parsing\yaml\dumper.py,31,1,0,0,5
CLASS,AnsibleLoader,D:\ansible\parsing\yaml\loader.py,26,2,0,1,8
CLASS,AnsibleBaseYAMLObject,D:\ansible\parsing\yaml\objects.py,28,7,4,2,26
CLASS,AnsibleMapping,D:\ansible\parsing\yaml\objects.py,56,2,0,0,3
CLASS,AnsibleUnicode,D:\ansible\parsing\yaml\objects.py,61,2,0,0,3
CLASS,AnsibleSequence,D:\ansible\parsing\yaml\objects.py,66,2,0,0,3
CLASS,AnsibleVaultEncryptedUnicode,D:\ansible\parsing\yaml\objects.py,71,78,5,72,289
CLASS,Attribute,D:\ansible\playbook\attribute.py,25,11,0,11,115
CLASS,NonInheritableFieldAttribute,D:\ansible\playbook\attribute.py,142,1,0,0,2
CLASS,FieldAttribute,D:\ansible\playbook\attribute.py,146,3,0,2,33
CLASS,ConnectionFieldAttribute,D:\ansible\playbook\attribute.py,181,2,0,1,17
CLASS,_ClassProperty,D:\ansible\playbook\base.py,72,2,0,2,6
CLASS,FieldAttributeBase,D:\ansible\playbook\base.py,80,28,1,27,617
CLASS,Base,D:\ansible\playbook\base.py,699,27,23,3,78
CLASS,Block,D:\ansible\playbook\block.py,34,29,4,24,407
CLASS,CollectionSearch,D:\ansible\playbook\collectionsearch.py,35,3,1,1,28
CLASS,Conditional,D:\ansible\playbook\conditional.py,31,6,1,5,83
CLASS,Delegatable,D:\ansible\playbook\delegatable.py,9,3,2,1,9
CLASS,Handler,D:\ansible\playbook\handler.py,25,10,1,8,39
CLASS,HandlerTaskInclude,D:\ansible\playbook\handler_task_include.py,25,3,1,1,13
CLASS,IncludedFile,D:\ansible\playbook\included_file.py,35,5,0,5,191
CLASS,LoopControl,D:\ansible\playbook\loop_control.py,24,9,6,2,16
CLASS,Notifiable,D:\ansible\playbook\notifiable.py,9,1,1,0,2
CLASS,Play,D:\ansible\playbook\play.py,43,41,17,23,355
CLASS,PlaybookInclude,D:\ansible\playbook\playbook_include.py,40,7,2,4,130
CLASS,PlayContext,D:\ansible\playbook\play_context.py,66,32,24,7,265
CLASS,IncludeRole,D:\ansible\playbook\role_include.py,34,14,7,6,141
CLASS,Taggable,D:\ansible\playbook\taggable.py,37,4,2,2,54
CLASS,Task,D:\ansible\playbook\task.py,46,41,13,27,469
CLASS,TaskInclude,D:\ansible\playbook\task_include.py,32,13,4,6,94
CLASS,Playbook,D:\ansible\playbook\__init__.py,37,5,0,5,79
CLASS,RoleDefinition,D:\ansible\playbook\role\definition.py,42,11,1,9,197
CLASS,RoleInclude,D:\ansible\playbook\role\include.py,31,3,0,2,22
CLASS,RoleMetadata,D:\ansible\playbook\role\metadata.py,34,10,4,5,86
CLASS,RoleRequirement,D:\ansible\playbook\role\requirement.py,39,5,0,4,88
CLASS,Role,D:\ansible\playbook\role\__init__.py,99,30,0,29,605
CLASS,PluginPathContext,D:\ansible\plugins\loader.py,112,2,0,1,4
CLASS,PluginLoadContext,D:\ansible\plugins\loader.py,118,7,0,6,80
CLASS,PluginLoader,D:\ansible\plugins\loader.py,200,28,1,27,906
CLASS,Jinja2Loader,D:\ansible\plugins\loader.py,1108,9,0,8,258
CLASS,AnsiblePlugin,D:\ansible\plugins\__init__.py,51,14,1,11,79
CLASS,AnsibleJinja2Plugin,D:\ansible\plugins\__init__.py,132,6,1,4,19
CLASS,ActionModule,D:\ansible\plugins\action\add_host.py,33,5,3,1,63
CLASS,ActionModule,D:\ansible\plugins\action\assemble.py,35,4,1,2,131
CLASS,ActionModule,D:\ansible\plugins\action\assert.py,26,4,2,1,69
CLASS,ActionModule,D:\ansible\plugins\action\async_status.py,10,3,0,2,42
CLASS,ActionModule,D:\ansible\plugins\action\command.py,10,2,0,1,17
CLASS,ActionModule,D:\ansible\plugins\action\copy.py,202,7,1,5,401
CLASS,ActionModule,D:\ansible\plugins\action\debug.py,26,5,3,1,60
CLASS,ActionModule,D:\ansible\plugins\action\dnf.py,14,3,1,1,70
CLASS,ActionModule,D:\ansible\plugins\action\fail.py,23,5,3,1,21
CLASS,ActionModule,D:\ansible\plugins\action\fetch.py,33,2,0,1,180
CLASS,ActionModule,D:\ansible\plugins\action\gather_facts.py,17,5,1,3,159
CLASS,ActionModule,D:\ansible\plugins\action\group_by.py,23,5,3,1,29
CLASS,ActionModule,D:\ansible\plugins\action\include_vars.py,18,17,6,10,273
CLASS,ActionModule,D:\ansible\plugins\action\normal.py,24,4,2,1,26
CLASS,ActionModule,D:\ansible\plugins\action\package.py,29,4,2,1,83
CLASS,ActionModule,D:\ansible\plugins\action\pause.py,30,3,1,1,118
CLASS,ActionModule,D:\ansible\plugins\action\raw.py,22,3,1,1,28
CLASS,TimedOutException,D:\ansible\plugins\action\reboot.py,21,2,0,0,2
CLASS,ActionModule,D:\ansible\plugins\action\reboot.py,25,64,17,16,461
CLASS,ActionModule,D:\ansible\plugins\action\script.py,29,4,2,1,146
CLASS,ActionModule,D:\ansible\plugins\action\service.py,25,6,3,1,78
CLASS,ActionModule,D:\ansible\plugins\action\set_fact.py,29,4,2,1,40
CLASS,ActionModule,D:\ansible\plugins\action\set_stats.py,25,5,3,1,52
CLASS,ActionModule,D:\ansible\plugins\action\shell.py,10,2,0,1,23
CLASS,ActionModule,D:\ansible\plugins\action\template.py,31,4,2,1,170
CLASS,ActionModule,D:\ansible\plugins\action\unarchive.py,28,3,1,1,83
CLASS,ActionModule,D:\ansible\plugins\action\uri.py,17,3,1,1,76
CLASS,ActionModule,D:\ansible\plugins\action\validate_argument_spec.py,12,5,2,2,81
CLASS,TimedOutException,D:\ansible\plugins\action\wait_for_connection.py,31,2,0,0,2
CLASS,ActionModule,D:\ansible\plugins\action\wait_for_connection.py,35,9,6,2,85
CLASS,ActionBase,D:\ansible\plugins\action\__init__.py,52,43,6,36,1384
CLASS,BecomeModule,D:\ansible\plugins\become\runas.py,67,3,1,1,8
CLASS,BecomeModule,D:\ansible\plugins\become\su.py,100,38,3,2,68
CLASS,BecomeModule,D:\ansible\plugins\become\sudo.py,83,5,3,1,38
CLASS,BecomeBase,D:\ansible\plugins\become\__init__.py,23,16,5,10,85
CLASS,CacheModule,D:\ansible\plugins\cache\jsonfile.py,50,3,0,2,13
CLASS,CacheModule,D:\ansible\plugins\cache\memory.py,22,11,0,10,31
CLASS,BaseCacheModule,D:\ansible\plugins\cache\__init__.py,41,10,1,8,36
CLASS,BaseFileCacheModule,D:\ansible\plugins\cache\__init__.py,79,15,0,14,203
CLASS,CachePluginAdjudicator,D:\ansible\plugins\cache\__init__.py,284,19,0,18,93
CLASS,CallbackModule,D:\ansible\plugins\callback\default.py,30,30,3,26,379
CLASS,CallbackModule,D:\ansible\plugins\callback\junit.py,101,22,4,17,224
CLASS,TaskData,D:\ansible\plugins\callback\junit.py,327,2,0,2,24
CLASS,HostData,D:\ansible\plugins\callback\junit.py,353,1,0,1,11
CLASS,CallbackModule,D:\ansible\plugins\callback\minimal.py,22,10,3,6,57
CLASS,CallbackModule,D:\ansible\plugins\callback\oneline.py,20,9,3,5,56
CLASS,CallbackModule,D:\ansible\plugins\callback\tree.py,38,11,4,6,48
CLASS,_AnsibleCallbackDumper,D:\ansible\plugins\callback\__init__.py,58,3,0,2,10
CLASS,_SpecialCharacterTranslator,D:\ansible\plugins\callback\__init__.py,79,1,0,1,13
CLASS,CallbackBase,D:\ansible\plugins\callback\__init__.py,135,66,1,64,474
CLASS,CliconfBase,D:\ansible\plugins\cliconf\__init__.py,45,25,1,23,431
CLASS,Connection,D:\ansible\plugins\connection\local.py,40,9,2,6,155
CLASS,MyAddPolicy,D:\ansible\plugins\connection\paramiko_ssh.py,274,3,0,2,38
CLASS,Connection,D:\ansible\plugins\connection\paramiko_ssh.py,323,16,1,13,377
CLASS,Connection,D:\ansible\plugins\connection\psrp.py,341,17,5,10,570
CLASS,AnsibleControlPersistBrokenPipeError,D:\ansible\plugins\connection\ssh.py,412,2,0,0,3
CLASS,Connection,D:\ansible\plugins\connection\ssh.py,561,22,2,19,844
CLASS,Connection,D:\ansible\plugins\connection\winrm.py,241,23,5,17,655
CLASS,ConnectionBase,D:\ansible\plugins\connection\__init__.py,49,26,8,16,238
CLASS,NetworkConnectionBase,D:\ansible\plugins\connection\__init__.py,289,15,2,12,129
CLASS,ModuleDocFragment,D:\ansible\plugins\doc_fragments\action_common_attributes.py,7,8,7,0,64
CLASS,ModuleDocFragment,D:\ansible\plugins\doc_fragments\action_core.py,8,4,3,0,72
CLASS,ModuleDocFragment,D:\ansible\plugins\doc_fragments\backup.py,8,2,1,0,12
CLASS,ModuleDocFragment,D:\ansible\plugins\doc_fragments\connection_pipelining.py,6,2,1,0,25
CLASS,ModuleDocFragment,D:\ansible\plugins\doc_fragments\constructed.py,8,2,1,0,75
CLASS,ModuleDocFragment,D:\ansible\plugins\doc_fragments\decrypt.py,8,2,1,0,12
CLASS,ModuleDocFragment,D:\ansible\plugins\doc_fragments\default_callback.py,8,2,1,0,85
CLASS,ModuleDocFragment,D:\ansible\plugins\doc_fragments\files.py,8,2,1,0,84
CLASS,ModuleDocFragment,D:\ansible\plugins\doc_fragments\inventory_cache.py,8,2,1,0,66
CLASS,ModuleDocFragment,D:\ansible\plugins\doc_fragments\result_format_callback.py,8,2,1,0,42
CLASS,ModuleDocFragment,D:\ansible\plugins\doc_fragments\return_common.py,8,2,1,0,34
CLASS,ModuleDocFragment,D:\ansible\plugins\doc_fragments\shell_common.py,6,2,1,0,92
CLASS,ModuleDocFragment,D:\ansible\plugins\doc_fragments\shell_windows.py,6,2,1,0,45
CLASS,ModuleDocFragment,D:\ansible\plugins\doc_fragments\template_common.py,9,2,1,0,112
CLASS,ModuleDocFragment,D:\ansible\plugins\doc_fragments\url.py,8,2,1,0,67
CLASS,ModuleDocFragment,D:\ansible\plugins\doc_fragments\url_windows.py,9,1,1,0,141
CLASS,ModuleDocFragment,D:\ansible\plugins\doc_fragments\validate.py,8,2,1,0,13
CLASS,ModuleDocFragment,D:\ansible\plugins\doc_fragments\vars_plugin_staging.py,9,2,1,0,15
CLASS,FilterModule,D:\ansible\plugins\filter\core.py,602,2,0,1,93
CLASS,FilterModule,D:\ansible\plugins\filter\encryption.py,85,2,0,1,10
CLASS,FilterModule,D:\ansible\plugins\filter\mathstuff.py,217,2,0,1,34
CLASS,FilterModule,D:\ansible\plugins\filter\urls.py,13,2,0,1,7
CLASS,FilterModule,D:\ansible\plugins\filter\urlsplit.py,80,2,0,1,7
CLASS,AnsibleJinja2Filter,D:\ansible\plugins\filter\__init__.py,10,2,0,1,4
CLASS,HttpApiBase,D:\ansible\plugins\httpapi\__init__.py,11,8,0,7,76
CLASS,InventoryModule,D:\ansible\plugins\inventory\advanced_host_list.py,30,4,1,2,33
CLASS,InventoryModule,D:\ansible\plugins\inventory\auto.py,29,4,1,2,34
CLASS,InventoryModule,D:\ansible\plugins\inventory\constructed.py,94,8,1,6,85
CLASS,InventoryModule,D:\ansible\plugins\inventory\generator.py,82,7,1,5,53
CLASS,InventoryModule,D:\ansible\plugins\inventory\host_list.py,34,4,1,2,32
CLASS,InventoryModule,D:\ansible\plugins\inventory\ini.py,87,15,3,11,309
CLASS,InventoryModule,D:\ansible\plugins\inventory\script.py,168,7,1,5,154
CLASS,AnsibleTomlEncoder,D:\ansible\plugins\inventory\toml.py,134,2,0,1,10
CLASS,InventoryModule,D:\ansible\plugins\inventory\toml.py,193,6,1,4,105
CLASS,InventoryModule,D:\ansible\plugins\inventory\yaml.py,80,7,1,5,103
CLASS,BaseInventoryPlugin,D:\ansible\plugins\inventory\__init__.py,148,10,2,7,132
CLASS,BaseFileInventoryPlugin,D:\ansible\plugins\inventory\__init__.py,282,3,1,1,8
CLASS,Cacheable,D:\ansible\plugins\inventory\__init__.py,292,9,1,7,38
CLASS,Constructable,D:\ansible\plugins\inventory\__init__.py,332,5,0,4,130
CLASS,MissingSetting,D:\ansible\plugins\lookup\config.py,93,2,0,0,2
CLASS,LookupModule,D:\ansible\plugins\lookup\config.py,127,2,0,1,44
CLASS,CSVRecoder,D:\ansible\plugins\lookup\csvfile.py,100,4,1,3,14
CLASS,CSVReader,D:\ansible\plugins\lookup\csvfile.py,116,4,1,3,22
CLASS,LookupModule,D:\ansible\plugins\lookup\csvfile.py,140,3,0,2,66
CLASS,LookupModule,D:\ansible\plugins\lookup\dict.py,61,2,0,1,16
CLASS,LookupModule,D:\ansible\plugins\lookup\env.py,66,2,0,1,14
CLASS,LookupModule,D:\ansible\plugins\lookup\file.py,63,2,0,1,28
CLASS,LookupModule,D:\ansible\plugins\lookup\fileglob.py,58,2,0,1,28
CLASS,LookupModule,D:\ansible\plugins\lookup\first_found.py,164,3,0,2,82
CLASS,LookupModule,D:\ansible\plugins\lookup\indexed_items.py,40,3,0,2,12
CLASS,LookupModule,D:\ansible\plugins\lookup\ini.py,124,3,0,2,87
CLASS,LookupModule,D:\ansible\plugins\lookup\inventory_hostnames.py,41,2,0,1,12
CLASS,LookupModule,D:\ansible\plugins\lookup\items.py,68,2,0,1,5
CLASS,LookupModule,D:\ansible\plugins\lookup\lines.py,50,2,0,1,13
CLASS,LookupModule,D:\ansible\plugins\lookup\list.py,38,2,0,1,6
CLASS,LookupModule,D:\ansible\plugins\lookup\nested.py,56,3,0,2,29
CLASS,LookupModule,D:\ansible\plugins\lookup\password.py,300,3,0,2,119
CLASS,LookupModule,D:\ansible\plugins\lookup\pipe.py,53,2,0,1,22
CLASS,LookupModule,D:\ansible\plugins\lookup\random_choice.py,41,2,0,1,12
CLASS,LookupModule,D:\ansible\plugins\lookup\sequence.py,103,7,0,6,135
CLASS,LookupModule,D:\ansible\plugins\lookup\subelements.py,95,2,0,1,74
CLASS,LookupModule,D:\ansible\plugins\lookup\template.py,100,2,0,1,73
CLASS,LookupModule,D:\ansible\plugins\lookup\together.py,44,3,0,2,24
CLASS,LookupModule,D:\ansible\plugins\lookup\unvault.py,43,2,0,1,23
CLASS,LookupModule,D:\ansible\plugins\lookup\url.py,228,2,0,1,48
CLASS,LookupModule,D:\ansible\plugins\lookup\varnames.py,53,2,0,1,26
CLASS,LookupModule,D:\ansible\plugins\lookup\vars.py,74,2,0,1,32
CLASS,LookupBase,D:\ansible\plugins\lookup\__init__.py,31,9,0,8,98
CLASS,NetconfBase,D:\ansible\plugins\netconf\__init__.py,56,25,1,22,317
CLASS,ShellModule,D:\ansible\plugins\shell\cmd.py,23,7,5,1,34
CLASS,ShellModule,D:\ansible\plugins\shell\powershell.py,59,23,5,17,228
CLASS,ShellModule,D:\ansible\plugins\shell\sh.py,21,14,12,1,58
CLASS,ShellBase,D:\ansible\plugins\shell\__init__.py,36,22,0,21,204
CLASS,StrategyModule,D:\ansible\plugins\strategy\debug.py,29,2,0,1,4
CLASS,StrategyModule,D:\ansible\plugins\strategy\free.py,47,4,1,2,268
CLASS,StrategyModule,D:\ansible\plugins\strategy\host_pinned.py,39,2,0,1,5
CLASS,StrategyModule,D:\ansible\plugins\strategy\linear.py,47,4,0,3,365
CLASS,StrategySentinel,D:\ansible\plugins\strategy\__init__.py,71,1,0,0,2
CLASS,StrategyBase,D:\ansible\plugins\strategy\__init__.py,223,24,1,23,915
CLASS,NextAction,D:\ansible\plugins\strategy\__init__.py,1140,5,3,1,8
CLASS,Debugger,D:\ansible\plugins\strategy\__init__.py,1150,19,7,11,101
CLASS,TerminalBase,D:\ansible\plugins\terminal\__init__.py,28,19,6,9,105
CLASS,TestModule,D:\ansible\plugins\test\core.py,240,2,0,1,46
CLASS,TestModule,D:\ansible\plugins\test\files.py,23,2,0,1,23
CLASS,TestModule,D:\ansible\plugins\test\mathstuff.py,46,1,0,1,16
CLASS,TestModule,D:\ansible\plugins\test\uri.py,35,2,0,1,10
CLASS,AnsibleJinja2Test,D:\ansible\plugins\test\__init__.py,9,2,0,1,4
CLASS,VarsModule,D:\ansible\plugins\vars\host_group_vars.py,69,5,2,2,84
CLASS,BaseVarsPlugin,D:\ansible\plugins\vars\__init__.py,27,4,1,2,15
CLASS,Json2Python,D:\ansible\template\native_helpers.py,24,2,0,1,5
CLASS,AnsibleJ2Template,D:\ansible\template\template.py,25,2,0,1,19
CLASS,AnsibleJ2Vars,D:\ansible\template\vars.py,26,4,0,3,52
CLASS,AnsibleUndefined,D:\ansible\template\__init__.py,315,5,0,4,27
CLASS,AnsibleContext,D:\ansible\template\__init__.py,344,6,0,5,71
CLASS,JinjaPluginIntercept,D:\ansible\template\__init__.py,417,7,0,6,76
CLASS,AnsibleEnvironment,D:\ansible\template\__init__.py,533,5,3,1,19
CLASS,AnsibleNativeEnvironment,D:\ansible\template\__init__.py,554,3,1,1,6
CLASS,Templar,D:\ansible\template\__init__.py,562,19,2,17,465
CLASS,_ABCSingleton,D:\ansible\utils\context_objects.py,50,2,0,0,8
CLASS,CLIArgs,D:\ansible\utils\context_objects.py,60,3,0,2,20
CLASS,GlobalCLIArgs,D:\ansible\utils\context_objects.py,83,3,0,0,7
CLASS,FilterBlackList,D:\ansible\utils\display.py,127,3,0,2,6
CLASS,FilterUserInjector,D:\ansible\utils\display.py,135,6,0,1,15
CLASS,Display,D:\ansible\utils\display.py,261,36,0,35,601
CLASS,BaseHash,D:\ansible\utils\encrypt.py,65,8,2,1,11
CLASS,PasslibHash,D:\ansible\utils\encrypt.py,78,7,0,6,90
CLASS,JsonRpcServer,D:\ansible\utils\jsonrpc.py,18,12,1,10,95
CLASS,NativeJinjaText,D:\ansible\utils\native_jinja.py,10,2,0,0,2
CLASS,Sentinel,D:\ansible\utils\sentinel.py,7,1,0,1,60
CLASS,Singleton,D:\ansible\utils\singleton.py,9,3,0,2,19
CLASS,AnsibleUnsafe,D:\ansible\utils\unsafe_proxy.py,66,2,1,0,2
CLASS,AnsibleUnsafeBytes,D:\ansible\utils\unsafe_proxy.py,70,2,0,1,4
CLASS,AnsibleUnsafeText,D:\ansible\utils\unsafe_proxy.py,76,2,0,1,4
CLASS,NativeJinjaUnsafeText,D:\ansible\utils\unsafe_proxy.py,82,2,0,0,2
CLASS,_Alpha,D:\ansible\utils\version.py,38,8,0,8,41
CLASS,_Numeric,D:\ansible\utils\version.py,81,8,0,8,41
CLASS,SemanticVersion,D:\ansible\utils\version.py,124,16,1,14,145
CLASS,TestResult,D:\ansible\utils\_junit_xml.py,19,9,0,4,29
CLASS,TestFailure,D:\ansible\utils\_junit_xml.py,51,3,0,1,7
CLASS,TestError,D:\ansible\utils\_junit_xml.py,61,3,0,1,7
CLASS,TestCase,D:\ansible\utils\_junit_xml.py,71,17,0,5,59
CLASS,TestSuite,D:\ansible\utils\_junit_xml.py,133,19,0,9,80
CLASS,TestSuites,D:\ansible\utils\_junit_xml.py,216,11,0,8,53
CLASS,_EventSource,D:\ansible\utils\collection_loader\_collection_config.py,13,5,0,5,29
CLASS,_AnsibleCollectionConfig,D:\ansible\utils\collection_loader\_collection_config.py,44,12,0,11,53
CLASS,AnsibleCollectionConfig,D:\ansible\utils\collection_loader\_collection_config.py,101,3,0,0,2
CLASS,_AnsibleNSTraversable,D:\ansible\utils\collection_loader\_collection_finder.py,105,8,1,7,53
CLASS,_AnsibleTraversableResources,D:\ansible\utils\collection_loader\_collection_finder.py,160,8,0,7,77
CLASS,_AnsibleCollectionFinder,D:\ansible\utils\collection_loader\_collection_finder.py,239,10,0,10,166
CLASS,_AnsiblePathHookFinder,D:\ansible\utils\collection_loader\_collection_finder.py,410,8,1,7,86
CLASS,_AnsibleCollectionPkgLoaderBase,D:\ansible\utils\collection_loader\_collection_finder.py,498,20,1,19,214
CLASS,_AnsibleCollectionRootPkgLoader,D:\ansible\utils\collection_loader\_collection_finder.py,714,2,0,1,5
CLASS,_AnsibleCollectionNSPkgLoader,D:\ansible\utils\collection_loader\_collection_finder.py,727,3,0,2,10
CLASS,_AnsibleCollectionPkgLoader,D:\ansible\utils\collection_loader\_collection_finder.py,740,8,0,7,77
CLASS,_AnsibleCollectionLoader,D:\ansible\utils\collection_loader\_collection_finder.py,820,6,2,3,66
CLASS,_AnsibleInternalRedirectLoader,D:\ansible\utils\collection_loader\_collection_finder.py,890,5,0,5,47
CLASS,AnsibleCollectionRef,D:\ansible\utils\collection_loader\_collection_finder.py,939,11,3,8,184
CLASS,FactCache,D:\ansible\vars\fact_cache.py,19,12,0,11,53
CLASS,HostVars,D:\ansible\vars\hostvars.py,30,16,0,15,80
CLASS,HostVarsVars,D:\ansible\vars\hostvars.py,112,7,0,6,23
CLASS,VariableManager,D:\ansible\vars\manager.py,69,15,1,13,675
CLASS,VarsWithSources,D:\ansible\vars\manager.py,746,14,0,13,66
