Kind,understandname,file,AvgCyclomatic,AvgCyclomaticModified,AvgCyclomaticStrict,AvgEssential,AvgLine,AvgLineBlank,AvgLineCode,AvgLineComment,CountClassBase,CountClassCoupled,CountClassCoupledModified,CountClassDerived,CountDeclInstanceMethod,CountDeclInstanceVariable,CountDeclMethod,CountDeclMethodAll,CountLine,CountLineBlank,CountLineCode,CountLineCodeDecl,CountLineCodeExe,CountLineComment,CountStmt,CountStmtDecl,CountStmtExe,MaxCyclomatic,MaxCyclomaticModified,MaxCyclomaticStrict,MaxEssential,MaxInheritanceTree,MaxNesting,RatioCommentToCode,SumCyclomatic,SumCyclomaticModified,SumCyclomaticStrict,SumEssential,number of parameter,"number of parameter without *args, **kargs",lineno,CLOC,cohesion,smell
Class,tornado.gen.Runner,D:\thesis2\9 project\tornado\tornado\tornado\gen.py,3,3,3,1,15,0,13,1,1,13,8,0,10,11,10,10,192,19,145,31,132,28,127,29,114,11,11,13,8,1,4,0.19,38,38,46,22,0,0,792,11,32.73,no
Abstract Class,tornado.iostream.BaseIOStream,D:\thesis2\9 project\tornado\tornado\tornado\iostream.py,3,3,4,2,21,1,12,7,1,9,3,2,36,29,36,36,826,75,453,101,413,298,415,94,377,15,15,16,12,1,4,0.66,139,139,158,78,0,0,110,37,10.92,yes
Class,tornado.queues.Queue,D:\thesis2\9 project\tornado\tornado\tornado\queues.py,1,1,2,1,7,0,5,1,1,6,4,2,19,6,19,19,213,38,105,32,84,72,98,31,78,5,5,5,3,1,1,0.69,36,36,38,25,0,0,47,20,21.05,no
Class,tornado.web._RequestDispatcher,D:\thesis2\9 project\tornado\tornado\tornado\web.py,2,2,2,1,12,0,10,2,1,7,5,0,8,10,8,8,111,9,83,26,74,19,68,26,59,7,7,7,4,1,4,0.23,22,22,22,11,0,0,1911,9,50.0,no
Class,tornado.platform.posix.Waker,D:\thesis2\9 project\tornado\tornado\tornado\platform\posix.py,1,1,1,1,4,0,4,0,1,1,0,0,6,2,6,11,34,5,29,11,22,0,29,11,22,4,4,4,4,2,3,0.0,10,10,10,9,0,0,37,7,66.67,no
Class,tornado.test.escape_test.EscapeTestCase,D:\thesis2\9 project\tornado\tornado\tornado\test\escape_test.py,1,1,1,1,9,0,7,2,1,2,0,0,11,0,11,11,111,14,84,26,72,22,53,26,41,2,2,2,1,1,1,0.26,17,17,17,11,0,0,135,12,0.0,no
Class,tornado.test.httpserver_test.UnixSocketTest,D:\thesis2\9 project\tornado\tornado\tornado\test\httpserver_test.py,1,1,1,1,8,0,8,0,1,8,6,0,4,4,4,13,47,5,33,15,28,9,33,15,28,1,1,1,1,2,1,0.27,4,4,4,4,0,0,535,7,65.0,no
Abstract Class,tornado.test.iostream_test.TestIOStreamMixin,D:\thesis2\9 project\tornado\tornado\tornado\test\iostream_test.py,1,1,1,1,13,0,10,2,1,6,4,3,31,2,31,31,614,54,454,122,401,107,415,116,367,3,3,4,1,1,3,0.24,54,54,55,47,0,0,162,32,37.1,no
Class,tornado.test.queues_test.QueueGetTest,D:\thesis2\9 project\tornado\tornado\tornado\test\queues_test.py,1,1,1,1,7,0,7,0,1,2,1,0,9,0,9,18,81,9,71,36,54,5,64,29,54,2,2,2,1,2,1,0.07,11,11,11,9,0,0,75,10,11.11,no
Class,tornado.test.testing_test.GenTest,D:\thesis2\9 project\tornado\tornado\tornado\test\testing_test.py,1,1,1,1,5,0,4,0,1,1,0,0,10,1,10,19,90,18,64,29,39,8,54,21,37,2,2,2,1,2,2,0.12,17,17,17,16,0,0,140,11,85.0,no
Class,tornado.test.web_test.WSGISafeWebTest,D:\thesis2\9 project\tornado\tornado\tornado\test\web_test.py,1,1,1,1,10,0,9,0,1,15,13,0,21,0,21,43,234,31,195,52,158,8,119,52,97,2,2,2,1,4,1,0.04,23,23,23,21,0,0,618,24,7.14,no
Class,benchmarks.fftpack_basic.RFft,D:\thesis2\9 project\scipy\scipy\benchmarks\benchmarks\fftpack_basic.py,1,1,1,1,4,0,4,0,1,0,0,0,3,1,3,3,21,3,18,7,14,0,13,7,9,2,2,2,1,2,1,0.0,5,5,5,3,0,0,69,8,33.33,no
Class,benchmarks.optimize_zeros.Zeros,D:\thesis2\9 project\scipy\scipy\benchmarks\benchmarks\optimize_zeros.py,1,1,1,1,4,0,3,0,1,0,0,0,2,4,2,2,16,3,13,9,10,0,10,9,7,1,1,1,1,2,0,0.0,2,2,2,2,0,0,14,7,70.0,no
Class,benchmarks.spatial.Query,D:\thesis2\9 project\scipy\scipy\benchmarks\benchmarks\spatial.py,1,1,1,1,7,1,5,1,1,1,1,0,2,4,3,3,33,6,23,12,18,4,16,11,12,3,3,3,1,2,1,0.17,5,5,5,3,0,0,44,8,33.33,no
Class,test_hierarchy.TestFcluster,D:\thesis2\9 project\scipy\scipy\scipy\cluster\tests\test_hierarchy.py,2,2,2,1,5,0,5,0,1,0,0,0,7,0,7,7,48,6,40,23,32,2,40,23,32,4,4,4,1,1,1,0.05,15,15,15,7,0,0,154,8,14.29,no
Class,test_basic._TestIRFFTBase,D:\thesis2\9 project\scipy\scipy\scipy\fftpack\tests\test_basic.py,1,1,1,1,9,0,8,0,1,2,0,2,6,1,6,6,65,8,56,31,47,1,53,30,44,4,4,4,1,1,2,0.02,13,13,13,7,0,0,340,7,41.67,no
Class,scipy.integrate._ode.vode,D:\thesis2\9 project\scipy\scipy\scipy\integrate\_ode.py,5,5,5,2,28,3,21,5,1,3,0,1,6,16,6,12,194,27,141,52,124,34,101,42,94,12,12,12,9,2,3,0.24,30,30,32,16,0,0,677,17,29.55,no
Class,test_quadpack.TestNQuad,D:\thesis2\9 project\scipy\scipy\scipy\integrate\tests\test_quadpack.py,1,1,1,1,5,0,4,0,1,1,0,0,10,0,10,10,134,34,100,53,65,0,91,53,56,2,2,2,1,1,1,0.0,37,37,37,34,0,0,227,11,0.0,no
Class,test_interpolate.TestBPolyFromDerivatives,D:\thesis2\9 project\scipy\scipy\scipy\interpolate\tests\test_interpolate.py,1,1,1,1,8,0,6,0,1,4,1,0,15,0,15,15,144,28,105,68,89,14,103,68,87,3,3,3,1,1,2,0.13,22,22,22,15,0,0,1163,16,0.0,no
Class,scipy.io.netcdf.netcdf_variable,D:\thesis2\9 project\scipy\scipy\scipy\io\netcdf.py,1,1,2,1,11,1,4,5,1,5,0,0,10,6,10,10,173,30,48,21,37,95,46,21,35,5,5,6,1,1,2,1.98,17,17,20,10,0,0,763,13,22.22,no
Class,scipy.io.matlab.mio5.MatFile5Reader,D:\thesis2\9 project\scipy\scipy\scipy\io\matlab\mio5.py,3,3,3,1,24,1,15,7,1,7,2,0,8,3,8,12,222,25,125,44,105,72,94,32,85,11,11,12,5,2,3,0.58,25,25,28,14,0,0,110,9,33.33,no
Class,test_basic.TestInv,D:\thesis2\9 project\scipy\scipy\scipy\linalg\tests\test_basic.py,1,1,1,1,6,0,6,0,1,0,0,0,6,0,6,6,45,5,40,21,33,0,34,21,27,3,3,3,1,1,2,0.0,10,10,10,6,0,0,616,7,0.0,no
Class,test_decomp.TestSVD,D:\thesis2\9 project\scipy\scipy\scipy\linalg\tests\test_decomp.py,3,3,3,1,9,0,9,0,1,1,0,0,10,0,10,10,106,9,94,58,83,3,94,58,83,5,5,5,1,1,4,0.03,31,31,31,10,0,0,793,11,0.0,no
Class,test_fblas.BaseCopy,D:\thesis2\9 project\scipy\scipy\scipy\linalg\tests\test_fblas.py,1,1,1,1,6,0,6,0,1,0,0,4,6,0,6,6,46,6,37,19,30,5,37,19,30,2,2,2,1,1,1,0.14,8,8,8,6,0,0,194,7,100.0,no
Class,test_special_matrices.TestPascal,D:\thesis2\9 project\scipy\scipy\scipy\linalg\tests\test_special_matrices.py,1,1,1,1,5,0,4,1,1,0,0,0,4,0,4,4,49,5,40,9,35,4,20,9,15,2,2,2,1,1,1,0.1,5,5,5,4,0,0,482,25,25.0,no
Class,scipy.optimize._differentialevolution.DifferentialEvolutionSolver,D:\thesis2\9 project\scipy\scipy\scipy\optimize\_differentialevolution.py,2,2,3,2,23,3,14,5,1,4,1,0,15,19,15,15,475,72,235,78,214,168,168,73,152,15,15,17,9,1,4,0.71,43,43,54,31,0,0,205,26,21.75,no
Class,test_nonlin.TestNonlinOldTests,D:\thesis2\9 project\scipy\scipy\scipy\optimize\tests\test_nonlin.py,1,1,1,1,4,0,4,0,1,0,0,0,12,0,12,12,73,12,57,25,44,4,47,25,34,1,1,1,1,1,0,0.07,12,12,12,12,0,0,361,13,0.0,no
Class,scipy.signal.ltisys.TransferFunction,D:\thesis2\9 project\scipy\scipy\scipy\signal\ltisys.py,1,1,1,1,7,1,3,3,1,3,2,0,11,4,11,36,127,28,44,19,28,55,35,15,23,2,2,3,1,2,1,1.25,14,14,15,11,0,0,501,12,28.57,no
Class,test_ltisys.TestLsim,D:\thesis2\9 project\scipy\scipy\scipy\signal\tests\test_ltisys.py,1,1,1,1,10,0,9,1,1,2,2,0,7,0,7,7,83,7,66,52,58,10,66,52,58,1,1,1,1,1,1,0.15,7,7,7,7,0,0,306,8,0.0,no
Class,test_signaltools._TestLinearFilter,D:\thesis2\9 project\scipy\scipy\scipy\signal\tests\test_signaltools.py,1,1,1,1,14,1,12,1,1,2,0,8,21,1,21,21,335,47,266,140,244,22,260,139,238,3,3,3,1,1,2,0.08,27,27,27,21,0,0,497,22,0.0,no
Class,test_wavelets.TestWavelets,D:\thesis2\9 project\scipy\scipy\scipy\signal\tests\test_wavelets.py,1,1,1,1,19,2,15,1,1,1,0,0,6,0,6,6,121,20,91,33,84,10,87,33,80,3,3,3,1,1,2,0.11,11,11,11,6,0,0,11,7,0.0,no
Abstract Class,scipy.sparse.linalg.interface.LinearOperator,D:\thesis2\9 project\scipy\scipy\scipy\sparse\linalg\interface.py,2,2,2,1,13,2,6,4,1,11,5,20,21,2,21,21,384,87,135,37,113,162,112,37,90,5,5,7,5,1,2,1.2,46,46,51,35,0,0,53,24,13.33,no
Class,test_base._TestCommon,D:\thesis2\9 project\scipy\scipy\scipy\sparse\tests\test_base.py,2,2,2,1,22,2,18,2,0,26,13,0,66,4,66,66,1567,234,1178,477,1082,165,1120,474,1027,9,9,11,7,0,5,0.14,191,191,196,111,0,0,181,67,21.21,yes
Class,test_base.Test64Bit,D:\thesis2\9 project\scipy\scipy\scipy\sparse\tests\test_base.py,2,2,2,1,10,1,8,1,1,7,5,0,11,0,11,11,149,29,104,47,81,16,86,41,69,4,4,8,4,1,3,0.15,33,33,42,21,0,0,3968,18,12.12,no
Class,test_distance.TestNumObsDM,D:\thesis2\9 project\scipy\scipy\scipy\spatial\tests\test_distance.py,1,1,1,1,3,0,2,0,1,1,0,0,8,0,8,8,33,8,23,13,14,2,23,13,14,3,3,3,1,1,2,0.09,10,10,10,8,0,0,1326,9,0.0,no
Class,test_basic.TestTrigonometric,D:\thesis2\9 project\scipy\scipy\scipy\special\tests\test_basic.py,1,1,1,1,5,0,5,0,1,0,0,0,11,0,11,11,67,10,56,31,44,1,56,31,44,1,1,1,1,1,0,0.02,11,11,11,11,0,0,1223,12,0.0,no
Class,test_orthogonal_eval.TestPolys,D:\thesis2\9 project\scipy\scipy\scipy\special\tests\test_orthogonal_eval.py,1,1,1,1,5,0,5,0,1,4,1,0,16,0,16,16,112,21,88,30,69,5,64,29,46,5,5,5,1,1,3,0.06,21,21,21,17,0,0,36,17,0.0,no
Class,scipy.stats._continuous_distns.exponpow_gen,D:\thesis2\9 project\scipy\scipy\scipy\stats\_continuous_distns.py,1,1,1,1,2,0,2,0,1,0,0,0,6,0,6,62,45,14,15,9,8,16,15,9,8,1,1,1,1,3,0,1.07,6,6,6,6,0,0,1148,7,0.0,no
Class,scipy.stats._continuous_distns.halfcauchy_gen,D:\thesis2\9 project\scipy\scipy\scipy\stats\_continuous_distns.py,1,1,1,1,2,0,2,0,1,0,0,0,6,0,6,62,35,12,13,7,6,10,13,7,6,1,1,1,1,3,0,0.77,6,6,6,6,0,0,2237,7,0.0,no
Class,scipy.stats._continuous_distns.t_gen,D:\thesis2\9 project\scipy\scipy\scipy\stats\_continuous_distns.py,1,1,1,1,3,0,3,0,1,0,0,0,8,0,8,64,54,15,26,16,17,13,26,16,17,1,1,1,1,3,0,0.5,8,8,8,8,0,0,3286,9,12.5,no
Class,scipy.stats._continuous_distns.tukeylambda_gen,D:\thesis2\9 project\scipy\scipy\scipy\stats\_continuous_distns.py,1,1,1,1,2,0,2,0,1,1,0,0,6,0,6,62,45,12,18,10,10,15,18,10,10,1,1,1,1,3,0,0.83,7,7,7,7,0,0,4211,7,0.0,no
Class,scipy.stats._discrete_distns.randint_gen,D:\thesis2\9 project\scipy\scipy\scipy\stats\_discrete_distns.py,1,1,1,1,4,0,3,0,1,0,0,0,7,2,7,50,60,16,28,21,20,16,28,21,20,1,1,1,1,3,0,0.57,7,7,7,7,0,0,579,8,14.29,no
Class,scipy.stats._multivariate.invwishart_frozen,D:\thesis2\9 project\scipy\scipy\scipy\stats\_multivariate.py,1,1,1,1,7,0,4,2,1,2,1,0,8,7,8,10,67,14,34,22,25,19,30,22,21,2,2,2,1,2,0,0.56,10,10,10,8,0,0,2153,9,50.0,no
Class,test_morestats.TestLevene,D:\thesis2\9 project\scipy\scipy\scipy\stats\tests\test_morestats.py,1,1,1,1,6,0,5,0,1,2,0,0,8,0,8,8,58,9,44,29,35,5,44,29,35,1,1,1,1,1,0,0.11,8,8,8,8,0,0,299,9,0.0,no
Class,test_stats.TestNanFunc,D:\thesis2\9 project\scipy\scipy\scipy\stats\tests\test_stats.py,1,1,1,1,7,0,6,0,1,2,0,0,15,4,15,15,123,16,95,39,79,13,95,37,79,1,1,1,1,1,2,0.14,15,15,15,15,0,0,115,16,28.33,no
Class,test_stats.TestPowerDivergence,D:\thesis2\9 project\scipy\scipy\scipy\stats\tests\test_stats.py,1,1,1,1,20,1,17,1,1,1,0,0,7,0,7,7,154,16,125,36,116,13,72,35,64,3,3,4,1,1,2,0.1,12,12,13,7,0,0,1727,8,57.14,no
Class,scipy.weave.base_spec.arg_spec_list,D:\thesis2\9 project\scipy\scipy\scipy\weave\base_spec.py,1,1,1,1,2,0,2,0,1,1,1,0,9,0,9,9,30,8,22,12,12,0,22,12,12,2,2,2,1,1,1,0.0,10,10,10,9,0,0,91,10,0.0,no
Class,scipy.weave.vtk_spec.vtk_converter,D:\thesis2\9 project\scipy\scipy\scipy\weave\vtk_spec.py,1,1,1,1,7,0,6,1,1,2,1,0,8,6,8,38,67,7,49,22,39,13,44,22,34,3,3,5,1,3,2,0.27,12,12,15,8,0,0,64,9,19.44,no
Class,test_c_spec.ListConverter,D:\thesis2\9 project\scipy\scipy\scipy\weave\tests\test_c_spec.py,2,2,2,1,21,0,21,0,1,4,3,0,5,0,5,5,118,6,112,41,101,0,77,36,71,3,3,4,1,1,2,0.0,10,10,11,5,0,0,390,7,60.0,no
Class,test_scxx_object.TestObjectSetItemOpIndex,D:\thesis2\9 project\scipy\scipy\scipy\weave\tests\test_scxx_object.py,1,1,1,1,5,0,5,0,1,0,0,0,6,0,6,6,45,6,38,21,25,1,32,15,25,1,1,1,1,1,0,0.03,6,6,6,6,0,0,849,7,0.0,no
Class,authors.Cmd,D:\thesis2\9 project\scipy\scipy\tools\authors.py,1,1,1,1,6,0,5,0,1,3,0,0,7,0,7,7,51,9,42,18,34,0,36,18,28,4,4,4,1,1,2,0.0,12,12,12,7,0,0,225,9,57.14,no
Class,ansible.cache.redis.CacheModule,D:\thesis2\9 project\ansible\ansible\lib\ansible\cache\redis.py,1,1,1,1,5,0,4,0,1,4,0,0,10,4,10,17,69,12,46,22,35,12,44,22,33,2,2,2,1,2,1,0.26,16,16,16,10,0,0,39,11,45.0,no
Class,ansible.module_utils.facts.SunOSHardware,D:\thesis2\9 project\ansible\ansible\lib\ansible\module_utils\facts.py,4,4,4,1,15,0,13,1,1,2,1,0,5,0,5,22,87,5,69,26,62,13,62,25,56,12,12,13,3,3,3,0.19,21,21,22,7,0,0,1006,7,40.0,no
Class,ansible.module_utils.urls.SSLValidationHandler,D:\thesis2\9 project\ansible\ansible\lib\ansible\module_utils\urls.py,5,5,6,2,27,2,19,5,1,3,0,0,5,3,5,5,151,19,100,34,94,32,89,33,83,12,12,14,4,1,5,0.32,28,28,31,10,0,0,173,8,32.0,no
Class,ansible.runner.connection_plugins.fireball.Connection,D:\thesis2\9 project\ansible\ansible\lib\ansible\runner\connection_plugins\fireball.py,2,2,2,1,18,3,13,1,1,2,0,0,6,8,6,6,119,28,80,24,73,11,70,24,63,3,3,4,3,1,1,0.14,13,13,14,8,0,0,34,7,52.38,no
Class,ansible.runner.shell_plugins.powershell.ShellModule,D:\thesis2\9 project\ansible\ansible\lib\ansible\runner\shell_plugins\powershell.py,1,1,1,1,6,0,6,0,1,1,0,0,9,0,9,9,70,9,56,14,46,5,37,14,27,3,3,3,1,1,1,0.09,14,14,15,9,0,0,62,10,0.0,no
Class,collins.CollinsDefaults,D:\thesis2\9 project\ansible\ansible\plugins\inventory\collins.py,0,0,0,0,0,0,0,0,1,0,0,0,0,0,0,0,9,0,9,4,8,0,4,4,3,0,0,0,0,1,0,0.0,0,0,0,0,0,0,87,8,0.0,no
Class,windows_azure.AzureInventory,D:\thesis2\9 project\ansible\ansible\plugins\inventory\windows_azure.py,2,2,2,1,9,0,7,1,1,1,0,0,16,9,16,16,169,28,113,45,96,28,107,43,90,6,6,6,4,1,3,0.25,39,39,39,19,0,0,61,17,20.83,no
Class,ansible.executor.connection_info.ConnectionInformation,D:\thesis2\9 project\ansible\ansible\v2\ansible\executor\connection_info.py,3,3,3,1,17,2,10,4,0,7,1,0,9,18,9,9,174,32,99,43,89,43,90,43,80,10,10,10,1,0,3,0.43,31,31,32,9,0,0,33,9,21.05,no
Class,ansible.module_utils.facts.LinuxHardware,D:\thesis2\9 project\ansible\ansible\v2\ansible\module_utils\facts.py,11,11,12,3,48,4,41,2,1,8,1,0,7,0,7,24,366,40,297,70,288,31,227,66,219,25,25,32,13,3,5,0.1,77,77,86,23,0,0,593,11,28.57,no
Class,ansible.module_utils.urls.SSLValidationHandler,D:\thesis2\9 project\ansible\ansible\v2\ansible\module_utils\urls.py,5,5,6,2,27,2,19,5,1,3,0,0,5,3,5,5,151,19,100,34,94,32,89,33,83,12,12,14,4,1,5,0.32,28,28,31,10,0,0,173,8,32.0,no
Class,ansible.playbook.task.Task,D:\thesis2\9 project\ansible\ansible\v2\ansible\playbook\task.py,3,3,3,1,12,1,8,2,3,9,6,0,15,4,16,39,276,57,172,75,154,48,164,74,147,6,6,7,6,1,3,0.28,50,50,53,30,0,0,39,51,3.87,yes
Class,ansible.plugins.cache.memory.CacheModule,D:\thesis2\9 project\ansible\ansible\v2\ansible\plugins\cache\memory.py,1,1,1,1,2,0,2,0,1,0,0,0,8,1,8,15,25,8,17,10,8,0,17,10,8,1,1,1,1,2,0,0.0,8,8,8,8,0,0,20,9,100.0,no
Class,ansible.plugins.connections.libvirt_lxc.Connection,D:\thesis2\9 project\ansible\ansible\v2\ansible\plugins\connections\libvirt_lxc.py,1,1,1,1,8,1,6,0,1,1,0,0,10,5,10,10,102,27,67,28,56,8,58,28,47,3,3,4,3,1,1,0.12,16,16,17,12,0,0,26,11,34.0,no
Class,ansible.vars.VariableManager,D:\thesis2\9 project\ansible\ansible\v2\ansible\vars\__init__.py,3,3,3,1,18,3,9,5,0,4,3,0,14,7,14,14,270,57,135,50,119,78,129,48,114,18,18,20,3,0,3,0.58,46,46,49,16,0,0,40,14,21.43,no
Class,test.vars.test_variable_manager.TestVariableManager,D:\thesis2\9 project\ansible\ansible\v2\test\vars\test_variable_manager.py,1,1,1,1,10,1,8,0,1,3,2,0,9,0,9,9,102,22,80,26,70,0,58,26,48,1,1,1,1,1,0,0.0,9,9,9,9,0,0,29,10,0.0,no
Class,boto.storage_uri.StorageUri,D:\thesis2\9 project\boto\boto\boto\storage_uri.py,1,1,1,1,8,0,6,1,1,10,8,2,20,1,20,20,209,24,143,52,112,42,103,45,78,7,7,9,6,1,2,0.29,33,33,39,25,0,0,32,24,11.36,no
Class,boto.cloudformation.stack.StackEvent,D:\thesis2\9 project\boto\boto\boto\cloudformation\stack.py,3,3,3,1,10,0,10,0,1,2,0,0,4,11,4,4,49,3,46,17,41,0,34,17,29,12,12,12,1,1,2,0.0,15,15,15,4,0,0,367,7,50.0,no
Class,boto.cloudsearch.optionstatus.ServicePoliciesStatus,D:\thesis2\9 project\boto\boto\boto\cloudsearch\optionstatus.py,3,3,3,1,14,1,8,5,1,0,0,0,7,0,7,50,111,14,57,21,49,41,47,21,39,8,8,8,1,3,6,0.72,21,21,21,7,0,0,138,8,57.14,no
Class,boto.cognito.sync.layer1.CognitoSyncConnection,D:\thesis2\9 project\boto\boto\boto\cognito\sync\layer1.py,2,2,2,1,25,4,8,13,1,2,1,0,16,1,16,44,466,89,152,68,126,225,109,59,92,5,5,5,1,2,1,1.48,32,32,32,16,0,0,29,30,5.21,no
Class,boto.dynamodb.types.Dynamizer,D:\thesis2\9 project\boto\boto\boto\dynamodb\types.py,1,1,1,1,4,0,3,0,1,10,2,1,23,0,23,23,147,28,79,31,55,40,75,30,51,4,4,6,4,1,2,0.51,33,33,36,28,0,0,231,24,4.35,no
Class,boto.ec2.instance.InstanceAttribute,D:\thesis2\9 project\boto\boto\boto\ec2\instance.py,3,3,3,1,9,0,9,0,1,3,3,0,3,3,3,37,36,3,33,8,29,0,23,8,19,7,7,7,3,2,2,0.0,11,11,11,5,0,0,630,9,58.33,no
Class,boto.ec2.cloudwatch.alarm.MetricAlarm,D:\thesis2\9 project\boto\boto\boto\ec2\cloudwatch\alarm.py,2,2,2,1,17,1,9,6,1,4,2,0,13,20,13,13,249,35,130,45,110,85,91,39,77,16,16,16,5,1,1,0.65,38,38,38,17,0,0,48,23,19.08,no
Class,boto.elastictranscoder.layer1.ElasticTranscoderConnection,D:\thesis2\9 project\boto\boto\boto\elastictranscoder\layer1.py,3,3,3,1,43,5,9,27,1,2,1,0,20,1,20,48,904,136,207,70,176,561,174,60,153,8,8,8,1,2,1,2.71,66,66,66,20,0,0,29,33,4.17,no
Class,boto.emr.emrobject.InstanceInfo,D:\thesis2\9 project\boto\boto\boto\emr\emrobject.py,1,1,1,1,4,0,4,0,1,1,1,0,2,2,2,5,20,2,18,6,15,0,10,6,7,2,2,2,1,2,1,0.0,3,3,3,2,0,0,419,10,50.0,no
Class,boto.gs.key.Key,D:\thesis2\9 project\boto\boto\boto\gs\key.py,3,3,3,1,32,4,10,18,1,6,2,0,26,17,26,87,913,134,274,91,224,506,183,67,156,18,18,20,9,2,4,1.85,79,79,84,37,0,0,34,27,11.32,no
Class,boto.manage.task.Task,D:\thesis2\9 project\boto\boto\boto\manage\task.py,3,3,3,2,14,0,13,1,1,3,0,0,5,3,6,34,116,13,87,30,79,17,79,29,72,8,8,10,8,2,3,0.2,18,18,20,13,0,0,35,14,33.33,no
Class,boto.mws.response.Product,D:\thesis2\9 project\boto\boto\boto\mws\response.py,0,0,0,0,0,0,0,0,1,0,0,0,0,0,0,41,20,0,20,9,19,0,9,9,8,0,0,0,0,3,0,0.0,0,0,0,0,0,0,540,9,0.0,no
Class,boto.rds.dbinstance.DBInstance,D:\thesis2\9 project\boto\boto\boto\rds\dbinstance.py,4,4,4,1,26,2,15,9,1,10,8,0,11,30,11,11,369,38,170,56,146,161,105,44,93,26,26,26,9,1,3,0.95,50,50,50,21,0,0,30,12,21.99,no
Class,boto.route53.healthcheck.HealthCheck,D:\thesis2\9 project\boto\boto\boto\route53\healthcheck.py,3,3,4,2,34,7,18,9,1,2,0,0,2,8,2,2,97,23,54,18,51,20,29,18,26,4,4,4,3,1,1,0.37,7,7,8,4,0,0,50,10,78.57,no
Class,boto.s3.multipart.MultiPartUpload,D:\thesis2\9 project\boto\boto\boto\s3\multipart.py,3,3,3,1,17,1,10,5,1,4,2,0,11,13,11,11,203,25,119,42,103,59,91,38,79,11,11,11,4,1,2,0.5,33,33,34,14,0,0,128,12,30.07,no
Class,boto.sdb.db.property.PasswordProperty,D:\thesis2\9 project\boto\boto\boto\sdb\db\property.py,1,1,1,1,5,0,4,0,1,4,0,0,6,1,6,18,89,24,32,14,24,33,28,13,21,3,3,3,3,3,2,1.03,10,10,11,8,0,0,154,9,27.78,no
Abstract Class,boto.sdb.db.manager.sdbmanager.SDBManager,D:\thesis2\9 project\boto\boto\boto\sdb\db\manager\sdbmanager.py,3,3,4,1,11,0,10,0,1,13,3,0,26,15,26,26,338,39,285,98,253,14,265,93,237,23,23,24,6,1,6,0.05,99,99,104,43,0,0,401,27,12.05,no
Class,boto.sqs.message.RawMessage,D:\thesis2\9 project\boto\boto\boto\sqs\message.py,1,1,1,1,4,0,4,0,1,2,2,3,12,8,12,12,77,12,51,21,38,14,44,21,31,6,6,6,3,1,1,0.27,21,21,21,14,0,0,76,13,19.79,no
Class,boto.swf.layer2.WorkflowExecution,D:\thesis2\9 project\boto\boto\boto\swf\layer2.py,1,1,1,1,4,0,3,1,1,0,0,0,5,0,5,7,36,7,23,13,12,6,13,8,7,1,1,1,1,2,0,0.26,5,5,5,5,0,0,280,8,90.0,no
Class,test_wrapper.TestApplicationObjects,D:\thesis2\9 project\boto\boto\tests\integration\beanstalk\test_wrapper.py,1,1,1,1,9,0,7,1,1,8,8,0,6,2,6,7,60,6,45,16,38,9,32,14,25,1,1,1,1,2,0,0.2,6,6,6,6,0,0,28,7,58.33,no
Class,tests.integration.elastictranscoder.test_layer1.TestETSLayer1PipelineManagement,D:\thesis2\9 project\boto\boto\tests\integration\elastictranscoder\test_layer1.py,1,1,1,1,9,0,8,0,1,4,2,0,8,11,8,8,83,14,67,35,58,2,55,35,46,1,1,1,1,1,1,0.03,8,8,8,8,0,0,33,9,31.82,no
Class,tests.integration.route53.test_zone.TestRoute53Zone,D:\thesis2\9 project\boto\boto\tests\integration\route53\test_zone.py,1,1,1,1,9,0,9,0,1,5,2,0,10,2,12,12,132,11,121,25,106,0,71,23,58,2,2,2,1,1,1,0.0,13,13,13,12,0,0,33,14,79.17,no
Class,tests.integration.sqs.test_connection.SQSConnectionTest,D:\thesis2\9 project\boto\boto\tests\integration\sqs\test_connection.py,1,1,1,1,28,3,21,3,1,6,4,0,8,0,8,8,268,42,191,65,181,35,176,65,166,6,6,6,1,1,2,0.18,17,17,17,9,0,0,37,10,0.0,no
Class,tests.unit.cloudformation.test_stack.TestStackParse,D:\thesis2\9 project\boto\boto\tests\unit\cloudformation\test_stack.py,1,1,1,1,11,0,11,0,1,3,2,0,9,0,9,9,115,9,104,45,94,2,67,45,57,1,1,1,1,1,0,0.02,9,9,9,9,0,0,138,10,0.0,no
Class,tests.unit.cloudsearch.test_document.CloudSearchDocumentErrorMismatch,D:\thesis2\9 project\boto\boto\tests\unit\cloudsearch\test_document.py,1,1,1,1,8,2,6,0,1,2,2,0,1,0,1,3,16,3,13,4,11,0,6,4,4,1,1,1,1,2,0,0.0,1,1,1,1,0,0,308,7,0.0,no
Class,tests.unit.cloudsearch2.test_document.CloudSearchDocumentErrorMismatch,D:\thesis2\9 project\boto\boto\tests\unit\cloudsearch2\test_document.py,1,1,1,1,11,0,9,1,1,3,2,0,2,0,2,4,31,3,26,7,23,2,16,6,13,2,2,2,1,2,1,0.08,3,3,3,2,0,0,316,8,50.0,no
Class,tests.unit.ec2.test_address.AddressTest,D:\thesis2\9 project\boto\boto\tests\unit\ec2\test_address.py,1,1,1,1,6,0,6,0,1,1,1,0,6,1,6,6,43,5,38,9,31,0,20,9,13,2,2,2,1,1,1,0.0,7,7,7,6,0,0,6,7,83.33,no
Class,tests.unit.ec2.test_volume.AttachmentSetTests,D:\thesis2\9 project\boto\boto\tests\unit\ec2\test_volume.py,1,1,1,1,2,0,2,0,1,1,1,0,7,0,7,7,23,6,17,9,9,0,17,9,9,1,1,1,1,1,0,0.0,7,7,7,7,0,0,210,8,0.0,no
Class,tests.unit.glacier.test_writer.TestWriter,D:\thesis2\9 project\boto\boto\tests\unit\glacier\test_writer.py,1,1,1,1,6,0,5,0,1,2,1,0,12,4,12,12,91,16,69,27,56,10,57,27,44,2,2,2,1,1,1,0.14,13,13,13,12,0,0,91,13,25.0,no
Class,tests.unit.route53.test_connection.TestTruncatedGetAllRRSetsRoute53,D:\thesis2\9 project\boto\boto\tests\unit\route53\test_connection.py,1,1,1,1,21,1,20,0,1,3,0,0,4,0,4,12,94,9,82,8,13,3,17,8,12,1,1,1,1,2,0,0.04,4,4,4,4,0,0,476,7,16.67,no
Class,tests.unit.utils.test_utils.TestPythonizeName,D:\thesis2\9 project\boto\boto\tests\unit\utils\test_utils.py,1,1,1,1,2,0,2,0,1,0,0,0,7,0,7,7,24,6,18,8,10,0,16,8,8,1,1,1,1,1,0,0.0,7,7,7,7,0,0,109,8,0.0,no
Class,IPython.core.completer.CompletionSplitter,D:\thesis2\9 project\ipython\ipython\IPython\core\completer.py,1,1,1,1,4,0,3,1,1,0,0,0,4,0,4,4,49,10,19,12,12,20,17,10,12,2,2,2,1,1,0,1.05,6,6,6,4,0,0,218,8,41.67,no
Class,IPython.core.history.HistoryAccessor,D:\thesis2\9 project\ipython\ipython\IPython\core\history.py,2,2,2,1,21,1,8,11,1,5,1,1,12,0,12,16,320,45,130,41,109,146,89,34,76,7,7,7,1,2,2,1.12,33,33,34,12,0,0,123,17,15.0,no
Class,IPython.core.magic.Magics,D:\thesis2\9 project\ipython\ipython\IPython\core\magic.py,4,4,4,1,30,3,16,10,1,6,2,25,5,0,5,5,183,28,86,31,80,71,78,30,72,10,10,10,4,1,4,0.83,22,22,22,8,0,0,483,10,24.0,no
Abstract Class,IPython.core.ultratb.TBTools,D:\thesis2\9 project\ipython\ipython\IPython\core\ultratb.py,1,1,1,1,9,1,4,3,1,1,0,2,8,6,8,8,92,21,40,19,30,32,36,18,27,2,2,3,1,1,1,0.8,12,12,15,8,0,0,350,11,20.31,no
Class,IPython.core.magics.script.ScriptMagics,D:\thesis2\9 project\ipython\ipython\IPython\core\magics\script.py,3,3,3,1,16,1,12,2,1,6,2,0,10,2,10,15,208,28,152,29,134,28,115,25,103,15,15,15,9,2,3,0.18,37,37,37,19,0,0,74,14,18.57,no
Class,IPython.core.tests.test_run.TestMagicRunPass,D:\thesis2\9 project\ipython\ipython\IPython\core\tests\test_run.py,1,1,1,1,6,0,3,2,1,0,0,0,7,0,7,9,50,8,27,17,19,15,27,17,19,1,1,1,1,2,0,0.56,7,7,7,7,0,0,171,8,28.57,no
Class,IPython.lib.demo.Demo,D:\thesis2\9 project\ipython\ipython\IPython\lib\demo.py,2,2,2,1,14,1,9,4,1,4,0,3,18,19,18,18,295,50,172,62,153,78,157,61,138,8,8,9,6,1,4,0.45,42,42,45,25,0,0,197,23,15.87,no
Class,IPython.terminal.interactiveshell.TerminalMagics,D:\thesis2\9 project\ipython\ipython\IPython\terminal\interactiveshell.py,2,2,2,1,19,3,8,8,1,6,5,0,8,1,8,13,167,31,72,26,59,65,64,21,55,7,7,7,4,2,2,0.9,19,19,20,13,0,0,82,11,35.71,no
Class,IPython.utils.capture.RichOutput,D:\thesis2\9 project\ipython\ipython\IPython\utils\capture.py,1,1,1,1,2,0,2,0,1,0,0,0,10,2,10,10,38,9,29,15,17,0,28,15,16,3,3,3,3,1,1,0.0,12,12,14,12,0,0,23,11,30.0,no
Class,IPython.utils._process_posix.ProcessHandler,D:\thesis2\9 project\ipython\ipython\IPython\utils\_process_posix.py,4,4,4,2,27,1,12,14,1,2,0,0,5,0,5,5,162,17,66,18,59,81,60,17,54,9,9,9,7,1,3,1.23,20,20,20,13,0,0,43,10,36.0,no
Class,numpy.core.records.record,D:\thesis2\9 project\numpy\numpy\numpy\core\records.py,2,2,2,2,10,0,9,1,1,2,0,0,5,0,5,5,65,7,49,18,43,9,44,18,38,6,6,6,6,1,2,0.18,14,14,14,13,0,0,214,8,6.67,no
Class,test_dtype.TestRecord,D:\thesis2\9 project\numpy\numpy\numpy\core\tests\test_dtype.py,1,1,1,1,17,0,15,1,1,3,0,0,8,0,8,8,145,7,124,30,115,14,80,30,71,1,1,1,1,1,0,0.11,8,8,8,8,0,0,102,9,0.0,no
Class,test_multiarray.TestAttributes,D:\thesis2\9 project\numpy\numpy\numpy\core\tests\test_multiarray.py,1,1,1,1,10,0,9,0,1,3,0,0,9,3,9,9,123,12,100,30,86,11,96,30,82,2,2,2,1,1,1,0.11,15,15,15,12,0,0,104,10,37.04,no
Class,test_multiarray.TestArgmin,D:\thesis2\9 project\numpy\numpy\numpy\core\tests\test_multiarray.py,1,1,1,1,10,1,7,1,1,3,0,0,6,0,6,6,124,21,93,21,86,10,48,21,41,2,2,2,1,1,1,0.11,8,8,8,6,0,0,2721,52,16.67,yes
Class,test_multiarray.PriorityNdarray,D:\thesis2\9 project\numpy\numpy\numpy\core\tests\test_multiarray.py,1,1,1,1,3,0,3,0,0,0,0,0,7,1,7,7,35,7,28,10,20,0,28,10,20,2,2,2,1,0,1,0.0,13,13,13,7,0,0,4858,8,50.0,no
Class,test_numeric.TestStdVar,D:\thesis2\9 project\numpy\numpy\numpy\core\tests\test_numeric.py,1,1,1,1,5,0,5,0,1,1,0,0,6,2,6,6,37,5,32,12,25,0,28,12,21,1,1,1,1,1,0,0.0,6,6,6,6,0,0,1708,7,66.67,no
Class,test_umath.TestMinimum,D:\thesis2\9 project\numpy\numpy\numpy\core\tests\test_umath.py,1,1,1,1,8,0,7,0,1,2,0,0,6,0,6,8,56,5,48,30,41,3,48,30,41,3,3,3,1,2,1,0.06,10,10,10,6,0,0,712,7,0.0,no
Class,numpy.distutils.npy_pkg_config.VariableSet,D:\thesis2\9 project\numpy\numpy\numpy\distutils\npy_pkg_config.py,1,1,1,1,6,0,4,1,1,2,0,0,7,3,7,7,67,15,30,15,21,22,30,15,21,3,3,3,3,1,2,0.73,12,12,12,10,0,0,167,8,52.38,no
Class,numpy.distutils.system_info.atlas_info,D:\thesis2\9 project\numpy\numpy\numpy\distutils\system_info.py,9,9,10,6,47,2,44,0,1,0,0,4,2,0,2,22,108,7,100,34,97,1,82,34,79,17,17,18,11,2,3,0.01,19,19,20,12,0,0,1053,12,28.57,no
Class,numpy.distutils.command.config_compiler.config_cc,D:\thesis2\9 project\numpy\numpy\numpy\distutils\command\config_compiler.py,4,4,4,1,9,0,9,0,1,1,0,0,3,1,3,3,41,5,32,17,28,4,33,17,29,11,11,11,1,1,4,0.12,13,13,13,3,0,0,85,7,11.11,no
Class,numpy.distutils.fcompiler.intel.IntelItaniumFCompiler,D:\thesis2\9 project\numpy\numpy\numpy\distutils\fcompiler\intel.py,0,0,0,0,0,0,0,0,1,0,0,0,0,0,0,39,18,3,15,7,14,0,7,7,6,0,0,0,0,4,0,0.0,0,0,0,0,0,0,80,14,0.0,no
Class,numpy.distutils.fcompiler.vast.VastFCompiler,D:\thesis2\9 project\numpy\numpy\numpy\distutils\fcompiler\vast.py,1,1,1,1,5,0,5,0,1,0,0,0,3,1,3,46,40,5,33,19,29,4,24,19,20,1,1,1,1,3,0,0.12,3,3,3,3,0,0,9,19,6.67,no
Class,numpy.lib.user_array.container,D:\thesis2\9 project\numpy\numpy\numpy\lib\user_array.py,1,1,1,1,2,0,2,0,1,6,0,0,66,1,66,66,238,68,168,70,101,2,162,70,95,3,3,3,1,1,1,0.01,73,73,73,66,0,0,18,69,30.81,yes
Class,test_arraysetops.TestSetOps,D:\thesis2\9 project\numpy\numpy\numpy\lib\tests\test_arraysetops.py,1,1,1,1,25,4,19,1,1,1,0,0,12,0,12,12,291,57,218,77,204,16,215,77,201,2,2,2,1,1,1,0.07,16,16,16,13,0,0,15,13,0.0,no
Class,test_function_base.TestCov,D:\thesis2\9 project\numpy\numpy\numpy\lib\tests\test_function_base.py,1,1,1,1,7,0,7,0,1,4,0,0,10,0,10,10,96,10,86,29,75,0,66,29,55,1,1,1,1,1,1,0.0,10,10,10,10,0,0,1393,22,24.55,no
Class,test_nanfunctions.TestNanFunctions_MinMax,D:\thesis2\9 project\numpy\numpy\numpy\lib\tests\test_nanfunctions.py,2,2,2,1,11,0,10,0,1,1,0,0,9,0,9,9,116,12,98,47,88,6,97,45,87,3,3,5,1,1,3,0.06,22,22,24,9,0,0,26,12,66.67,no
Class,test_regression.TestRegression,D:\thesis2\9 project\numpy\numpy\numpy\lib\tests\test_regression.py,1,1,1,1,7,0,6,1,1,8,1,0,28,0,28,28,245,37,176,81,138,33,158,81,120,2,2,2,1,1,2,0.19,38,38,38,31,0,0,17,29,0.0,no
Class,test__iotools.TestLineSplitter,D:\thesis2\9 project\numpy\numpy\numpy\lib\tests\test__iotools.py,1,1,1,1,8,0,7,2,1,1,1,0,6,0,6,6,60,6,44,19,37,18,44,19,37,1,1,1,1,1,0,0.41,6,6,6,6,0,0,19,7,0.0,no
Class,numpy.ma.core.MaskedConstant,D:\thesis2\9 project\numpy\numpy\numpy\ma\core.py,1,1,1,1,2,0,2,0,1,2,0,0,7,0,7,100,28,1,18,11,10,9,18,11,10,1,1,1,1,2,0,0.5,7,7,7,7,0,0,5893,11,7.14,no
Class,test_core.TestMaskedArrayFunctions,D:\thesis2\9 project\numpy\numpy\numpy\ma\tests\test_core.py,1,1,1,1,16,0,14,2,1,10,3,0,29,1,29,29,522,33,421,142,387,68,398,142,364,2,2,2,1,1,1,0.16,32,32,32,30,0,0,3177,30,3.45,no
Class,test_subclassing.TestSubclassing,D:\thesis2\9 project\numpy\numpy\numpy\ma\tests\test_subclassing.py,1,1,1,1,11,0,9,2,1,6,4,0,10,1,10,10,129,11,97,43,86,21,95,43,84,1,1,1,1,1,1,0.22,10,10,10,10,0,0,103,11,50.0,no
Class,numpy.polynomial._polybase.ABCPolyBase,D:\thesis2\9 project\numpy\numpy\numpy\polynomial\_polybase.py,1,1,1,1,12,1,4,5,1,7,0,6,60,2,65,65,944,180,334,145,247,430,300,119,234,5,5,6,5,1,2,1.29,114,114,123,75,0,0,19,70,14.19,yes
Class,test_laguerre.TestMisc,D:\thesis2\9 project\numpy\numpy\numpy\polynomial\tests\test_laguerre.py,1,1,1,1,5,0,5,0,1,1,0,0,7,0,7,7,49,9,38,22,30,2,38,22,30,2,2,2,1,1,1,0.05,11,11,11,7,0,0,461,8,0.0,no
Class,numpy.testing.noseclasses.Unplugger,D:\thesis2\9 project\numpy\numpy\numpy\testing\noseclasses.py,1,1,1,1,2,0,2,0,1,0,0,0,3,1,3,3,19,4,11,8,7,6,10,8,6,1,1,1,1,1,0,0.55,3,3,3,3,0,0,280,7,16.67,no
Class,testArray.ArrayZTestCase,D:\thesis2\9 project\numpy\numpy\tools\swig\test\testArray.py,1,1,1,1,4,0,3,0,1,4,0,0,19,2,19,19,97,19,60,35,40,18,64,35,44,3,3,3,1,1,1,0.3,25,25,25,19,0,0,272,20,126.32,no
Class,nltk.data.SeekableUnicodeStreamReader,D:\thesis2\9 project\nltk\nltk\nltk\data.py,2,2,3,2,18,2,8,7,1,4,0,0,19,9,19,19,427,75,181,60,157,174,173,55,153,10,10,14,7,1,4,0.96,53,53,61,39,0,0,979,31,20.53,no
Class,nltk.grammar.Production,D:\thesis2\9 project\nltk\nltk\nltk\grammar.py,1,1,1,1,7,0,2,3,1,2,0,2,12,3,12,12,119,23,36,17,23,60,33,17,20,2,2,3,1,1,1,1.67,14,14,16,12,0,0,234,15,38.89,no
Class,nltk.probability.RandomProbDist,D:\thesis2\9 project\nltk\nltk\nltk\probability.py,1,1,1,1,6,0,4,1,1,4,0,0,4,2,5,12,42,6,23,12,16,13,21,11,15,3,3,3,1,2,1,0.57,8,8,8,5,0,0,483,7,50.0,no
Class,nltk.text.ConcordanceIndex,D:\thesis2\9 project\nltk\nltk\nltk\text.py,1,1,1,1,15,1,6,7,1,2,0,0,5,3,5,5,85,10,35,16,29,41,35,16,29,4,4,4,4,1,3,1.17,9,9,9,8,0,0,118,7,70.0,no
Class,nltk.util.OrderedDict,D:\thesis2\9 project\nltk\nltk\nltk\util.py,1,1,2,1,5,0,5,0,1,2,0,0,14,2,14,48,87,14,71,22,56,2,64,21,49,6,6,9,6,2,3,0.03,27,27,31,19,0,0,468,15,50.0,no
Class,nltk.app.chartparser_app.ChartParserApp,D:\thesis2\9 project\nltk\nltk\nltk\app\chartparser_app.py,2,2,2,1,11,0,9,1,1,16,13,0,46,19,46,46,606,88,445,120,398,85,385,112,338,10,10,11,6,1,4,0.19,96,96,100,58,0,0,1625,60,6.73,yes
Class,nltk.ccg.api.FunctionalCategory,D:\thesis2\9 project\nltk\nltk\nltk\ccg\api.py,1,1,1,1,3,0,3,0,1,0,0,0,10,4,10,20,55,9,36,21,25,10,36,21,25,5,5,6,5,2,3,0.28,14,14,15,14,0,0,278,12,40.0,no
Class,nltk.classify.maxent.BinaryMaxentFeatureEncoding,D:\thesis2\9 project\nltk\nltk\nltk\classify\maxent.py,5,5,6,3,25,3,12,9,1,8,0,2,5,6,6,11,199,37,78,27,69,88,74,25,67,11,11,13,9,2,4,1.13,32,32,36,21,0,0,433,7,41.67,no
Class,nltk.cluster.gaac.GAAClusterer,D:\thesis2\9 project\nltk\nltk\nltk\cluster\gaac.py,2,2,2,1,10,0,8,2,1,2,1,0,9,4,9,25,119,18,73,33,63,28,70,33,60,5,5,5,1,3,3,0.38,19,19,20,9,0,0,17,11,33.33,no
Class,nltk.corpus.reader.chasen.ChasenCorpusReader,D:\thesis2\9 project\nltk\nltk\nltk\corpus\reader\chasen.py,1,1,1,1,3,0,3,0,1,1,1,0,8,1,8,18,40,8,32,10,23,0,21,10,12,3,3,3,1,2,1,0.0,10,10,10,8,0,0,18,9,50.0,no
Class,nltk.corpus.reader.ipipan.IPIPANCorpusView,D:\thesis2\9 project\nltk\nltk\nltk\corpus\reader\ipipan.py,6,6,7,3,20,1,19,0,1,2,0,0,5,10,5,32,114,14,99,30,93,1,84,30,78,27,27,31,11,3,5,0.01,32,32,36,15,0,0,218,9,40.0,no
Class,nltk.corpus.reader.plaintext.CategorizedPlaintextCorpusReader,D:\thesis2\9 project\nltk\nltk\nltk\corpus\reader\plaintext.py,1,1,1,1,4,0,3,1,2,1,0,1,6,0,6,29,35,1,24,8,16,10,18,7,11,3,3,4,3,3,1,0.42,8,8,9,8,0,0,135,8,0.0,no
Class,nltk.corpus.reader.timit.TimitCorpusReader,D:\thesis2\9 project\nltk\nltk\nltk\corpus\reader\timit.py,2,2,3,1,11,0,8,2,1,8,2,0,20,4,20,30,282,42,173,60,149,67,161,52,138,11,11,14,4,2,4,0.39,57,57,65,31,0,0,136,25,10.83,no
Class,nltk.draw.cfg.CFGEditor,D:\thesis2\9 project\nltk\nltk\nltk\draw\cfg.py,2,2,2,1,13,0,9,3,1,4,3,0,20,12,20,20,374,45,220,71,195,116,214,71,189,9,9,9,5,1,4,0.53,58,58,58,34,0,0,136,29,12.62,no
Class,nltk.draw.util.SequenceWidget,D:\thesis2\9 project\nltk\nltk\nltk\draw\util.py,2,2,3,1,11,1,7,3,1,2,0,0,11,4,11,45,156,23,80,34,69,53,87,34,75,7,7,8,4,2,3,0.66,32,32,33,19,0,0,1184,13,36.36,no
Class,nltk.inference.nonmonotonic.PredHolder,D:\thesis2\9 project\nltk\nltk\nltk\inference\nonmonotonic.py,1,1,1,1,3,0,3,0,1,1,0,0,6,3,6,6,40,7,21,10,14,12,19,10,12,3,3,3,3,1,1,0.57,8,8,8,8,0,0,274,8,50.0,no
Class,nltk.metrics.confusionmatrix.ConfusionMatrix,D:\thesis2\9 project\nltk\nltk\nltk\metrics\confusionmatrix.py,3,3,3,1,22,2,13,6,1,6,1,0,6,6,6,6,182,25,97,45,89,61,89,44,81,15,15,15,1,1,3,0.63,25,25,25,7,0,0,12,8,44.44,no
Class,nltk.parse.malt.MaltParser,D:\thesis2\9 project\nltk\nltk\nltk\parse\malt.py,2,2,2,1,24,2,14,8,1,5,3,0,7,6,8,13,202,28,116,35,105,67,74,34,64,6,6,6,4,2,3,0.58,21,21,21,14,0,0,24,9,35.42,no
Class,nltk.parse.viterbi.ViterbiParser,D:\thesis2\9 project\nltk\nltk\nltk\parse\viterbi.py,3,3,3,1,23,2,8,13,1,3,2,0,10,2,10,15,299,36,83,38,72,180,82,38,71,8,8,10,3,2,5,2.17,30,30,35,12,0,0,20,12,50.0,no
Class,nltk.sem.boxer.BoxerProp,D:\thesis2\9 project\nltk\nltk\nltk\sem\boxer.py,1,1,1,1,2,0,2,0,1,2,0,0,8,2,8,21,26,7,19,11,10,0,19,11,10,1,1,1,1,3,0,0.0,8,8,8,8,0,0,1020,9,45.0,no
Class,nltk.sem.drt.DrsDrawer,D:\thesis2\9 project\nltk\nltk\nltk\sem\drt.py,2,2,2,1,16,2,9,4,1,13,9,0,15,3,15,15,269,54,148,61,132,74,134,61,118,11,11,11,11,1,2,0.5,38,38,39,27,0,0,921,19,10.48,no
Class,nltk.sem.lfg.FStructure,D:\thesis2\9 project\nltk\nltk\nltk\sem\lfg.py,2,2,2,1,10,1,8,0,1,8,2,0,10,0,13,47,155,27,117,39,99,12,89,36,74,8,8,8,6,2,4,0.1,37,37,37,23,0,0,14,15,11.54,no
Class,nltk.sem.logic.AnyType,D:\thesis2\9 project\nltk\nltk\nltk\sem\logic.py,1,1,1,1,1,0,1,0,2,0,0,0,9,0,9,23,29,9,20,13,10,0,20,11,10,1,1,2,1,3,0,0.0,9,9,10,9,0,0,736,12,0.0,no
Class,nltk.stem.snowball.FinnishStemmer,D:\thesis2\9 project\nltk\nltk\nltk\stem\snowball.py,52,52,76,17,214,30,169,15,1,0,0,0,1,0,1,6,265,34,192,15,190,39,147,15,145,52,52,76,17,4,4,0.2,52,52,76,17,0,0,1049,24,100.0,no
Class,nltk.tag.brill_trainer.BrillTaggerTrainer,D:\thesis2\9 project\nltk\nltk\nltk\tag\brill_trainer.py,4,4,4,1,37,4,15,17,1,7,1,0,15,11,15,15,583,81,235,84,218,270,212,82,196,15,15,15,11,1,5,1.15,64,64,66,28,0,0,26,16,33.94,no
Class,nltk.tag.sequential.ClassifierBasedTagger,D:\thesis2\9 project\nltk\nltk\nltk\tag\sequential.py,2,2,3,1,13,2,7,4,2,2,1,2,6,3,6,15,129,28,44,22,34,57,41,19,34,5,5,7,1,3,2,1.3,15,15,18,6,0,0,562,8,66.67,no
Class,nltk.test.unit.test_tgrep.TestSequenceFunctions,D:\thesis2\9 project\nltk\nltk\nltk\test\unit\test_tgrep.py,1,1,1,1,19,0,14,4,1,2,1,0,29,0,29,29,601,42,435,62,405,124,261,62,231,2,2,2,1,1,1,0.29,30,30,30,29,0,0,21,30,0.0,yes
Class,setupext.Tests,D:\thesis2\9 project\matplotlib\matplotlib\setupext.py,2,2,2,1,14,1,12,0,1,2,0,1,4,0,4,16,63,9,54,14,47,0,33,14,26,5,5,5,1,3,2,0.0,9,9,9,4,0,0,639,7,25.0,no
Class,path_editor.PathInteractor,D:\thesis2\9 project\matplotlib\matplotlib\examples\event_handling\path_editor.py,2,2,2,2,11,1,9,1,1,1,1,0,8,6,8,8,114,25,75,27,66,17,75,27,66,5,5,5,5,1,2,0.23,21,21,21,17,0,0,28,11,31.73,no
Class,embedding_webagg.MyApplication.WebSocket,D:\thesis2\9 project\matplotlib\matplotlib\examples\user_interfaces\embedding_webagg.py,1,1,1,1,6,0,4,1,1,0,0,0,5,0,5,5,55,9,26,11,20,20,23,11,17,2,2,2,1,1,1,0.77,8,8,8,5,0,0,155,7,50.0,no
Abstract Class,matplotlib.artist.Artist,D:\thesis2\9 project\matplotlib\matplotlib\lib\matplotlib\artist.py,1,1,1,1,10,1,5,4,1,16,9,21,71,25,71,71,884,156,374,131,294,358,342,127,266,9,9,9,4,1,3,0.96,124,124,141,79,0,0,79,74,5.65,yes
Class,matplotlib.backend_bases.LocationEvent,D:\thesis2\9 project\matplotlib\matplotlib\lib\matplotlib\backend_bases.py,6,6,7,2,33,3,23,8,1,1,0,2,2,0,2,3,103,18,54,13,51,40,49,13,46,7,7,7,3,2,4,0.74,13,13,14,4,0,0,1391,9,57.14,no
Class,matplotlib.backend_tools.ToolZoom,D:\thesis2\9 project\matplotlib\matplotlib\lib\matplotlib\backend_tools.py,6,6,7,1,27,3,23,1,1,1,0,0,7,4,7,23,210,30,170,42,162,10,145,42,137,33,33,34,4,4,4,0.06,48,48,53,12,0,0,654,13,27.47,no
Class,matplotlib.cm.ScalarMappable,D:\thesis2\9 project\matplotlib\matplotlib\lib\matplotlib\cm.py,2,2,2,1,12,0,6,5,1,6,2,8,14,6,14,14,194,27,87,24,72,80,84,24,69,9,9,11,5,1,4,0.92,32,32,37,18,0,0,166,15,39.29,no
Class,matplotlib.colors.SymLogNorm,D:\thesis2\9 project\matplotlib\matplotlib\lib\matplotlib\colors.py,2,2,2,1,11,0,8,3,1,2,0,0,8,6,8,15,112,12,65,28,55,35,61,27,52,6,6,6,1,2,2,0.54,17,17,18,8,0,0,1037,9,41.67,no
Abstract Class,matplotlib.dviread.Dvi,D:\thesis2\9 project\matplotlib\matplotlib\lib\matplotlib\dviread.py,4,4,4,3,11,0,9,2,1,5,2,1,29,15,29,29,376,37,273,70,243,74,242,67,212,55,55,55,55,1,3,0.27,126,126,135,94,0,0,43,30,19.77,no
Class,matplotlib.gridspec.SubplotSpec,D:\thesis2\9 project\matplotlib\matplotlib\lib\matplotlib\gridspec.py,1,1,1,1,12,1,7,2,1,1,1,0,7,3,7,7,98,23,56,29,48,19,46,29,38,3,3,4,1,1,1,0.34,11,11,13,7,0,0,382,8,66.67,no
Class,matplotlib.mathtext.MathtextBackendAgg,D:\thesis2\9 project\matplotlib\matplotlib\lib\matplotlib\mathtext.py,1,1,1,1,8,0,8,0,1,1,0,1,7,5,7,13,73,6,63,21,54,4,43,21,34,3,3,3,1,2,2,0.06,11,11,11,7,0,0,159,8,35.71,no
Class,matplotlib.mathtext.MathTextParser,D:\thesis2\9 project\matplotlib\matplotlib\lib\matplotlib\mathtext.py,1,1,2,1,25,4,9,11,1,6,4,0,6,2,6,6,180,37,72,29,65,71,54,29,47,6,6,7,4,1,2,0.99,11,11,12,9,0,0,2940,22,25.0,no
Class,matplotlib.patches.Shadow,D:\thesis2\9 project\matplotlib\matplotlib\lib\matplotlib\patches.py,1,1,1,1,4,0,3,0,1,2,1,0,11,5,11,120,64,12,44,21,31,8,41,20,29,2,2,2,1,3,1,0.18,12,12,12,11,0,0,548,12,32.73,no
Class,matplotlib.patches.FancyArrowPatch,D:\thesis2\9 project\matplotlib\matplotlib\lib\matplotlib\patches.py,2,2,2,1,17,3,8,5,1,8,6,2,18,14,18,127,334,72,157,61,123,106,124,46,104,10,10,10,3,3,2,0.68,40,40,44,20,0,0,3938,19,12.43,no
Class,matplotlib.scale.LogTransform,D:\thesis2\9 project\matplotlib\matplotlib\lib\matplotlib\scale.py,1,1,1,1,4,0,4,0,1,1,1,0,3,2,3,35,20,3,17,10,13,0,16,10,12,2,2,2,1,3,1,0.0,4,4,4,3,0,0,194,8,26.67,no
Class,matplotlib.table.CustomCell,D:\thesis2\9 project\matplotlib\matplotlib\lib\matplotlib\table.py,2,2,2,2,10,1,9,0,1,2,1,0,4,2,4,143,60,10,46,16,39,6,28,14,23,5,5,5,5,5,3,0.13,11,11,11,8,0,0,154,10,46.67,no
Class,matplotlib.ticker.ScalarFormatter,D:\thesis2\9 project\matplotlib\matplotlib\lib\matplotlib\ticker.py,3,3,4,1,12,0,10,1,1,6,0,1,18,10,18,29,260,26,196,59,177,40,172,59,153,11,11,13,4,3,3,0.2,64,64,72,23,0,0,385,21,19.23,no
Class,matplotlib.transforms.TransformedBbox,D:\thesis2\9 project\matplotlib\matplotlib\lib\matplotlib\transforms.py,2,2,2,1,8,0,7,1,1,2,1,0,4,4,4,63,47,6,32,13,27,9,31,13,26,4,4,5,4,3,1,0.28,8,8,9,7,0,0,1057,8,60.0,no
Class,matplotlib.transforms.TransformedPath,D:\thesis2\9 project\matplotlib\matplotlib\lib\matplotlib\transforms.py,1,1,1,1,9,0,5,3,1,3,2,0,6,5,6,17,73,9,35,13,28,29,27,13,20,2,2,3,1,2,1,0.83,8,8,9,6,0,0,2631,7,41.67,no
Class,matplotlib._pylab_helpers.Gcf,D:\thesis2\9 project\matplotlib\matplotlib\lib\matplotlib\_pylab_helpers.py,2,2,2,1,9,0,5,3,1,1,0,0,0,0,10,10,135,19,70,34,48,47,59,24,47,4,4,4,3,1,2,0.67,23,23,24,12,0,0,17,13,0.0,no
Class,matplotlib.backends.backend_cocoaagg.PlotView,D:\thesis2\9 project\matplotlib\matplotlib\lib\matplotlib\backends\backend_cocoaagg.py,1,1,1,1,8,0,7,1,1,1,0,0,7,0,7,7,67,10,56,19,48,11,44,19,36,2,2,2,1,1,1,0.2,10,10,10,7,0,0,153,8,57.14,no
Class,matplotlib.backends.backend_gtk3agg.FigureCanvasGTK3Agg,D:\thesis2\9 project\matplotlib\matplotlib\lib\matplotlib\backends\backend_gtk3agg.py,2,2,2,1,11,1,9,0,2,1,0,0,6,1,6,81,76,14,57,27,49,5,48,26,41,7,7,7,3,3,2,0.09,13,13,13,8,0,0,22,8,27.78,no
Class,matplotlib.backends.backend_pdf.PdfFile,D:\thesis2\9 project\matplotlib\matplotlib\lib\matplotlib\backends\backend_pdf.py,2,2,3,1,29,2,23,3,1,22,10,0,35,38,36,36,1080,124,839,259,792,136,586,253,541,12,12,14,3,1,3,0.16,124,124,130,51,0,0,419,39,7.41,yes
Class,matplotlib.backends.backend_qt5.FigureManagerQT,D:\thesis2\9 project\matplotlib\matplotlib\lib\matplotlib\backends\backend_qt5.py,2,2,2,1,9,0,7,1,1,4,3,0,10,4,10,19,122,20,77,23,64,25,72,22,60,5,5,5,3,2,1,0.32,23,23,23,13,0,0,447,11,25.71,no
Class,matplotlib.backends.backend_webagg.FigureCanvasWebAgg,D:\thesis2\9 project\matplotlib\matplotlib\lib\matplotlib\backends\backend_webagg.py,1,1,1,1,2,0,2,0,1,1,1,0,4,0,4,72,18,3,14,5,9,1,11,5,6,1,1,1,1,4,0,0.07,4,4,4,4,0,0,100,9,0.0,no
Class,matplotlib.backends.backend_wx.MenuButtonWx,D:\thesis2\9 project\matplotlib\matplotlib\lib\matplotlib\backends\backend_wx.py,2,2,2,1,10,0,8,1,1,2,0,0,9,5,9,9,110,11,81,27,71,18,72,27,62,5,5,5,1,1,2,0.22,23,23,23,9,0,0,1431,10,29.63,no
Class,matplotlib.projections.geo.MollweideAxes.InvertedMollweideTransform,D:\thesis2\9 project\matplotlib\matplotlib\lib\matplotlib\projections\geo.py,1,1,1,1,5,0,4,0,1,2,2,0,3,1,3,35,25,5,18,13,14,2,18,13,14,1,1,1,1,3,0,0.11,3,3,3,3,0,0,478,9,13.33,no
Class,matplotlib.testing.jpl_units.UnitDbl.UnitDbl,D:\thesis2\9 project\matplotlib\matplotlib\lib\matplotlib\testing\jpl_units\UnitDbl.py,1,1,1,1,12,2,3,5,1,4,0,0,17,2,17,17,270,60,86,31,68,124,67,31,49,4,4,4,3,1,2,1.44,24,24,24,21,0,0,23,34,35.29,no
Class,matplotlib.tests.test_transforms.NonAffineForTest,D:\thesis2\9 project\matplotlib\matplotlib\lib\matplotlib\tests\test_transforms.py,1,1,1,1,2,0,2,0,1,0,0,0,3,1,3,35,20,4,11,9,7,5,11,9,7,1,1,1,1,3,0,0.45,3,3,3,3,0,0,217,7,25.0,no
Class,mpl_toolkits.gtktools.SortedStringsScrolledWindow,D:\thesis2\9 project\matplotlib\matplotlib\lib\mpl_toolkits\gtktools.py,2,2,2,1,14,2,11,0,1,5,1,0,10,10,10,10,179,45,125,58,110,14,129,58,114,7,7,7,1,1,2,0.11,28,28,28,13,0,0,123,11,28.57,no
Class,mpl_toolkits.axes_grid1.colorbar.ColorbarBase,D:\thesis2\9 project\matplotlib\matplotlib\lib\mpl_toolkits\axes_grid1\colorbar.py,3,3,3,1,21,1,16,3,1,18,14,1,15,20,15,29,408,69,257,82,228,85,208,70,191,10,10,10,7,2,3,0.33,51,51,51,22,0,0,299,16,18.84,no
Class,mpl_toolkits.axisartist.axisline_style._FancyAxislineStyle.SimpleArrow,D:\thesis2\9 project\matplotlib\matplotlib\lib\mpl_toolkits\axisartist\axisline_style.py,1,1,1,1,11,1,8,2,1,2,2,1,5,5,5,132,68,11,44,23,36,14,29,22,22,2,2,2,1,4,1,0.32,6,6,6,5,0,0,12,7,50.0,no
Class,mpl_toolkits.axisartist.grid_helper_curvelinear.GridHelperCurveLinear,D:\thesis2\9 project\matplotlib\matplotlib\lib\mpl_toolkits\axisartist\grid_helper_curvelinear.py,2,2,2,1,14,2,9,2,1,6,4,1,8,5,8,15,149,40,82,41,58,28,58,28,47,5,5,5,1,2,2,0.34,22,22,23,10,0,0,328,9,27.08,no
Class,django.conf.UserSettingsHolder,D:\thesis2\9 project\django\django\django\conf\__init__.py,1,1,1,1,4,0,3,0,1,4,0,0,6,1,6,7,38,6,23,12,16,9,23,12,16,2,2,3,1,2,1,0.39,8,8,10,6,0,0,140,8,45.83,no
Class,django.contrib.admin.sites.AdminSite,D:\thesis2\9 project\django\django\django\contrib\admin\sites.py,2,2,3,1,17,1,11,4,1,15,13,5,23,4,23,23,491,69,286,89,243,137,197,84,159,12,12,12,6,1,3,0.48,68,68,83,42,0,0,30,35,9.9,no
Class,django.contrib.auth.forms.SetPasswordForm,D:\thesis2\9 project\django\django\django\contrib\auth\forms.py,2,2,2,1,6,0,6,0,1,1,0,1,3,1,3,3,33,3,26,10,22,4,19,10,15,3,3,4,3,1,2,0.15,6,6,7,5,0,0,257,8,33.33,no
Class,django.contrib.auth.tokens.PasswordResetTokenGenerator,D:\thesis2\9 project\django\django\django\contrib\auth\tokens.py,1,1,1,1,9,1,5,3,1,2,0,1,6,0,6,6,71,12,35,12,28,24,29,12,22,5,5,5,5,1,1,0.69,11,11,11,10,0,0,9,8,16.67,no
Class,django.contrib.flatpages.models.FlatPage,D:\thesis2\9 project\django\django\django\contrib\flatpages\models.py,1,1,1,1,2,0,2,0,1,0,0,0,2,0,2,50,28,3,24,15,20,1,17,15,13,1,1,1,1,2,0,0.04,2,2,2,2,0,0,10,12,21.43,no
Class,django.contrib.gis.db.backends.postgis.schema.PostGISSchemaEditor,D:\thesis2\9 project\django\django\django\contrib\gis\db\backends\postgis\schema.py,2,2,2,1,8,0,7,1,1,2,1,0,6,1,6,40,64,10,48,17,40,6,36,17,28,5,5,5,1,3,3,0.12,12,12,12,6,0,0,4,11,25.0,no
Class,django.contrib.gis.forms.fields.GeometryField,D:\thesis2\9 project\django\django\django\contrib\gis\forms\fields.py,4,4,5,3,17,1,11,5,1,8,2,7,4,1,4,4,91,12,54,10,49,25,46,10,41,7,7,8,5,1,3,0.46,16,16,20,13,0,0,10,12,41.67,no
Class,django.contrib.gis.gdal.geometries.GeometryCollection,D:\thesis2\9 project\django\django\django\contrib\gis\gdal\geometries.py,2,2,2,1,5,0,4,1,1,3,2,3,6,0,6,65,44,6,30,13,21,8,24,11,17,5,5,5,3,3,3,0.27,12,12,13,8,0,0,632,8,30.0,no
Class,django.contrib.gis.geos.libgeos.GEOSFuncFactory,D:\thesis2\9 project\django\django\django\contrib\gis\geos\libgeos.py,1,1,2,1,6,0,6,0,1,1,1,17,3,4,3,3,30,3,24,13,19,3,24,13,19,2,2,3,1,1,1,0.12,5,5,6,3,0,0,137,7,72.22,no
Class,django.contrib.gis.maps.google.zoom.GoogleZoom,D:\thesis2\9 project\django\django\django\contrib\gis\maps\google\zoom.py,1,1,2,1,16,2,7,7,1,6,5,0,8,5,8,8,153,30,61,39,52,69,60,39,51,5,5,7,5,1,3,1.13,15,15,17,12,0,0,14,9,35.0,no
Class,django.contrib.sessions.backends.file.SessionStore,D:\thesis2\9 project\django\django\django\contrib\sessions\backends\file.py,3,3,3,1,15,1,10,3,1,11,4,0,9,5,11,51,187,23,123,40,109,41,110,35,98,6,6,7,3,2,4,0.33,34,34,35,21,0,0,18,12,12.12,no
Class,django.contrib.syndication.views.Feed,D:\thesis2\9 project\django\django\django\contrib\syndication\views.py,2,2,3,1,17,1,13,2,1,7,6,3,10,0,10,10,186,20,142,36,131,25,90,36,79,12,12,15,4,1,2,0.18,28,28,32,13,0,0,31,14,6.67,no
Class,django.core.cache.DefaultCacheProxy,D:\thesis2\9 project\django\django\django\core\cache\__init__.py,1,1,1,1,2,0,2,0,1,0,0,0,6,0,6,6,24,6,13,7,6,5,13,7,6,1,1,1,1,1,0,0.38,6,6,6,6,0,0,94,7,0.0,no
Class,django.core.files.locks.OVERLAPPED,D:\thesis2\9 project\django\django\django\core\files\locks.py,0,0,0,0,0,0,0,0,1,0,0,0,0,0,0,0,7,0,7,3,6,0,3,3,2,0,0,0,0,1,0,0.0,0,0,0,0,0,0,59,7,0.0,no
Abstract Class,django.core.management.base.BaseCommand,D:\thesis2\9 project\django\django\django\core\management\base.py,3,3,4,1,23,1,17,5,1,10,5,46,11,3,11,11,375,46,197,50,181,135,135,47,121,13,13,17,3,1,4,0.69,43,43,53,15,0,0,113,20,17.42,no
Class,django.core.serializers.json.Serializer,D:\thesis2\9 project\django\django\django\core\serializers\json.py,2,2,2,1,7,0,6,0,1,2,1,1,5,3,5,23,45,5,33,11,27,7,32,10,26,4,4,4,1,3,2,0.21,12,12,12,5,0,0,21,7,36.67,no
Abstract Class,django.db.backends.base.introspection.BaseDatabaseIntrospection,D:\thesis2\9 project\django\django\django\db\backends\base\introspection.py,2,2,2,1,10,0,5,4,1,3,0,5,13,1,13,13,165,24,79,34,58,63,71,34,50,9,9,9,7,1,4,0.8,30,30,31,25,0,0,13,15,23.08,no
Class,django.db.backends.oracle.creation.DatabaseCreation,D:\thesis2\9 project\django\django\django\db\backends\oracle\creation.py,2,2,2,1,11,0,10,0,1,3,1,0,23,0,23,34,293,27,246,51,222,22,185,47,161,19,19,21,13,2,5,0.09,64,64,68,43,0,0,13,24,30.43,no
Class,django.db.backends.sqlite3.features.DatabaseFeatures,D:\thesis2\9 project\django\django\django\db\backends\sqlite3\features.py,1,1,1,1,5,0,4,1,1,1,1,1,5,0,5,9,63,6,47,32,36,10,38,26,32,2,2,3,1,2,2,0.21,6,6,8,5,0,0,17,25,1.9,no
Class,django.db.migrations.optimizer.MigrationOptimizer,D:\thesis2\9 project\django\django\django\db\migrations\optimizer.py,2,2,3,1,16,0,13,2,1,1,0,0,20,4,20,20,368,26,277,33,256,65,97,33,76,7,7,8,7,1,5,0.23,54,54,64,38,0,0,7,21,5.83,no
Class,django.db.migrations.operations.fields.AddField,D:\thesis2\9 project\django\django\django\db\migrations\operations\fields.py,1,1,1,1,5,0,5,0,1,1,1,0,10,4,10,20,70,10,56,23,43,4,42,21,31,4,4,4,1,2,2,0.07,16,16,17,10,0,0,10,11,35.71,no
Class,django.db.migrations.operations.models.AlterModelOptions,D:\thesis2\9 project\django\django\django\db\migrations\operations\models.py,1,1,1,1,3,0,3,0,1,1,0,0,8,2,8,18,58,9,43,16,33,6,26,15,17,3,3,4,1,2,2,0.14,10,10,11,8,0,0,481,18,27.5,no
Class,django.db.models.expressions.CombinedExpression,D:\thesis2\9 project\django\django\django\db\models\expressions.py,1,1,2,1,6,0,6,0,1,3,2,1,7,3,7,52,52,7,44,18,36,1,42,18,34,4,4,8,1,3,1,0.02,10,10,14,7,0,0,350,8,50.0,no
Abstract Class,django.db.models.lookups.Lookup,D:\thesis2\9 project\django\django\django\db\models\lookups.py,2,2,2,1,7,0,6,0,1,3,2,4,12,3,12,17,104,12,82,29,67,10,70,28,56,6,6,6,3,2,2,0.12,26,26,30,16,0,0,93,14,45.83,no
Class,django.db.models.fields.related.ReverseSingleRelatedObjectDescriptor,D:\thesis2\9 project\django\django\django\db\models\fields\related.py,4,4,5,2,21,1,15,4,1,5,0,1,7,2,7,7,167,18,108,28,99,41,77,27,69,14,14,19,11,1,3,0.38,31,31,38,19,0,0,526,8,78.57,no
Class,django.db.models.fields.DateField,D:\thesis2\9 project\django\django\django\db\models\fields\__init__.py,2,2,3,1,11,0,9,1,2,7,2,1,11,3,11,76,141,16,114,29,101,11,83,27,71,7,7,8,6,3,2,0.1,31,31,36,20,0,0,1163,17,10.0,no
Class,django.db.models.fields.DateTimeField,D:\thesis2\9 project\django\django\django\db\models\fields\__init__.py,3,3,3,2,16,0,13,1,1,9,2,0,8,0,8,84,158,17,122,24,113,19,83,24,74,9,9,9,8,4,2,0.16,27,27,31,19,0,0,2143,16,11.25,no
Class,django.forms.fields.Field,D:\thesis2\9 project\django\django\django\forms\fields.py,2,2,2,1,13,0,7,4,1,3,1,11,10,9,10,10,153,20,82,35,69,54,78,32,67,6,6,7,3,1,3,0.66,24,24,28,12,0,0,57,18,12.5,no
Class,django.forms.fields.SplitDateTimeField,D:\thesis2\9 project\django\django\django\forms\fields.py,3,3,3,2,12,0,11,1,1,5,3,0,2,0,2,18,34,2,30,10,27,2,20,10,17,4,4,4,4,3,2,0.07,6,6,6,5,0,0,1178,8,30.0,no
Class,django.forms.utils.ErrorList,D:\thesis2\9 project\django\django\django\forms\utils.py,1,1,1,1,4,0,3,0,2,2,1,2,13,1,13,47,70,14,48,20,34,8,40,20,26,3,3,4,1,2,1,0.17,18,18,19,13,0,0,76,16,19.23,no
Class,django.http.request.HttpRequest,D:\thesis2\9 project\django\django\django\http\request.py,2,2,2,1,9,0,7,2,1,17,10,2,24,15,24,24,274,32,185,65,154,57,154,56,129,8,8,10,5,1,2,0.31,62,62,68,41,0,0,41,28,8.9,no
Class,django.test.html.Element,D:\thesis2\9 project\django\django\django\test\html.py,3,3,3,2,8,0,8,0,1,2,0,1,12,3,12,12,118,12,98,25,84,8,92,25,78,10,10,12,9,1,4,0.08,46,46,49,31,0,0,20,14,41.67,no
Class,django.utils.archive.Archive,D:\thesis2\9 project\django\django\django\utils\archive.py,1,1,1,1,4,0,4,0,1,2,1,0,6,1,7,7,42,6,33,14,24,3,29,13,21,5,5,5,4,1,2,0.09,11,11,11,10,0,0,53,8,57.14,no
Abstract Class,django.utils.functional.LazyObject,D:\thesis2\9 project\django\django\django\utils\functional.py,1,1,1,1,5,0,4,1,1,2,0,5,7,0,8,8,102,15,57,29,47,30,53,28,44,3,3,3,1,1,2,0.53,15,15,15,8,0,0,206,29,6.67,no
Class,django.views.generic.base.RedirectView,D:\thesis2\9 project\django\django\django\views\generic\base.py,1,1,1,1,5,0,5,0,1,1,1,1,8,0,8,14,62,9,45,15,36,8,37,15,28,5,5,6,4,2,2,0.18,14,14,15,13,0,0,161,13,12.5,no
Class,djangodocs.DjangoHTMLTranslator,D:\thesis2\9 project\django\django\docs\_ext\djangodocs.py,1,1,1,1,4,0,4,0,1,0,0,0,9,6,9,9,75,10,48,20,38,19,39,20,29,3,3,3,1,1,1,0.4,11,11,11,9,0,0,222,14,22.86,no
Class,admin_filters.models.TaggedItem,D:\thesis2\9 project\django\django\tests\admin_filters\models.py,1,1,1,1,2,0,2,0,1,0,0,0,1,0,1,49,8,1,7,6,5,0,7,6,5,1,1,1,1,2,0,0.0,1,1,1,1,0,0,44,7,25.0,no
Class,admin_scripts.tests.DjangoAdminFullPathDefaultSettings,D:\thesis2\9 project\django\django\tests\admin_scripts\tests.py,1,1,1,1,5,0,4,0,1,0,0,0,10,0,10,19,66,9,46,27,35,11,45,27,34,1,1,1,1,2,0,0.24,10,10,10,10,0,0,303,11,0.0,no
Class,admin_scripts.tests.ManageCheck,D:\thesis2\9 project\django\django\tests\admin_scripts\tests.py,1,1,1,1,16,1,12,2,1,0,0,0,7,0,7,16,119,14,90,22,82,16,43,22,35,1,1,1,1,2,0,0.18,7,7,7,7,0,0,1082,8,0.0,no
Class,admin_views.admin.CustomArticleAdmin,D:\thesis2\9 project\django\django\tests\admin_views\admin.py,1,1,1,1,7,0,6,1,1,1,0,0,1,0,1,74,18,1,13,8,11,4,9,8,7,1,1,1,1,3,0,0.31,1,1,1,1,0,0,146,8,0.0,no
Class,admin_views.models.Fabric,D:\thesis2\9 project\django\django\tests\admin_views\models.py,0,0,0,0,0,0,0,0,1,0,0,0,0,0,0,48,9,0,9,3,8,0,3,3,2,0,0,0,0,2,0,0.0,0,0,0,0,0,0,217,7,0.0,no
Class,admin_views.tests.RawIdFieldsTest,D:\thesis2\9 project\django\django\tests\admin_views\tests.py,1,1,1,1,14,0,9,5,0,4,3,0,4,0,5,5,81,8,49,20,42,27,39,19,33,1,1,1,1,0,0,0.55,5,5,5,5,0,0,4771,7,80.0,no
Class,admin_widgets.models.Member,D:\thesis2\9 project\django\django\tests\admin_widgets\models.py,1,1,1,1,2,0,2,0,1,0,0,0,1,0,1,49,8,1,7,6,5,0,7,6,5,1,1,1,1,2,0,0.0,1,1,1,1,0,0,12,7,25.0,no
Class,aggregation.models.Book,D:\thesis2\9 project\django\django\tests\aggregation\models.py,1,1,1,1,2,0,2,0,1,0,0,0,1,0,1,49,13,1,12,11,10,0,12,11,10,1,1,1,1,2,0,0.0,1,1,1,1,0,0,26,12,11.11,no
Class,apps.tests.AppsTests,D:\thesis2\9 project\django\django\tests\apps\tests.py,1,1,1,1,11,0,7,3,1,20,11,0,20,0,20,47,262,39,156,47,126,67,138,41,113,1,1,1,1,2,2,0.43,21,21,21,21,0,0,41,21,0.0,no
Class,auth_tests.test_context_processors.AuthContextProcessorTests,D:\thesis2\9 project\django\django\tests\auth_tests\test_context_processors.py,1,1,1,1,12,0,7,4,0,5,4,0,6,0,7,7,100,9,54,20,43,37,40,17,32,1,1,1,1,0,0,0.69,7,7,7,7,0,0,62,9,85.71,no
Class,auth_tests.test_signals.SignalTestCase,D:\thesis2\9 project\django\django\tests\auth_tests\test_signals.py,1,1,1,1,7,0,5,0,0,3,2,0,9,3,10,10,83,13,61,18,49,9,49,17,38,1,1,1,1,0,0,0.15,10,10,10,10,0,0,9,12,25.0,no
Class,backends.models.Article,D:\thesis2\9 project\django\django\tests\backends\models.py,1,1,1,1,2,0,2,0,1,0,0,0,1,0,1,49,9,1,8,6,6,0,7,6,5,1,1,1,1,2,0,0.0,1,1,1,1,0,0,75,7,25.0,no
Class,basic.tests.ModelRefreshTests,D:\thesis2\9 project\django\django\tests\basic\tests.py,1,1,1,1,9,0,8,0,0,4,2,0,6,0,6,6,62,6,51,20,44,5,51,20,44,1,1,1,1,0,1,0.1,6,6,6,6,0,0,712,7,0.0,no
Class,cache.tests.CacheMiddlewareTest,D:\thesis2\9 project\django\django\tests\cache\tests.py,1,1,1,1,27,6,14,6,1,4,3,0,6,3,6,33,169,42,90,31,83,39,90,31,83,1,1,1,1,2,0,0.43,6,6,6,6,0,0,1809,8,44.44,no
Class,csrf_tests.tests.CsrfViewMiddlewareTest,D:\thesis2\9 project\django\django\tests\csrf_tests\tests.py,1,1,1,1,10,0,6,2,1,5,5,0,33,0,33,60,438,56,264,136,212,118,241,128,197,2,2,2,1,2,1,0.45,42,42,43,41,0,0,59,36,4.76,no
Class,custom_managers.models.Car,D:\thesis2\9 project\django\django\tests\custom_managers\models.py,1,1,1,1,2,0,2,0,1,0,0,0,1,0,1,49,9,1,8,7,6,0,8,7,6,1,1,1,1,2,0,0.0,1,1,1,1,0,0,148,8,20.0,no
Class,defer_regress.tests.DeferRegressionTest,D:\thesis2\9 project\django\django\tests\defer_regress\tests.py,1,1,1,1,16,1,12,2,0,20,18,0,14,0,14,14,244,37,178,53,162,29,156,52,141,1,1,1,1,0,1,0.16,14,14,14,14,0,0,21,15,0.0,no
Class,expressions.models.Company,D:\thesis2\9 project\django\django\tests\expressions\models.py,1,1,1,1,2,0,2,0,1,0,0,0,1,0,1,49,14,1,13,7,11,0,8,7,6,1,1,1,1,2,0,0.0,1,1,1,1,0,0,21,10,20.0,no
Class,field_deconstruction.tests.FieldDeconstructionTests,D:\thesis2\9 project\django\django\tests\field_deconstruction\tests.py,1,1,1,1,10,0,9,0,1,5,5,0,32,0,32,59,383,34,321,100,285,28,319,98,285,1,1,1,1,2,0,0.09,32,32,32,32,0,0,8,33,0.0,no
Class,fixtures.models.Person,D:\thesis2\9 project\django\django\tests\fixtures\models.py,1,1,1,1,2,0,2,0,1,0,0,1,2,0,2,50,12,3,9,7,5,0,9,7,5,1,1,1,1,2,0,0.0,2,2,2,2,0,0,70,7,50.0,no
Class,flatpages_tests.test_csrf.FlatpageCSRFTests,D:\thesis2\9 project\django\django\tests\flatpages_tests\test_csrf.py,1,1,1,1,6,0,5,1,0,3,3,0,9,1,10,10,78,10,58,21,46,10,45,20,34,1,1,1,1,0,0,0.17,10,10,10,10,0,0,9,13,90.0,no
Class,foreign_object.models.ArticleTranslation,D:\thesis2\9 project\django\django\tests\foreign_object\models.py,0,0,0,0,0,0,0,0,1,0,0,0,0,0,0,48,10,1,9,9,7,0,9,9,7,0,0,0,0,2,0,0.0,0,0,0,0,0,0,165,7,0.0,no
Class,forms_tests.tests.test_input_formats.LocalizedDateTimeTests,D:\thesis2\9 project\django\django\tests\forms_tests\tests\test_input_formats.py,1,1,1,1,15,2,8,4,1,1,0,0,6,0,6,33,101,22,54,19,47,25,54,19,47,1,1,1,1,2,0,0.46,6,6,6,6,0,0,583,8,0.0,no
Class,generic_inline_admin.models.PhoneNumber,D:\thesis2\9 project\django\django\tests\generic_inline_admin\models.py,0,0,0,0,0,0,0,0,1,0,0,0,0,0,0,48,9,1,8,8,6,0,8,8,6,0,0,0,0,2,0,0.0,0,0,0,0,0,0,38,7,0.0,no
Class,generic_views.test_base.ViewTest,D:\thesis2\9 project\django\django\tests\generic_views\test_base.py,1,1,1,1,7,0,4,3,1,10,6,0,19,0,19,19,171,20,90,45,70,61,84,45,64,2,2,2,1,1,1,0.68,23,23,23,19,0,0,70,21,63.16,no
Class,generic_views.test_edit.UpdateViewTests,D:\thesis2\9 project\django\django\tests\generic_views\test_edit.py,1,1,1,1,14,0,13,0,0,5,5,0,8,0,8,8,125,11,109,26,99,5,73,25,64,1,1,1,1,0,1,0.05,8,8,8,8,0,0,242,10,100.0,no
Class,gis_tests.test_measure.AreaTest,D:\thesis2\9 project\django\django\tests\gis_tests\test_measure.py,1,1,1,1,11,1,9,1,1,4,1,0,9,0,9,9,118,26,82,31,72,10,82,31,72,1,1,1,1,1,1,0.12,9,9,9,9,0,0,148,10,0.0,no
Class,gis_tests.geoadmin.models.City,D:\thesis2\9 project\django\django\tests\gis_tests\geoadmin\models.py,1,1,1,1,2,0,2,0,1,0,0,0,1,0,1,1,12,3,9,8,6,0,9,8,6,1,1,1,1,1,0,0.0,1,1,1,1,0,0,8,7,33.33,no
Class,gis_tests.relatedapp.models.Parcel,D:\thesis2\9 project\django\django\tests\gis_tests\relatedapp\models.py,1,1,1,1,2,0,2,0,1,0,0,0,1,0,1,1,11,1,9,8,7,1,9,8,7,1,1,1,1,2,0,0.11,1,1,1,1,0,0,44,9,16.67,no
Class,i18n.tests.MiscTests,D:\thesis2\9 project\django\django\tests\i18n\tests.py,1,1,1,1,17,1,11,4,1,4,3,0,12,1,12,39,228,30,143,40,119,56,133,30,119,1,1,1,1,2,1,0.39,12,12,12,12,0,0,911,13,50.0,no
Class,inspectdb.models.SpecialName,D:\thesis2\9 project\django\django\tests\inspectdb\models.py,0,0,0,0,0,0,0,0,1,0,0,0,0,0,0,48,12,1,9,9,7,2,9,9,7,0,0,0,0,2,0,0.22,0,0,0,0,0,0,32,8,0.0,no
Class,invalid_models_tests.test_ordinary_fields.CharFieldTests,D:\thesis2\9 project\django\django\tests\invalid_models_tests\test_ordinary_fields.py,1,1,1,1,15,1,14,0,1,11,11,0,9,0,9,38,149,19,130,59,108,0,66,57,46,1,1,1,1,3,0,0.0,9,9,9,9,0,0,68,10,0.0,no
Class,m2m_multiple.models.Article,D:\thesis2\9 project\django\django\tests\m2m_multiple\models.py,1,1,1,1,2,0,2,0,1,0,0,0,1,0,1,49,11,2,9,8,6,0,9,8,6,1,1,1,1,2,0,0.0,1,1,1,1,0,0,25,8,25.0,no
Class,m2m_through_regress.models.UserMembership,D:\thesis2\9 project\django\django\tests\m2m_through_regress\models.py,1,1,1,1,2,0,2,0,1,0,0,0,1,0,1,49,8,1,7,5,5,0,7,5,5,1,1,1,1,2,0,0.0,1,1,1,1,0,0,20,7,50.0,no
Class,managers_regress.tests.ManagersRegressionTests,D:\thesis2\9 project\django\django\tests\managers_regress\tests.py,1,1,1,1,19,2,13,3,0,18,16,0,9,0,9,9,187,28,128,38,109,31,104,29,88,2,2,2,1,0,2,0.24,15,15,15,9,0,0,15,10,0.0,no
Class,middleware.tests.XFrameOptionsMiddlewareTest,D:\thesis2\9 project\django\django\tests\middleware\tests.py,1,1,1,1,16,1,11,4,1,5,5,0,6,0,6,33,116,13,73,19,64,31,61,19,52,3,3,3,3,2,1,0.42,9,9,9,9,0,0,495,7,0.0,no
Class,migrations.test_executor.ExecutorTests,D:\thesis2\9 project\django\django\tests\migrations\test_executor.py,1,1,1,1,32,1,22,8,1,2,2,0,9,0,9,57,401,23,281,69,234,97,158,33,146,1,1,1,1,4,2,0.35,11,11,11,11,0,0,11,12,0.0,no
Class,migrations.test_writer.WriterTests,D:\thesis2\9 project\django\django\tests\migrations\test_writer.py,1,1,1,1,10,0,8,1,1,33,20,0,31,0,31,58,386,44,294,80,254,48,201,77,163,3,3,3,1,2,2,0.16,39,39,39,34,0,0,155,32,0.0,no
Class,migrations.test_migrations_conflict.0002_conflicting_second.Migration,D:\thesis2\9 project\django\django\tests\migrations\test_migrations_conflict\0002_conflicting_second.py,0,0,0,0,0,0,0,0,1,0,0,0,0,0,0,9,14,4,10,3,9,0,3,3,2,0,0,0,0,2,0,0.0,0,0,0,0,0,0,7,7,0.0,no
Class,migrations.test_migrations_run_before.0001_initial.Migration,D:\thesis2\9 project\django\django\tests\migrations\test_migrations_run_before\0001_initial.py,0,0,0,0,0,0,0,0,1,0,0,0,0,0,0,9,14,3,11,2,10,0,2,2,1,0,0,0,0,2,0,0.0,0,0,0,0,0,0,7,8,0.0,no
Class,migrations2.test_migrations_2.0001_initial.Migration,D:\thesis2\9 project\django\django\tests\migrations2\test_migrations_2\0001_initial.py,0,0,0,0,0,0,0,0,1,0,0,0,0,0,0,9,18,4,14,3,13,0,3,3,2,0,0,0,0,2,0,0.0,0,0,0,0,0,0,7,11,0.0,no
Class,model_fields.models.PersonTwoImages,D:\thesis2\9 project\django\django\tests\model_fields\models.py,0,0,0,0,0,0,0,0,1,0,0,0,0,0,0,48,21,0,15,8,14,6,8,8,7,0,0,0,0,2,0,0.4,0,0,0,0,0,0,292,8,0.0,no
Class,model_fields.test_imagefield.TwoImageFieldTests,D:\thesis2\9 project\django\django\tests\model_fields\test_imagefield.py,1,1,1,1,18,1,13,3,1,0,0,0,5,1,5,8,102,12,69,12,63,21,68,12,62,1,1,1,1,2,0,0.3,5,5,5,5,0,0,338,8,73.33,no
Class,model_forms.tests.UniqueTest,D:\thesis2\9 project\django\django\tests\model_forms\tests.py,1,1,1,1,13,0,11,0,0,24,22,0,18,1,18,18,256,26,210,70,178,20,181,69,150,1,1,1,1,0,0,0.1,18,18,18,18,0,0,650,19,33.33,no
Class,model_formsets_regress.tests.FormfieldShouldDeleteFormTests,D:\thesis2\9 project\django\django\tests\model_formsets_regress\tests.py,1,1,1,1,13,1,9,2,0,3,1,0,4,0,4,4,107,15,73,23,64,19,47,23,38,1,1,1,1,0,0,0.26,5,5,5,5,0,0,388,26,30.0,no
Class,model_meta.test_legacy.GetFieldByNameTests,D:\thesis2\9 project\django\django\tests\model_meta\test_legacy.py,1,1,1,1,6,0,5,0,1,6,6,0,6,0,6,8,43,7,34,13,27,2,27,12,20,1,1,1,1,2,1,0.06,6,6,6,6,0,0,114,8,0.0,no
Class,multiple_database.tests.RouteForWriteTestCase,D:\thesis2\9 project\django\django\tests\multiple_database\tests.py,1,1,1,1,11,0,11,0,0,8,6,0,17,0,17,17,220,18,202,65,182,0,190,49,170,2,2,2,1,0,2,0.0,34,34,34,18,0,0,1836,20,0.0,no
Class,postgres_tests.test_array.TestMigrations,D:\thesis2\9 project\django\django\tests\postgres_tests\test_array.py,1,1,1,1,6,0,6,0,1,2,2,0,5,0,5,41,45,7,37,23,28,1,34,19,28,1,1,1,1,3,1,0.03,5,5,5,5,0,0,249,8,0.0,no
Class,prefetch_related.models.Teacher,D:\thesis2\9 project\django\django\tests\prefetch_related\models.py,1,1,1,1,2,0,2,0,1,0,0,0,1,0,1,49,11,3,8,7,5,0,8,7,5,1,1,1,1,2,0,0.0,1,1,1,1,0,0,105,7,66.67,no
Class,queries.models.ExtraInfo,D:\thesis2\9 project\django\django\tests\queries\models.py,1,1,1,1,2,0,2,0,1,0,0,0,1,0,1,49,10,2,8,7,5,0,8,7,5,1,1,1,1,2,0,0.0,1,1,1,1,0,0,73,7,33.33,no
Class,queries.tests.QuerySetSupportsPythonIdioms,D:\thesis2\9 project\django\django\tests\queries\tests.py,1,1,1,1,6,0,6,0,0,4,1,0,14,0,15,15,122,18,99,22,81,5,48,20,32,2,2,2,1,0,1,0.05,16,16,16,15,0,0,2222,16,0.0,no
Class,redirects_tests.tests.RedirectTests,D:\thesis2\9 project\django\django\tests\redirects_tests\tests.py,1,1,1,1,4,0,4,0,0,4,4,0,7,1,7,7,44,7,36,17,25,1,25,14,17,1,1,1,1,0,1,0.03,7,7,7,7,0,0,11,10,71.43,no
Class,select_related.tests.SelectRelatedTests,D:\thesis2\9 project\django\django\tests\select_related\tests.py,1,1,1,1,9,0,6,2,0,10,9,0,13,0,15,15,153,17,103,45,85,33,80,43,64,4,4,4,1,0,2,0.32,18,18,18,15,0,0,12,16,0.0,no
Class,serializers.tests.JsonSerializerTestCase,D:\thesis2\9 project\django\django\tests\serializers\tests.py,1,1,1,1,18,0,15,2,1,3,1,0,7,0,10,25,225,11,190,42,176,24,66,39,55,3,3,3,1,2,2,0.13,18,18,18,10,0,0,388,16,0.0,no
Class,settings_tests.tests.TrailingSlashURLTests,D:\thesis2\9 project\django\django\tests\settings_tests\tests.py,1,1,1,1,11,1,7,2,1,1,1,0,6,2,6,33,80,17,44,10,37,19,40,10,33,1,1,1,1,2,1,0.43,6,6,6,6,0,0,307,8,55.56,no
Class,sites_framework.migrations.0001_initial.Migration,D:\thesis2\9 project\django\django\tests\sites_framework\migrations\0001_initial.py,0,0,0,0,0,0,0,0,1,0,0,0,0,0,0,9,44,2,42,3,41,0,3,3,2,0,0,0,0,2,0,0.0,0,0,0,0,0,0,7,7,0.0,no
Class,swappable_models.tests.SwappableModelTests,D:\thesis2\9 project\django\django\tests\swappable_models\tests.py,1,1,1,1,15,2,9,3,0,4,3,0,2,0,2,2,41,8,27,8,22,6,19,6,16,2,2,2,1,0,1,0.22,3,3,3,2,0,0,12,7,0.0,no
Class,template_tests.test_engine.TemplateDirsOverrideTests,D:\thesis2\9 project\django\django\tests\template_tests\test_engine.py,1,1,1,1,4,0,4,0,1,1,1,0,4,1,4,31,22,4,18,12,13,0,15,12,10,2,2,2,1,2,1,0.0,7,7,7,4,0,0,94,7,87.5,no
Class,template_tests.test_response.TemplateResponseTest,D:\thesis2\9 project\django\django\tests\template_tests\test_response.py,1,1,1,1,7,0,6,0,1,6,4,0,12,2,12,39,103,17,79,34,63,7,60,31,47,3,3,3,1,2,2,0.09,14,14,14,12,0,0,225,14,29.17,no
Class,template_tests.filter_tests.test_length_is.LengthIsTests,D:\thesis2\9 project\django\django\tests\template_tests\filter_tests\test_length_is.py,1,1,1,1,3,0,3,0,1,0,0,0,11,0,11,38,58,11,45,34,22,2,34,23,22,1,1,1,1,2,0,0.04,11,11,11,11,0,0,7,12,100.0,no
Class,template_tests.filter_tests.test_urlize.UrlizeTests,D:\thesis2\9 project\django\django\tests\template_tests\filter_tests\test_urlize.py,1,1,1,1,5,0,5,0,1,0,0,0,9,0,9,36,72,9,60,28,41,4,28,19,18,1,1,1,1,2,0,0.07,9,9,9,9,0,0,11,10,100.0,no
Class,template_tests.syntax_tests.test_filter_tag.FilterTagTests,D:\thesis2\9 project\django\django\tests\template_tests\syntax_tests\test_filter_tag.py,1,1,1,1,3,0,3,0,1,1,1,0,8,0,8,35,41,8,33,21,16,0,25,13,16,1,1,1,1,2,1,0.0,8,8,8,8,0,0,7,9,100.0,no
Class,template_tests.syntax_tests.test_named_endblock.NamedEndblockTests,D:\thesis2\9 project\django\django\tests\template_tests\syntax_tests\test_named_endblock.py,1,1,1,1,3,0,3,0,1,1,1,0,7,0,7,34,47,7,35,24,14,5,22,11,14,1,1,1,1,2,1,0.14,7,7,7,7,0,0,7,8,100.0,no
Class,test_client.tests.ClientTest,D:\thesis2\9 project\django\django\tests\test_client\tests.py,1,1,1,1,9,0,6,2,0,3,1,0,46,0,47,47,502,95,308,110,258,99,255,108,207,2,2,2,1,0,1,0.32,50,50,50,47,0,0,37,49,95.74,yes
Class,test_client_regress.tests.RequestMethodStringDataTests,D:\thesis2\9 project\django\django\tests\test_client_regress\tests.py,1,1,1,1,6,0,5,1,1,1,0,0,6,0,6,33,45,6,31,17,24,8,31,17,24,1,1,1,1,2,1,0.26,6,6,6,6,0,0,1236,8,100.0,no
Class,test_utils.tests.OverrideSettingsTests,D:\thesis2\9 project\django\django\tests\test_utils\tests.py,1,1,1,1,8,0,4,3,1,6,4,0,13,0,13,40,130,18,65,24,49,47,63,22,49,1,1,1,1,2,2,0.72,13,13,13,13,0,0,787,14,7.69,no
Class,transactions.tests.AtomicErrorsTests,D:\thesis2\9 project\django\django\tests\transactions\tests.py,1,1,1,1,9,0,7,1,1,3,3,0,5,0,5,41,55,6,41,14,33,8,39,12,33,1,1,1,1,3,2,0.2,5,5,5,5,0,0,298,9,0.0,no
Class,urlpatterns_reverse.tests.RequestURLconfTests,D:\thesis2\9 project\django\django\tests\urlpatterns_reverse\tests.py,1,1,1,1,7,0,5,2,1,2,2,0,7,0,7,34,92,6,70,48,28,16,36,14,28,1,1,1,1,2,1,0.23,7,7,7,7,0,0,578,9,100.0,no
Class,utils_tests.test_html.TestUtilsHtml,D:\thesis2\9 project\django\django\tests\utils_tests\test_html.py,1,1,1,1,10,0,8,1,1,4,2,0,15,0,15,42,237,23,193,81,154,27,127,73,95,4,4,4,1,2,2,0.14,39,39,39,24,0,0,14,16,0.0,no
Class,utils_tests.test_timesince.TimesinceTests,D:\thesis2\9 project\django\django\tests\utils_tests\test_timesince.py,1,1,1,1,9,0,7,1,1,4,1,0,11,9,11,11,123,13,94,31,79,16,71,30,57,1,1,1,1,1,0,0.17,12,12,12,12,0,0,11,12,41.41,no
Class,view_tests.models.BaseArticle,D:\thesis2\9 project\django\django\tests\view_tests\models.py,1,1,1,1,2,0,2,0,1,0,0,3,1,0,1,49,14,2,8,7,5,4,8,7,5,1,1,1,1,2,0,0.5,1,1,1,1,0,0,20,7,33.33,no
Class,view_tests.tests.test_static.StaticTests,D:\thesis2\9 project\django\django\tests\view_tests\tests\test_static.py,1,1,1,1,8,0,6,1,1,3,2,1,9,0,9,36,90,12,64,42,54,14,58,37,48,2,2,2,1,2,2,0.22,10,10,10,9,0,0,17,12,100.0,no
Abstract Class,atcd.AtcdThriftHandlerTask.AtcdThriftHandlerTask,D:\thesis2\real 106 project\augmented-traffic-control\atc\atcd\atcd\AtcdThriftHandlerTask.py,2,2,2,1,17,1,10,4,1,18,9,1,33,10,34,34,705,92,440,117,400,173,273,108,238,7,7,7,6,1,4,0.39,72,72,77,48,0,0,104,58,6.14,yes
Class,autojump_argparse._MutuallyExclusiveGroup,D:\thesis2\real 106 project\autojump\bin\autojump_argparse.py,1,1,1,1,4,0,4,0,1,2,0,0,3,2,3,24,18,3,15,7,11,0,15,7,11,2,2,2,1,3,1,0.0,4,4,4,3,0,0,1529,4,66.67,no
Class,autojump_argparse.ArgumentParser,D:\thesis2\real 106 project\autojump\bin\autojump_argparse.py,4,4,4,1,26,3,17,5,2,14,4,0,29,10,29,50,827,131,517,171,468,179,428,159,391,21,21,21,12,2,6,0.35,142,142,152,65,0,0,1549,30,8.28,no
Class,awscli.arguments.CLIArgument,D:\thesis2\real 106 project\aws-cli\awscli\arguments.py,1,1,1,1,8,0,4,3,1,1,0,6,12,6,12,29,134,22,73,34,52,39,44,26,31,2,2,2,1,2,1,0.53,15,15,15,12,0,0,335,25,15.91,no
Class,awscli.customizations.codedeploy.push.Push,D:\thesis2\real 106 project\aws-cli\awscli\customizations\codedeploy\push.py,2,2,2,1,21,0,21,0,1,6,2,0,8,2,8,32,257,13,242,38,232,2,84,33,75,6,6,6,1,3,5,0.01,22,22,23,8,0,0,32,48,12.5,yes
Class,awscli.customizations.emr.createcluster.CreateCluster,D:\thesis2\real 106 project\aws-cli\awscli\customizations\emr\createcluster.py,5,5,6,2,29,4,25,0,1,10,7,0,12,1,12,43,443,61,379,54,364,3,180,51,167,22,22,29,9,4,4,0.01,61,61,75,28,0,0,33,83,4.76,yes
Class,lib.bup.metadata.Metadata,D:\thesis2\real 106 project\bup\lib\bup\metadata.py,4,4,4,2,13,0,12,1,0,10,1,0,39,16,40,40,630,63,508,120,465,67,401,107,359,24,24,30,16,0,4,0.13,166,166,196,110,0,0,195,40,12.14,yes
Class,celery.tests.worker.test_control.test_ControlPanel,D:\thesis2\real 106 project\celery\celery\tests\worker\test_control.py,1,1,1,1,9,0,8,0,1,15,9,0,36,3,36,52,470,74,395,135,340,3,326,132,273,1,1,1,1,3,1,0.01,47,47,47,47,0,0,117,37,16.67,no
Class,celery.tests.worker.test_heartbeat.test_Heart,D:\thesis2\real 106 project\celery\celery\tests\worker\test_heartbeat.py,1,1,1,1,7,0,7,0,1,3,3,0,3,0,3,19,26,3,23,13,19,0,23,13,19,1,1,1,1,3,0,0.0,3,3,3,3,0,0,48,4,0.0,no
Class,celery.tests.worker.test_request.test_Request,D:\thesis2\real 106 project\celery\celery\tests\worker\test_request.py,1,1,1,1,8,0,8,0,1,13,10,0,61,4,61,77,673,81,592,188,509,1,473,176,399,3,3,6,3,3,2,0.0,89,89,92,73,0,0,210,62,15.85,yes
Class,celery.worker.consumer.Consumer,D:\thesis2\real 106 project\celery\celery\worker\consumer.py,2,2,2,1,11,0,9,1,1,4,2,2,28,22,28,28,370,56,266,92,227,53,210,84,177,8,8,10,8,1,4,0.2,68,68,76,42,0,0,129,36,8.71,no
Class,api.exceptions.HealthcheckException,D:\thesis2\real 106 project\deis\controller\api\exceptions.py,0,0,0,0,0,0,0,0,1,0,0,0,0,0,0,12,3,0,2,1,1,1,2,1,1,0,0,0,0,3,0,0.5,0,0,0,0,0,0,1,2,0.0,no
Class,docopt.Tokens,D:\thesis2\real 106 project\docopt\docopt.py,1,1,1,1,2,0,2,0,1,2,2,0,3,1,4,38,17,4,13,7,7,0,12,6,7,2,2,2,1,2,0,0.0,7,7,7,4,0,0,282,5,25.0,no
Class,dshell.Decoder,D:\thesis2\real 106 project\Dshell\lib\dshell.py,3,3,3,1,13,0,8,4,1,8,1,7,26,23,26,26,415,60,227,67,200,144,209,66,182,11,11,15,4,1,3,0.63,87,87,93,40,0,0,22,28,8.97,no
Class,eve.tests.config.TestConfig,D:\thesis2\real 106 project\eve\eve\tests\config.py,1,1,1,1,10,0,9,0,1,10,6,0,41,1,41,92,492,67,400,96,354,28,302,93,256,5,5,6,1,3,3,0.07,55,55,56,42,0,0,13,42,40.65,no
Class,eve.tests.methods.post.TestPost,D:\thesis2\real 106 project\eve\eve\tests\methods\post.py,1,1,1,1,10,0,9,0,1,3,0,0,63,7,63,114,744,99,608,246,544,37,523,245,459,3,3,4,1,3,1,0.06,67,67,73,63,0,0,12,64,13.61,yes
Class,explainshell.util.propertycache,D:\thesis2\real 106 project\explainshell\explainshell\util.py,1,1,1,1,3,0,3,0,1,0,0,0,3,2,3,3,12,2,10,7,6,0,10,7,6,1,1,1,1,1,0,0.0,3,3,3,3,0,0,134,4,100.0,no
Abstract Class,bs4.dammit.UnicodeDammit,D:\thesis2\real 106 project\Flashlight\flashlightplugins\bs4\dammit.py,6,6,9,3,32,2,25,5,0,9,0,0,8,7,9,9,634,35,531,51,517,197,174,47,163,16,16,22,12,0,4,0.37,62,62,85,29,0,0,158,306,11.73,yes
Class,bs4.element.Tag,D:\thesis2\real 106 project\Flashlight\flashlightplugins\bs4\element.py,2,2,2,1,9,0,6,2,1,11,3,1,39,8,39,77,431,57,280,107,222,99,230,89,190,17,17,24,5,2,4,0.35,93,93,109,53,0,0,726,51,4.74,yes
Class,glances.core.glances_client_browser.GlancesClientBrowser,D:\thesis2\real 106 project\glances\glances\core\glances_client_browser.py,3,3,4,1,26,2,16,7,1,10,5,0,8,6,8,8,223,31,129,28,120,63,106,27,97,17,17,19,5,1,6,0.49,31,31,33,12,0,0,40,9,43.75,no
Class,sphinxext.kivy_pygments_theme.KivyStyle,D:\thesis2\real 106 project\kivy\doc\sources\sphinxext\kivy_pygments_theme.py,0,0,0,0,0,0,0,0,1,0,0,0,0,0,0,0,81,10,65,4,64,66,4,4,3,0,0,0,0,1,0,1.02,0,0,0,0,0,0,7,64,0.0,yes
Class,echo_server_app.EchoProtocol,D:\thesis2\real 106 project\kivy\examples\frameworks\twisted\echo_server_app.py,2,2,2,1,4,0,4,0,1,0,0,0,1,0,1,1,5,0,5,3,3,0,5,3,3,2,2,2,1,1,1,0.0,2,2,2,1,0,0,10,2,100.0,no
Class,legit.settings.Settings,D:\thesis2\real 106 project\legit\legit\settings.py,1,1,1,1,6,1,4,0,1,2,0,0,5,1,5,5,44,15,24,10,18,5,24,10,18,3,3,3,3,1,2,0.21,7,7,7,7,0,0,12,8,35.0,no
Class,execution_summary_test.ExecutionSummaryTest,D:\thesis2\real 106 project\luigi\test\execution_summary_test.py,1,1,1,1,11,1,9,0,1,52,46,0,29,2,29,33,789,154,629,273,491,11,540,272,403,4,4,4,1,2,1,0.02,113,113,113,79,0,0,28,30,19.83,no
Abstract Class,mailpile.commands.Command,D:\thesis2\real 106 project\Mailpile\mailpile\commands.py,2,2,3,1,10,0,10,0,1,22,7,71,33,15,34,34,633,81,543,165,477,16,432,157,373,14,14,16,5,1,4,0.03,141,141,176,73,0,0,40,66,4.95,yes
Class,mailpile.config.RuledContainer._RuledContainer,D:\thesis2\real 106 project\Mailpile\mailpile\config.py,3,3,3,1,9,0,9,0,1,22,8,0,27,6,27,27,331,41,289,72,261,3,224,72,196,13,13,16,10,1,4,0.01,88,88,103,52,0,0,602,65,8.73,yes
Class,imagernn.solver.Solver,D:\thesis2\real 106 project\neuraltalk\imagernn\solver.py,7,7,8,3,43,7,29,9,0,2,0,0,3,2,3,3,138,23,88,39,84,34,82,39,78,15,15,16,7,0,4,0.39,23,23,26,9,0,0,5,3,66.67,no
Class,flask_theme_support.FlaskyStyle,D:\thesis2\real 106 project\newspaper\docs\_themes\flask_theme_support.py,0,0,0,0,0,0,0,0,1,0,0,0,0,0,0,0,80,10,65,4,64,66,4,4,3,0,0,0,0,1,0,1.02,0,0,0,0,0,0,7,64,0.0,yes
Class,newspaper.article.Article,D:\thesis2\real 106 project\newspaper\newspaper\article.py,2,2,2,1,12,1,7,2,1,12,8,0,34,33,34,34,447,96,258,104,223,94,245,103,210,8,8,12,8,1,2,0.36,75,75,88,45,0,0,33,35,8.92,no
Class,newspaper.configuration.ArticleConfiguration,D:\thesis2\real 106 project\newspaper\newspaper\configuration.py,0,0,0,0,0,0,0,0,1,0,0,0,0,0,0,6,2,0,2,1,1,0,2,1,1,0,0,0,0,2,0,0.0,0,0,0,0,0,0,108,2,0.0,no
Abstract Class,matplotlib.axes.Axes,D:\thesis2\real 106 project\nupic\external\linux32\lib\python2.6\site-packages\matplotlib\axes.py,3,3,4,1,34,6,15,13,1,66,47,2,182,53,182,235,6753,1391,2862,799,2624,2547,2427,752,2235,52,52,60,22,2,5,0.89,687,687,774,286,0,0,415,245,3.15,yes
Class,account.models.account_bank_statement.AccountBankStatementLine,D:\thesis2\real 106 project\odoo\addons\account\models\account_bank_statement.py,4,4,8,2,24,2,17,5,1,8,3,0,18,2,18,212,519,64,355,130,324,106,274,120,254,19,19,36,8,3,4,0.3,78,78,155,40,0,0,352,40,14.32,yes
Class,account.models.chart_template.AccountBankAccountsWizard,D:\thesis2\real 106 project\odoo\addons\account\models\chart_template.py,0,0,0,0,0,0,0,0,1,0,0,0,0,0,0,194,8,1,7,6,6,0,6,6,5,0,0,0,0,3,0,0.0,0,0,0,0,0,0,764,6,0.0,no
Class,cherrypy._cprequest.Request,D:\thesis2\real 106 project\pattern\pattern\server\cherrypy\cherrypy\_cprequest.py,4,4,4,2,32,4,19,8,1,12,6,0,9,0,9,9,608,102,230,67,219,276,237,65,227,10,10,11,6,1,5,1.2,40,40,43,23,0,0,172,91,16.39,yes
Class,cherrypy._cptools.Tool,D:\thesis2\real 106 project\pattern\pattern\server\cherrypy\cherrypy\_cptools.py,2,2,2,1,10,0,7,2,1,4,0,6,7,5,7,7,93,14,58,23,49,21,54,23,45,7,7,7,1,1,3,0.36,21,21,21,8,0,0,49,10,26.53,no
Class,tests.lib.Pl,D:\thesis2\real 106 project\powerline\tests\lib\__init__.py,1,1,1,1,8,0,8,0,1,0,0,0,1,7,1,1,15,1,14,10,12,0,11,10,9,1,1,1,1,1,1,0.0,1,1,1,1,0,0,8,6,100.0,no
Class,BaseHTTPServer.BaseHTTPRequestHandler,D:\thesis2\real 106 project\pyston\from_cpython\Lib\BaseHTTPServer.py,3,3,3,1,17,2,10,4,1,5,0,6,14,7,14,20,463,92,222,50,207,151,141,49,126,12,12,14,9,2,3,0.68,43,43,47,27,0,0,114,84,14.29,yes
Class,decimal.Decimal,D:\thesis2\real 106 project\pyston\from_cpython\Lib\decimal.py,5,5,6,4,26,3,16,6,1,24,12,2,115,1,115,115,3217,496,1951,386,1835,781,1743,385,1627,39,39,44,26,1,5,0.4,666,666,774,469,0,0,506,127,9.39,yes
Class,r2.controllers.reddit_base.MinimalController,D:\thesis2\real 106 project\reddit\r2\r2\controllers\reddit_base.py,4,4,5,1,27,3,18,4,1,6,4,8,15,0,15,26,432,76,289,62,273,67,226,59,210,15,15,28,4,2,3,0.23,70,70,89,27,0,0,818,23,4.44,no
Class,r2.lib.app_globals.Globals,D:\thesis2\real 106 project\reddit\r2\r2\lib\app_globals.py,5,5,5,1,63,9,45,8,1,31,22,0,9,81,9,9,907,118,698,157,681,92,281,138,267,26,26,26,5,1,3,0.13,61,61,62,19,0,0,159,198,13.36,yes
Class,test_requests.RequestsTestCase.test_prepared_from_session.DummyAuth,D:\thesis2\real 106 project\requests\test_requests.py,1,1,1,1,3,0,3,0,1,0,0,0,1,0,1,1,4,0,4,2,2,0,4,2,2,1,1,1,1,1,0,0.0,1,1,1,1,0,0,633,2,0.0,no
Class,flask_theme_support.FlaskyStyle,D:\thesis2\real 106 project\requests\docs\_themes\flask_theme_support.py,0,0,0,0,0,0,0,0,1,0,0,0,0,0,0,0,80,10,65,4,64,66,4,4,3,0,0,0,0,1,0,1.02,0,0,0,0,0,0,7,64,0.0,no
Class,sentry.migrations.0057_auto__add_field_group_active_at.Migration,D:\thesis2\real 106 project\sentry\src\sentry\migrations\0057_auto__add_field_group_active_at.py,1,1,1,1,4,1,2,1,1,0,0,0,2,0,2,2,216,8,206,5,203,2,7,5,4,1,1,1,1,1,0,0.01,2,2,2,2,0,0,7,182,0.0,yes
Class,sentry.migrations.0176_auto__add_field_organizationmember_counter__add_unique_organizationmem.Migration,D:\thesis2\real 106 project\sentry\src\sentry\migrations\0176_auto__add_field_organizationmember_counter__add_unique_organizationmem.py,1,1,1,1,7,1,4,2,1,0,0,0,2,0,2,2,414,8,402,5,399,4,9,5,6,1,1,1,1,1,0,0.01,2,2,2,2,0,0,8,356,0.0,yes
Class,tests.sentry.web.frontend.groups.tests.GroupEventListTest,D:\thesis2\real 106 project\sentry\tests\sentry\web\frontend\groups\tests.py,1,1,1,1,5,0,5,0,1,0,0,0,2,0,2,33,14,1,13,5,9,0,8,4,5,1,1,1,1,4,0,0.0,2,2,2,2,0,0,42,3,50.0,no
Class,cherrypy._cprequest.Request,D:\thesis2\real 106 project\Sick-Beard\cherrypy\_cprequest.py,4,4,4,2,30,4,19,7,1,12,6,0,9,0,9,9,611,99,426,106,415,86,239,102,229,10,10,11,6,1,5,0.2,39,39,42,23,0,0,169,133,8.3,yes
Class,cherrypy.lib.encoding.ResponseEncoder,D:\thesis2\real 106 project\Sick-Beard\cherrypy\lib\encoding.py,9,9,9,3,31,2,24,5,0,8,2,0,5,3,5,5,199,19,149,35,142,31,130,35,123,25,25,27,14,0,6,0.21,54,54,56,21,0,0,42,12,36.36,no
Class,wagtail.tests.demosite.migrations.0001_initial.Migration,D:\thesis2\real 106 project\wagtail\wagtail\tests\demosite\migrations\0001_initial.py,0,0,0,0,0,0,0,0,1,0,0,0,0,0,0,0,503,2,501,3,500,0,3,3,2,0,0,0,0,1,0,0.0,0,0,0,0,0,0,12,53,0.0,yes
Class,yapftests.reformatter_test.BasicReformatterTest,D:\thesis2\real 106 project\yapf\yapftests\reformatter_test.py,1,1,1,1,16,1,13,1,1,0,0,0,82,0,83,84,1425,180,1163,292,1078,119,395,291,311,1,1,1,1,2,0,0.1,83,83,83,83,0,0,47,84,0.0,yes
Class,yapftests.yapf_test.BadInputTest,D:\thesis2\real 106 project\yapf\yapftests\yapf_test.py,1,1,1,1,3,0,3,0,1,1,0,0,1,0,1,1,6,1,4,3,2,1,4,3,2,1,1,1,1,1,0,0.25,1,1,1,1,0,0,949,2,0.0,no
Class,youtube_dl.utils.ISO639Utils,D:\thesis2\real 106 project\youtube-dl\youtube_dl\utils.py,2,2,2,2,4,0,3,1,1,0,0,0,0,0,2,2,200,2,195,7,190,3,8,5,5,3,3,3,3,1,2,0.02,4,4,4,4,0,0,2024,188,0.0,no
Class,youtube_dl.YoutubeDL.YoutubeDL,D:\thesis2\real 106 project\youtube-dl\youtube_dl\YoutubeDL.py,6,6,7,2,28,1,25,1,1,39,20,0,49,9,52,52,1938,195,1468,357,1389,283,1155,333,1080,59,59,73,29,1,5,0.19,447,447,512,205,0,0,94,59,7.92,yes
Class,youtube_dl.extractor.arte.ArteTVConcertIE,D:\thesis2\real 106 project\youtube-dl\youtube_dl\extractor\arte.py,0,0,0,0,0,0,0,0,1,0,0,0,0,0,0,84,15,1,14,4,13,0,4,4,3,0,0,0,0,3,0,0.0,0,0,0,0,0,0,231,12,0.0,no
Class,youtube_dl.extractor.bbc.BBCCoUkIE,D:\thesis2\real 106 project\youtube-dl\youtube_dl\extractor\bbc.py,3,3,3,1,13,0,12,0,1,3,2,1,19,0,19,99,468,40,409,114,385,21,197,111,173,9,9,10,6,2,4,0.05,66,66,73,37,0,0,20,149,4.09,yes
Class,yowsup.demos.cli.layer.YowsupCliLayer,D:\thesis2\real 106 project\yowsup\yowsup\demos\cli\layer.py,1,1,1,1,5,0,4,0,2,10,8,0,67,7,67,102,545,103,413,206,288,29,338,161,258,6,6,6,3,3,2,0.07,136,136,138,83,0,0,28,78,1.98,yes
Class,yowsup.layers.auth.protocolentities.challenge.ChallengeProtocolEntity,D:\thesis2\real 106 project\yowsup\yowsup\layers\auth\protocolentities\challenge.py,1,1,1,1,3,0,3,0,1,3,0,0,4,1,5,5,22,4,17,11,10,1,16,10,10,1,1,1,1,1,0,0.06,5,5,5,5,0,0,2,6,80.0,no
Class,tests.finance.test_slippage.SlippageTestCase,D:\thesis2\real 106 project\zipline\tests\finance\test_slippage.py,2,2,2,1,95,16,75,3,1,8,3,0,5,0,5,5,611,91,481,38,471,39,101,34,95,4,4,4,1,1,2,0.08,12,12,12,5,0,0,35,87,0.0,yes
Class,tests.pipeline.test_factor.F,D:\thesis2\real 106 project\zipline\tests\pipeline\test_factor.py,0,0,0,0,0,0,0,0,1,0,0,0,0,0,0,0,3,0,3,3,2,0,3,3,2,0,0,0,0,1,0,0.0,0,0,0,0,0,0,17,3,0.0,no
Class,tests.risk.answer_key.AnswerKey,D:\thesis2\real 106 project\zipline\tests\risk\answer_key.py,1,1,1,1,5,0,5,0,1,1,0,0,6,2,6,6,158,31,126,15,118,1,26,14,19,4,4,4,1,1,3,0.01,10,10,10,6,0,0,154,85,19.44,yes
Class,tests.utils.test_events.TestEventManager,D:\thesis2\real 106 project\zipline\tests\utils\test_events.py,1,1,1,1,6,0,5,0,1,5,4,0,5,3,5,5,38,8,30,15,22,0,28,15,20,2,2,2,1,1,1,0.0,7,7,7,6,0,0,142,6,80.0,no
