Kind,understandname,file,CountLine,CountLineBlank,CountLineCode,CountLineCodeDecl,CountLineCodeExe,CountLineComment,CountPath,CountPathLog,CountStmt,CountStmtDecl,CountStmtExe,Cyclomatic,CyclomaticModified,CyclomaticStrict,Essential,MaxNesting,RatioCommentToCode,number of parameter,"number of parameter without *args, **kargs",lineno,PAR,smell
Function,"tornado.auth._oauth_signature(consumer_token,method,url,parameters,token)",D:\thesis2\9 project\tornado\tornado\tornado\auth.py,22.0,4.0,15.0,8.0,14.0,3.0,1.0,0.0,14.0,8.0,13.0,2.0,2.0,2.0,1.0,0.0,0.2,5,5,1022,3,no
Function,"tornado.httpclient._RequestProxy.__init__(self,request,defaults)",D:\thesis2\9 project\tornado\tornado\tornado\httpclient.py,3.0,0.0,3.0,3.0,2.0,0.0,1.0,0.0,3.0,3.0,2.0,1.0,1.0,1.0,1.0,0.0,0.0,3,3,616,3,no
Function,"tornado.ioloop.PollIOLoop.set_blocking_signal_threshold(self,seconds,action)",D:\thesis2\9 project\tornado\tornado\tornado\ioloop.py,9.0,0.0,9.0,1.0,8.0,0.0,3.0,0.0,7.0,1.0,6.0,4.0,4.0,4.0,1.0,1.0,0.0,3,3,719,3,no
Function,"tornado.stack_context.StackContext.exit(self,type,value,traceback)",D:\thesis2\9 project\tornado\tornado\tornado\stack_context.py,3.0,0.0,3.0,2.0,2.0,0.0,1.0,0.0,3.0,2.0,2.0,1.0,1.0,1.0,1.0,0.0,0.0,4,4,122,4,no
Function,"tornado.testing.AsyncTestCase._handle_exception(self,typ,value,tb)",D:\thesis2\9 project\tornado\tornado\tornado\testing.py,8.0,0.0,8.0,1.0,7.0,0.0,2.0,0.0,6.0,1.0,5.0,2.0,2.0,2.0,1.0,1.0,0.0,4,4,243,4,no
Function,"tornado.web.RequestHandler.reverse_url(self,name,args)",D:\thesis2\9 project\tornado\tornado\tornado\web.py,3.0,0.0,2.0,1.0,1.0,1.0,1.0,0.0,2.0,1.0,1.0,1.0,1.0,1.0,1.0,0.0,0.5,3,2,1296,3,no
Function,"tornado.web.create_signed_value(secret,name,value,version,clock,key_version)",D:\thesis2\9 project\tornado\tornado\tornado\web.py,47.0,3.0,30.0,6.0,27.0,14.0,16.0,1.0,21.0,5.0,19.0,6.0,6.0,7.0,3.0,2.0,0.47,6,6,2981,3,no
Function,"tornado.platform.caresresolver.CaresResolver._sock_state_cb(self,fd,readable,writable)",D:\thesis2\9 project\tornado\tornado\tornado\platform\caresresolver.py,12.0,0.0,12.0,2.0,11.0,0.0,3.0,0.0,9.0,2.0,8.0,5.0,5.0,5.0,1.0,1.0,0.0,4,4,30,4,no
Function,"tornado.test.httpclient_test.HTTPClientCommonTestCase.test_header_callback_stack_context.error_handler(typ,value,tb)",D:\thesis2\9 project\tornado\tornado\tornado\test\httpclient_test.py,3.0,0.0,3.0,1.0,2.0,0.0,1.0,0.0,3.0,1.0,2.0,1.0,1.0,1.0,1.0,0.0,0.0,3,3,334,3,no
Function,"tornado.test.tcpclient_test.TCPClientTest.do_test_connect(self,family,host)",D:\thesis2\9 project\tornado\tornado\tornado\test\tcpclient_test.py,7.0,0.0,7.0,4.0,6.0,0.0,1.0,0.0,7.0,4.0,6.0,1.0,1.0,1.0,1.0,1.0,0.0,3,3,83,3,no
Function,"tornado.test.wsgi_test.WSGIContainerTest.wsgi_app(self,environ,start_response)",D:\thesis2\9 project\tornado\tornado\tornado\test\wsgi_test.py,5.0,0.0,5.0,3.0,4.0,0.0,1.0,0.0,5.0,3.0,4.0,1.0,1.0,1.0,1.0,0.0,0.0,3,3,13,3,no
Function,"benchmarks.linalg.Norm.time_inf_norm(self,size,contig,module)",D:\thesis2\9 project\scipy\scipy\benchmarks\benchmarks\linalg.py,5.0,0.0,5.0,1.0,4.0,0.0,2.0,0.0,4.0,1.0,3.0,2.0,2.0,2.0,1.0,1.0,0.0,4,4,95,4,no
Function,"benchmarks.sparse_linalg_lobpcg.Bench.setup_mikota(self,n,solver)",D:\thesis2\9 project\scipy\scipy\benchmarks\benchmarks\sparse_linalg_lobpcg.py,3.0,0.0,3.0,3.0,2.0,0.0,1.0,0.0,3.0,3.0,2.0,1.0,1.0,1.0,1.0,0.0,0.0,3,3,78,3,no
Function,"test_hierarchy.TestIsValidLinkage.check_is_valid_linkage_various_size(self,nrow,ncol,valid)",D:\thesis2\9 project\scipy\scipy\scipy\cluster\tests\test_hierarchy.py,8.0,0.0,7.0,2.0,6.0,1.0,2.0,0.0,6.0,2.0,5.0,2.0,2.0,2.0,1.0,1.0,0.14,4,4,292,4,no
Function,"scipy.integrate.quadrature.romberg(function,a,b,args,tol,rtol,show,divmax,vec_func)",D:\thesis2\9 project\scipy\scipy\scipy\integrate\quadrature.py,115.0,16.0,31.0,13.0,29.0,68.0,20.0,1.0,28.0,12.0,27.0,6.0,6.0,8.0,4.0,2.0,2.19,9,9,589,3,no
Function,"test_integrate.jac2(t,x,omega1,omega2)",D:\thesis2\9 project\scipy\scipy\scipy\integrate\tests\test_integrate.py,4.0,0.0,4.0,2.0,3.0,0.0,1.0,0.0,3.0,2.0,2.0,1.0,1.0,1.0,1.0,0.0,0.0,4,4,510,4,yes
Function,"scipy.interpolate.fitpack2.InterpolatedUnivariateSpline.__init__(self,x,y,w,bbox,k,ext,check_finite)",D:\thesis2\9 project\scipy\scipy\scipy\interpolate\fitpack2.py,17.0,3.0,13.0,4.0,11.0,1.0,6.0,1.0,10.0,3.0,9.0,4.0,4.0,6.0,4.0,2.0,0.08,8,8,583,3,no
Function,"scipy.interpolate.interpolate._find_smoothest(xk,yk,order,conds,B)",D:\thesis2\9 project\scipy\scipy\scipy\interpolate\interpolate.py,25.0,0.0,20.0,12.0,19.0,5.0,2.0,0.0,20.0,12.0,19.0,2.0,2.0,2.0,1.0,1.0,0.25,5,5,1941,3,no
Function,"scipy.interpolate.rbf.Rbf.__init__(self,args,kwargs)",D:\thesis2\9 project\scipy\scipy\scipy\interpolate\rbf.py,30.0,5.0,21.0,14.0,20.0,4.0,8.0,1.0,20.0,14.0,19.0,4.0,4.0,4.0,1.0,1.0,0.19,3,1,185,3,no
Function,"scipy.io.arff.arffread.print_attribute(name,tp,data)",D:\thesis2\9 project\scipy\scipy\scipy\io\arff\arffread.py,12.0,0.0,12.0,4.0,11.0,0.0,3.0,0.0,11.0,4.0,10.0,3.0,3.0,5.0,1.0,2.0,0.0,3,3,671,3,no
Function,"scipy.linalg.interpolative.reconstruct_skel_matrix(A,k,idx)",D:\thesis2\9 project\scipy\scipy\scipy\linalg\interpolative.py,38.0,8.0,5.0,1.0,4.0,25.0,2.0,0.0,4.0,1.0,3.0,2.0,2.0,2.0,1.0,1.0,5.0,3,3,667,3,no
Function,"scipy.linalg._interpolative_backend.idz_id2svd(B,idx,proj)",D:\thesis2\9 project\scipy\scipy\scipy\linalg\_interpolative_backend.py,29.0,2.0,6.0,2.0,5.0,21.0,2.0,0.0,6.0,2.0,5.0,2.0,2.0,2.0,1.0,1.0,3.5,3,3,1101,3,no
Function,"test_special_matrices.TestPascal.check_case(self,n,sym,low)",D:\thesis2\9 project\scipy\scipy\scipy\linalg\tests\test_special_matrices.py,7.0,0.0,7.0,1.0,6.0,0.0,1.0,0.0,7.0,1.0,6.0,1.0,1.0,1.0,1.0,0.0,0.0,4,4,506,4,no
Function,"scipy.optimize.linesearch._quadmin(a,fa,fpa,b,fb)",D:\thesis2\9 project\scipy\scipy\scipy\optimize\linesearch.py,19.0,1.0,13.0,6.0,12.0,5.0,3.0,0.0,13.0,6.0,12.0,3.0,3.0,3.0,3.0,2.0,0.38,5,5,453,5,yes
Function,"scipy.optimize.optimize.check_grad(func,grad,x0,args,kwargs)",D:\thesis2\9 project\scipy\scipy\scipy\optimize\optimize.py,47.0,5.0,7.0,2.0,6.0,35.0,2.0,0.0,5.0,2.0,4.0,2.0,2.0,2.0,1.0,1.0,5.0,5,3,621,5,yes
Function,"scipy.optimize._linprog._pivot_row(T,pivcol,phase,tol)",D:\thesis2\9 project\scipy\scipy\scipy\optimize\_linprog.py,37.0,2.0,11.0,5.0,10.0,24.0,4.0,1.0,10.0,5.0,9.0,3.0,3.0,3.0,1.0,1.0,2.18,4,4,173,3,no
Function,"test_optimize.CheckOptimize.hessp(self,x,p)",D:\thesis2\9 project\scipy\scipy\scipy\optimize\tests\test_optimize.py,2.0,0.0,2.0,1.0,1.0,0.0,1.0,0.0,2.0,1.0,1.0,1.0,1.0,1.0,1.0,0.0,0.0,3,3,87,3,no
Function,"scipy.signal.fir_filter_design.firwin2(numtaps,freq,gain,nfreqs,window,nyq,antisymmetric)",D:\thesis2\9 project\scipy\scipy\scipy\signal\fir_filter_design.py,176.0,30.0,57.0,15.0,54.0,89.0,24576.0,4.0,46.0,14.0,44.0,18.0,18.0,25.0,9.0,2.0,1.56,7,7,311,3,no
Function,"test_ltisys.TestTransferFunction._compare_systems(self,sys1,sys2)",D:\thesis2\9 project\scipy\scipy\scipy\signal\tests\test_ltisys.py,4.0,0.0,3.0,1.0,2.0,1.0,1.0,0.0,3.0,1.0,2.0,1.0,1.0,1.0,1.0,0.0,0.33,3,3,725,3,no
Function,"scipy.sparse.csr.csr_matrix._get_submatrix(self,row_slice,col_slice)",D:\thesis2\9 project\scipy\scipy\scipy\sparse\csr.py,46.0,9.0,36.0,9.0,33.0,1.0,1.0,0.0,28.0,9.0,25.0,1.0,1.0,1.0,1.0,0.0,0.03,3,3,383,3,no
Function,"test_linsolve.TestSplu.test_splu_smoketest.check(A,b,x,msg)",D:\thesis2\9 project\scipy\scipy\scipy\sparse\linalg\dsolve\tests\test_linsolve.py,4.0,0.0,4.0,3.0,3.0,0.0,1.0,0.0,4.0,3.0,3.0,1.0,1.0,1.0,1.0,0.0,0.0,4,4,290,3,no
Function,"test_base._TestCommon.test_setdiag.check_setdiag(a,b,k)",D:\thesis2\9 project\scipy\scipy\scipy\sparse\tests\test_base.py,21.0,2.0,15.0,5.0,14.0,4.0,5.0,1.0,13.0,5.0,12.0,4.0,4.0,4.0,1.0,2.0,0.27,3,3,645,3,no
Function,"scipy.spatial._plotutils._held_figure(func,obj,ax,kw)",D:\thesis2\9 project\scipy\scipy\scipy\spatial\_plotutils.py,13.0,2.0,11.0,4.0,9.0,0.0,2.0,0.0,10.0,4.0,8.0,2.0,2.0,2.0,1.0,1.0,0.0,4,3,9,3,no
Function,"test_basic.TestBessel.iv_series(self,v,z,n)",D:\thesis2\9 project\scipy\scipy\scipy\special\tests\test_basic.py,7.0,0.0,7.0,4.0,6.0,0.0,1.0,0.0,7.0,4.0,6.0,1.0,1.0,1.0,1.0,0.0,0.0,4,4,2450,3,no
Function,"test_ellip_harm.test_ellip_harm.E24(h2,k2,s)",D:\thesis2\9 project\scipy\scipy\scipy\special\tests\test_ellip_harm.py,2.0,0.0,2.0,1.0,1.0,0.0,1.0,0.0,2.0,1.0,1.0,1.0,1.0,1.0,1.0,0.0,0.0,3,3,211,3,no
Function,"test_mpmath.TestSystematic.test_legenq.legenq(n,m,z)",D:\thesis2\9 project\scipy\scipy\scipy\special\tests\test_mpmath.py,5.0,0.0,4.0,1.0,3.0,1.0,2.0,0.0,4.0,1.0,3.0,2.0,2.0,2.0,1.0,1.0,0.25,3,3,1453,3,no
Function,"scipy.stats.mstats_extras.hdquantiles._hd_1D(data,prob,var)",D:\thesis2\9 project\scipy\scipy\scipy\stats\mstats_extras.py,29.0,2.0,23.0,10.0,22.0,4.0,6.0,1.0,23.0,10.0,22.0,5.0,5.0,5.0,4.0,2.0,0.17,3,3,58,3,no
Function,"scipy.stats._continuous_distns.beta_gen._ppf(self,q,a,b)",D:\thesis2\9 project\scipy\scipy\scipy\stats\_continuous_distns.py,2.0,0.0,2.0,1.0,1.0,0.0,1.0,0.0,2.0,1.0,1.0,1.0,1.0,1.0,1.0,0.0,0.0,4,4,387,4,no
Function,"scipy.stats._continuous_distns.dgamma_gen._sf(self,x,a)",D:\thesis2\9 project\scipy\scipy\scipy\stats\_continuous_distns.py,3.0,0.0,3.0,2.0,2.0,0.0,1.0,0.0,3.0,2.0,2.0,1.0,1.0,1.0,1.0,0.0,0.0,3,3,914,3,no
Function,"scipy.stats._continuous_distns.f_gen._sf(self,x,dfn,dfd)",D:\thesis2\9 project\scipy\scipy\scipy\stats\_continuous_distns.py,2.0,0.0,2.0,1.0,1.0,0.0,1.0,0.0,2.0,1.0,1.0,1.0,1.0,1.0,1.0,0.0,0.0,4,4,1330,4,no
Function,"scipy.stats._continuous_distns.genextreme_gen._munp(self,n,c)",D:\thesis2\9 project\scipy\scipy\scipy\stats\_continuous_distns.py,6.0,0.0,6.0,3.0,5.0,0.0,1.0,0.0,4.0,3.0,3.0,1.0,1.0,1.0,1.0,0.0,0.0,3,3,1775,3,no
Function,"scipy.stats._continuous_distns.invweibull_gen._cdf(self,x,c)",D:\thesis2\9 project\scipy\scipy\scipy\stats\_continuous_distns.py,3.0,0.0,3.0,2.0,2.0,0.0,1.0,0.0,3.0,2.0,2.0,1.0,1.0,1.0,1.0,0.0,0.0,3,3,2567,3,no
Function,"scipy.stats._continuous_distns.ncx2_gen._rvs(self,df,nc)",D:\thesis2\9 project\scipy\scipy\scipy\stats\_continuous_distns.py,2.0,0.0,2.0,1.0,1.0,0.0,1.0,0.0,2.0,1.0,1.0,1.0,1.0,1.0,1.0,0.0,0.0,3,3,3202,3,no
Function,"scipy.stats._continuous_distns.lomax_gen._logsf(self,x,c)",D:\thesis2\9 project\scipy\scipy\scipy\stats\_continuous_distns.py,2.0,0.0,2.0,1.0,1.0,0.0,1.0,0.0,2.0,1.0,1.0,1.0,1.0,1.0,1.0,0.0,0.0,3,3,3528,3,no
Function,"scipy.stats._continuous_distns.rice_gen._pdf(self,x,b)",D:\thesis2\9 project\scipy\scipy\scipy\stats\_continuous_distns.py,6.0,0.0,2.0,1.0,1.0,4.0,1.0,0.0,2.0,1.0,1.0,1.0,1.0,1.0,1.0,0.0,2.0,3,3,3964,3,no
Function,"scipy.stats._continuous_distns.gennorm_gen._sf(self,x,beta)",D:\thesis2\9 project\scipy\scipy\scipy\stats\_continuous_distns.py,2.0,0.0,2.0,1.0,1.0,0.0,1.0,0.0,2.0,1.0,1.0,1.0,1.0,1.0,1.0,0.0,0.0,3,3,4474,3,no
Function,"scipy.stats._discrete_distns.geom_gen._logpmf(self,k,p)",D:\thesis2\9 project\scipy\scipy\scipy\stats\_discrete_distns.py,2.0,0.0,2.0,1.0,1.0,0.0,1.0,0.0,2.0,1.0,1.0,1.0,1.0,1.0,1.0,0.0,0.0,3,3,224,3,no
Function,"scipy.stats._discrete_distns.zipf_gen._pmf(self,k,a)",D:\thesis2\9 project\scipy\scipy\scipy\stats\_discrete_distns.py,3.0,0.0,3.0,2.0,2.0,0.0,1.0,0.0,3.0,2.0,2.0,1.0,1.0,1.0,1.0,0.0,0.0,3,3,670,3,no
Function,"scipy.stats._distn_infrastructure.rv_generic.std(self,args,kwds)",D:\thesis2\9 project\scipy\scipy\scipy\stats\_distn_infrastructure.py,23.0,3.0,4.0,2.0,3.0,16.0,1.0,0.0,4.0,2.0,3.0,1.0,1.0,1.0,1.0,0.0,4.0,3,1,1196,3,no
Function,"scipy.stats._distn_infrastructure._drv_nonzero(self,k,args)",D:\thesis2\9 project\scipy\scipy\scipy\stats\_distn_infrastructure.py,2.0,0.0,2.0,1.0,1.0,0.0,1.0,0.0,2.0,1.0,1.0,1.0,1.0,1.0,1.0,0.0,0.0,3,2,2353,3,no
Function,"scipy.stats._multivariate.wishart_gen._mode(self,dim,df,scale)",D:\thesis2\9 project\scipy\scipy\scipy\stats\_multivariate.py,19.0,2.0,6.0,2.0,5.0,11.0,2.0,0.0,5.0,2.0,4.0,2.0,2.0,2.0,1.0,1.0,1.83,4,4,1327,4,no
Function,"test_continuous_basic.check_sf_logsf(distfn,args,msg)",D:\thesis2\9 project\scipy\scipy\scipy\stats\tests\test_continuous_basic.py,9.0,0.0,8.0,5.0,7.0,1.0,1.0,0.0,8.0,5.0,7.0,1.0,1.0,1.0,1.0,0.0,0.12,3,3,307,3,no
Function,"test_kdeoth._kde_subclass3.__init__(self,dataset,covariance)",D:\thesis2\9 project\scipy\scipy\scipy\stats\tests\test_kdeoth.py,3.0,0.0,3.0,2.0,2.0,0.0,1.0,0.0,3.0,2.0,2.0,1.0,1.0,1.0,1.0,0.0,0.0,3,3,85,3,no
Function,"scipy.weave.bytecodecompiler.ByteCodeMeaning.LOAD_NAME(self,pc,namei)",D:\thesis2\9 project\scipy\scipy\scipy\weave\bytecodecompiler.py,3.0,0.0,2.0,1.0,1.0,1.0,1.0,0.0,2.0,1.0,1.0,1.0,1.0,1.0,1.0,0.0,0.5,3,3,555,3,no
Function,"scipy.weave.bytecodecompiler.ByteCodeMeaning.CALL_FUNCTION_KW(self,pc,argc)",D:\thesis2\9 project\scipy\scipy\scipy\weave\bytecodecompiler.py,3.0,0.0,2.0,1.0,1.0,1.0,1.0,0.0,2.0,1.0,1.0,1.0,1.0,1.0,1.0,0.0,0.5,3,3,679,3,no
Function,"scipy.weave.c_spec.common_base_converter.type_spec(self,name,value)",D:\thesis2\9 project\scipy\scipy\scipy\weave\c_spec.py,6.0,0.0,5.0,2.0,4.0,1.0,1.0,0.0,5.0,2.0,4.0,1.0,1.0,1.0,1.0,0.0,0.2,3,3,136,3,no
Function,"test_scxx_object.TestObjectSetAttr.generic_existing(self,code,desired)",D:\thesis2\9 project\scipy\scipy\scipy\weave\tests\test_scxx_object.py,6.0,0.0,6.0,3.0,5.0,0.0,1.0,0.0,6.0,3.0,5.0,1.0,1.0,1.0,1.0,0.0,0.0,3,3,301,3,no
Function,"pavement.prepare_nsis_script(bdir,pyver,numver)",D:\thesis2\9 project\scipy\scipy\tools\win32\build_scripts\pavement.py,13.0,2.0,11.0,7.0,10.0,0.0,2.0,0.0,10.0,7.0,9.0,2.0,2.0,2.0,1.0,1.0,0.0,3,3,145,3,no
Function,"ansible.callbacks.PlaybookCallbacks.on_notify(self,host,handler)",D:\thesis2\9 project\ansible\ansible\lib\ansible\callbacks.py,2.0,0.0,2.0,1.0,1.0,0.0,1.0,0.0,2.0,1.0,1.0,1.0,1.0,1.0,1.0,0.0,0.0,3,3,602,3,no
Function,"ansible.callback_plugins.noop.CallbackModule.playbook_on_task_start(self,name,is_conditional)",D:\thesis2\9 project\ansible\ansible\lib\ansible\callback_plugins\noop.py,2.0,0.0,2.0,1.0,1.0,0.0,1.0,0.0,2.0,1.0,1.0,1.0,1.0,1.0,1.0,0.0,0.0,3,3,74,3,no
Function,"ansible.module_utils.facts.GenericBsdIfconfigNetwork.parse_nd6_line(self,words,current_if,ips)",D:\thesis2\9 project\ansible\ansible\lib\ansible\module_utils\facts.py,3.0,0.0,2.0,1.0,1.0,1.0,1.0,0.0,2.0,1.0,1.0,1.0,1.0,1.0,1.0,0.0,0.5,4,4,2039,4,no
Function,"ansible.playbook.PlayBook._get_playbook_vars(self,play_ds,existing_vars)",D:\thesis2\9 project\ansible\ansible\lib\ansible\playbook\__init__.py,13.0,0.0,9.0,3.0,8.0,4.0,5.0,1.0,8.0,3.0,7.0,5.0,5.0,5.0,1.0,3.0,0.44,3,3,188,3,no
Function,"ansible.runner.action_plugins.win_copy.ActionModule._remove_tempfile_if_content_defined(self,content,content_tempfile)",D:\thesis2\9 project\ansible\ansible\lib\ansible\runner\action_plugins\win_copy.py,3.0,0.0,3.0,1.0,2.0,0.0,2.0,0.0,3.0,1.0,2.0,2.0,2.0,2.0,1.0,1.0,0.0,3,3,367,3,no
Function,"ansible.runner.connection_plugins.paramiko_ssh.Connection.put_file(self,in_path,out_path)",D:\thesis2\9 project\ansible\ansible\lib\ansible\runner\connection_plugins\paramiko_ssh.py,17.0,4.0,12.0,2.0,11.0,1.0,8.0,1.0,12.0,1.0,11.0,4.0,4.0,4.0,4.0,1.0,0.08,3,3,279,3,no
Function,"ansible.runner.lookup_plugins.env.LookupModule.run(self,terms,inject,kwargs)",D:\thesis2\9 project\ansible\ansible\lib\ansible\runner\lookup_plugins\env.py,15.0,3.0,12.0,5.0,11.0,0.0,8.0,1.0,12.0,4.0,11.0,4.0,4.0,4.0,1.0,1.0,0.0,4,3,27,3,no
Function,"ansible.utils.plugins.PluginLoader.get(self,name,args,kwargs)",D:\thesis2\9 project\ansible\ansible\lib\ansible\utils\plugins.py,11.0,1.0,9.0,2.0,8.0,1.0,6.0,1.0,9.0,2.0,8.0,4.0,4.0,4.0,1.0,1.0,0.11,4,2,209,4,no
Function,"hipchat.CallbackModule.runner_on_unreachable(self,host,res)",D:\thesis2\9 project\ansible\ansible\plugins\callbacks\hipchat.py,2.0,0.0,2.0,1.0,1.0,0.0,1.0,0.0,2.0,1.0,1.0,1.0,1.0,1.0,1.0,0.0,0.0,3,3,97,3,no
Function,"osx_say.CallbackModule.playbook_on_task_start(self,name,is_conditional)",D:\thesis2\9 project\ansible\ansible\plugins\callbacks\osx_say.py,5.0,0.0,5.0,1.0,4.0,0.0,2.0,0.0,4.0,1.0,3.0,2.0,2.0,2.0,1.0,1.0,0.0,3,3,82,3,no
Function,"digital_ocean.DigitalOceanInventory.build_index(self,source_seq,key_from,key_to,use_slug)",D:\thesis2\9 project\ansible\ansible\plugins\inventory\digital_ocean.py,7.0,0.0,7.0,5.0,6.0,0.0,2.0,0.0,7.0,5.0,6.0,2.0,2.0,5.0,1.0,1.0,0.0,5,5,329,4,no
Function,"TestModuleUtilsDatabase.TestQuotePgIdentifier.check_valid_quotes(self,identifier,quoted_identifier)",D:\thesis2\9 project\ansible\ansible\test\units\TestModuleUtilsDatabase.py,2.0,0.0,2.0,1.0,1.0,0.0,1.0,0.0,2.0,1.0,1.0,1.0,1.0,1.0,1.0,0.0,0.0,3,3,90,3,no
Function,"ansible.module_utils.basic.AnsibleModule.set_mode_if_different(self,path,mode,changed)",D:\thesis2\9 project\ansible\ansible\v2\ansible\module_utils\basic.py,46.0,6.0,38.0,5.0,37.0,4.0,57.0,2.0,33.0,4.0,32.0,13.0,13.0,14.0,8.0,3.0,0.11,4,4,633,4,no
Function,"ansible.module_utils.rax.rax_find_network(module,rax_module,network)",D:\thesis2\9 project\ansible\ansible\v2\ansible\module_utils\rax.py,20.0,0.0,20.0,3.0,19.0,0.0,5.0,1.0,16.0,3.0,15.0,5.0,5.0,5.0,5.0,3.0,0.0,3,3,131,3,no
Function,"ansible.playbook.conditional.Conditional._validate_when(self,attr,name,value)",D:\thesis2\9 project\ansible\ansible\v2\ansible\playbook\conditional.py,3.0,0.0,3.0,1.0,2.0,0.0,2.0,0.0,3.0,1.0,2.0,2.0,2.0,2.0,1.0,1.0,0.0,4,4,46,4,no
Function,"ansible.plugins.cache.memcached.ProxyClientPool.__init__(self,args,kwargs)",D:\thesis2\9 project\ansible\ansible\v2\ansible\plugins\cache\memcached.py,5.0,0.0,5.0,4.0,4.0,0.0,1.0,0.0,5.0,4.0,4.0,1.0,1.0,1.0,1.0,0.0,0.0,3,1,43,3,no
Function,"ansible.plugins.callback.minimal.CallbackModule.runner_on_async_failed(self,host,res,jid)",D:\thesis2\9 project\ansible\ansible\v2\ansible\plugins\callback\minimal.py,2.0,0.0,2.0,1.0,1.0,0.0,1.0,0.0,2.0,1.0,1.0,1.0,1.0,1.0,1.0,0.0,0.0,4,4,70,4,no
Function,"ansible.plugins.connections.jail.Connection._normalize_path(self,path,prefix)",D:\thesis2\9 project\ansible\ansible\v2\ansible\plugins\connections\jail.py,5.0,0.0,5.0,2.0,4.0,0.0,2.0,0.0,5.0,2.0,4.0,2.0,2.0,2.0,1.0,1.0,0.0,3,3,115,3,no
Function,"ansible.plugins.lookup.dict.LookupModule.run(self,terms,varibles,kwargs)",D:\thesis2\9 project\ansible\ansible\v2\ansible\plugins\lookup\dict.py,6.0,2.0,4.0,1.0,3.0,0.0,2.0,0.0,4.0,1.0,3.0,2.0,2.0,2.0,1.0,1.0,0.0,4,3,22,3,no
Function,"ansible.plugins.strategies.free.StrategyModule.run(self,iterator,connection_info)",D:\thesis2\9 project\ansible\ansible\v2\ansible\plugins\strategies\free.py,82.0,16.0,31.0,8.0,30.0,38.0,58.0,2.0,31.0,8.0,30.0,10.0,10.0,13.0,6.0,5.0,1.23,3,3,28,3,no
Function,"boto.auth.HmacAuthV1Handler.add_auth(self,http_request,kwargs)",D:\thesis2\9 project\boto\boto\boto\auth.py,19.0,1.0,18.0,9.0,17.0,0.0,4.0,1.0,16.0,9.0,15.0,3.0,3.0,3.0,1.0,1.0,0.0,3,2,141,3,no
Function,"boto.connection.AWSAuthConnection.get_http_connection(self,host,port,is_secure)",D:\thesis2\9 project\boto\boto\boto\connection.py,6.0,0.0,6.0,2.0,5.0,0.0,2.0,0.0,5.0,2.0,4.0,2.0,2.0,2.0,1.0,1.0,0.0,4,4,700,4,no
Function,"boto.exception._EC2Error.endElement(self,name,value,connection)",D:\thesis2\9 project\boto\boto\boto\exception.py,7.0,0.0,7.0,1.0,6.0,0.0,3.0,0.0,5.0,1.0,4.0,3.0,3.0,3.0,3.0,1.0,0.0,4,4,410,4,no
Function,"boto.storage_uri.FileStorageUri.__init__(self,object_name,debug,is_stream)",D:\thesis2\9 project\boto\boto\boto\storage_uri.py,19.0,3.0,7.0,7.0,6.0,9.0,1.0,0.0,7.0,7.0,6.0,1.0,1.0,1.0,1.0,0.0,1.29,4,4,812,3,no
Function,"boto.cloudformation.stack.Output.startElement(self,name,attrs,connection)",D:\thesis2\9 project\boto\boto\boto\cloudformation\stack.py,2.0,0.0,2.0,1.0,1.0,0.0,1.0,0.0,2.0,1.0,1.0,1.0,1.0,1.0,1.0,0.0,0.0,4,4,206,4,yes
Function,"boto.cloudfront.identity.OriginAccessIdentityConfig.endElement(self,name,value,connection)",D:\thesis2\9 project\boto\boto\boto\cloudfront\identity.py,7.0,0.0,7.0,1.0,6.0,0.0,3.0,0.0,5.0,1.0,4.0,3.0,3.0,3.0,1.0,1.0,0.0,4,4,88,4,yes
Function,"boto.cloudfront.CloudFrontConnection.set_streaming_distribution_config(self,distribution_id,etag,config)",D:\thesis2\9 project\boto\boto\boto\cloudfront\__init__.py,2.0,0.0,2.0,1.0,1.0,0.0,1.0,0.0,2.0,1.0,1.0,1.0,1.0,1.0,1.0,0.0,0.0,4,4,192,4,no
Function,"boto.cloudsearch.optionstatus.ServicePoliciesStatus._allow_ip(self,arn,ip)",D:\thesis2\9 project\boto\boto\boto\cloudsearch\optionstatus.py,20.0,1.0,19.0,6.0,18.0,0.0,13.0,1.0,18.0,6.0,17.0,8.0,8.0,8.0,1.0,6.0,0.0,3,3,166,3,no
Function,"boto.cloudsearchdomain.layer1.CloudSearchDomainConnection.make_request(self,verb,resource,headers,data,expected_status,params)",D:\thesis2\9 project\boto\boto\boto\cloudsearchdomain\layer1.py,11.0,0.0,11.0,4.0,9.0,0.0,4.0,1.0,8.0,3.0,7.0,3.0,3.0,3.0,1.0,1.0,0.0,7,7,530,3,no
Function,"boto.configservice.layer1.ConfigServiceConnection.make_request(self,action,body)",D:\thesis2\9 project\boto\boto\boto\configservice\layer1.py,23.0,0.0,23.0,8.0,22.0,0.0,3.0,0.0,13.0,8.0,12.0,3.0,3.0,3.0,3.0,2.0,0.0,3,3,362,3,no
Function,"boto.dynamodb.layer1.Layer1.query(self,table_name,hash_key_value,range_key_conditions,attributes_to_get,limit,consistent_read,scan_index_forward,exclusive_start_key,object_hook,count)",D:\thesis2\9 project\boto\boto\boto\dynamodb\layer1.py,67.0,9.0,25.0,6.0,21.0,33.0,128.0,2.0,19.0,3.0,18.0,8.0,8.0,8.0,1.0,1.0,1.32,11,11,464,3,no
Function,"boto.dynamodb2.table.Table.lookup(self,args,kwargs)",D:\thesis2\9 project\boto\boto\boto\dynamodb2\table.py,24.0,3.0,9.0,3.0,8.0,12.0,8.0,1.0,9.0,3.0,8.0,4.0,4.0,4.0,1.0,1.0,1.33,3,1,752,3,no
Function,"boto.ec2.connection.EC2Connection.authorize_security_group_egress(self,group_id,ip_protocol,from_port,to_port,src_group_id,cidr_ip,dry_run)",D:\thesis2\9 project\boto\boto\boto\ec2\connection.py,37.0,4.0,24.0,9.0,16.0,9.0,32.0,2.0,13.0,2.0,12.0,6.0,6.0,6.0,1.0,1.0,0.38,8,8,3200,3,no
Function,"boto.ec2.instance.Reservation.endElement(self,name,value,connection)",D:\thesis2\9 project\boto\boto\boto\ec2\instance.py,7.0,0.0,7.0,1.0,6.0,0.0,3.0,0.0,5.0,1.0,4.0,3.0,3.0,3.0,1.0,1.0,0.0,4,4,144,4,no
Function,"boto.ec2.networkinterface.Attachment.endElement(self,name,value,connection)",D:\thesis2\9 project\boto\boto\boto\ec2\networkinterface.py,20.0,0.0,20.0,1.0,19.0,0.0,9.0,1.0,12.0,1.0,11.0,9.0,9.0,9.0,1.0,2.0,0.0,4,4,58,4,no
Function,"boto.ec2.securitygroup.IPPermissionsList.endElement(self,name,value,connection)",D:\thesis2\9 project\boto\boto\boto\ec2\securitygroup.py,2.0,0.0,2.0,1.0,1.0,0.0,1.0,0.0,2.0,1.0,1.0,1.0,1.0,1.0,1.0,0.0,0.0,4,4,321,4,no
Function,"boto.ec2.volumestatus.EventSet.endElement(self,name,value,connection)",D:\thesis2\9 project\boto\boto\boto\ec2\volumestatus.py,2.0,0.0,2.0,1.0,1.0,0.0,1.0,0.0,2.0,1.0,1.0,1.0,1.0,1.0,1.0,0.0,0.0,4,4,79,4,no
Function,"boto.ec2.autoscale.launchconfig.Ebs.endElement(self,name,value,connection)",D:\thesis2\9 project\boto\boto\boto\ec2\autoscale\launchconfig.py,5.0,0.0,5.0,1.0,4.0,0.0,3.0,0.0,4.0,1.0,3.0,3.0,3.0,3.0,1.0,1.0,0.0,4,4,45,4,no
Function,"boto.ec2.autoscale.AutoScaleConnection.detach_instances(self,name,instance_ids,decrement_capacity)",D:\thesis2\9 project\boto\boto\boto\ec2\autoscale\__init__.py,20.0,5.0,5.0,2.0,4.0,10.0,1.0,0.0,5.0,2.0,4.0,2.0,2.0,2.0,1.0,0.0,2.0,4,4,195,3,no
Function,"boto.ec2.elb.attributes.CrossZoneLoadBalancingAttribute.startElement(self,name,attrs,connection)",D:\thesis2\9 project\boto\boto\boto\ec2\elb\attributes.py,2.0,0.0,2.0,1.0,1.0,0.0,1.0,0.0,2.0,1.0,1.0,1.0,1.0,1.0,1.0,0.0,0.0,4,4,51,4,no
Function,"boto.ec2.elb.policies.LBCookieStickinessPolicy.endElement(self,name,value,connection)",D:\thesis2\9 project\boto\boto\boto\ec2\elb\policies.py,5.0,0.0,5.0,1.0,4.0,0.0,3.0,0.0,4.0,1.0,3.0,3.0,3.0,3.0,1.0,1.0,0.0,4,4,56,4,no
Function,"boto.ecs.item.ResponseGroup.startElement(self,name,attrs,connection)",D:\thesis2\9 project\boto\boto\boto\ecs\item.py,10.0,0.0,10.0,2.0,9.0,0.0,3.0,0.0,9.0,2.0,8.0,3.0,3.0,3.0,1.0,1.0,0.0,4,4,58,4,no
Function,"boto.emr.emrobject.EmrObject.endElement(self,name,value,connection)",D:\thesis2\9 project\boto\boto\boto\emr\emrobject.py,3.0,0.0,3.0,1.0,2.0,0.0,2.0,0.0,3.0,1.0,2.0,2.0,2.0,2.0,1.0,1.0,0.0,4,4,40,4,no
Function,"boto.fps.connection.FPSConnection.get_account_activity(self,action,response,kw)",D:\thesis2\9 project\boto\boto\boto\fps\connection.py,5.0,0.0,2.0,1.0,1.0,3.0,1.0,0.0,2.0,1.0,1.0,1.0,1.0,1.0,1.0,0.0,1.5,4,3,138,4,no
Function,"boto.fps.response.ComplexAmount.endElement(self,name,value,connection)",D:\thesis2\9 project\boto\boto\boto\fps\response.py,4.0,0.0,4.0,1.0,3.0,0.0,2.0,0.0,4.0,1.0,3.0,2.0,2.0,2.0,1.0,1.0,0.0,4,4,95,4,no
Function,"boto.glacier.layer1.Layer1.get_job_output(self,vault_name,job_id,byte_range)",D:\thesis2\9 project\boto\boto\boto\glacier\layer1.py,81.0,11.0,12.0,5.0,11.0,58.0,2.0,0.0,8.0,5.0,7.0,2.0,2.0,2.0,1.0,1.0,4.83,4,4,661,3,no
Function,"boto.gs.bucket.Bucket.endElement(self,name,value,connection)",D:\thesis2\9 project\boto\boto\boto\gs\bucket.py,7.0,0.0,7.0,3.0,6.0,0.0,3.0,0.0,5.0,3.0,4.0,3.0,3.0,3.0,1.0,1.0,0.0,4,4,66,4,no
Function,"boto.iam.connection.IAMConnection.add_user_to_group(self,group_name,user_name)",D:\thesis2\9 project\boto\boto\boto\iam\connection.py,14.0,3.0,4.0,2.0,3.0,7.0,1.0,0.0,3.0,2.0,2.0,1.0,1.0,1.0,1.0,0.0,1.75,3,3,210,3,no
Function,"boto.kinesis.layer1.KinesisConnection.put_record(self,stream_name,data,partition_key,explicit_hash_key,sequence_number_for_ordering,exclusive_minimum_sequence_number,b64_encode)",D:\thesis2\9 project\boto\boto\boto\kinesis\layer1.py,102.0,13.0,20.0,6.0,15.0,69.0,12.0,1.0,11.0,2.0,10.0,5.0,5.0,5.0,1.0,2.0,3.45,8,8,559,4,yes
Function,"boto.machinelearning.layer1.MachineLearningConnection.update_batch_prediction(self,batch_prediction_id,batch_prediction_name)",D:\thesis2\9 project\boto\boto\boto\machinelearning\layer1.py,23.0,4.0,8.0,3.0,6.0,11.0,1.0,0.0,3.0,2.0,2.0,1.0,1.0,1.0,1.0,0.0,1.38,3,3,1276,3,no
Function,"boto.mturk.connection.MTurkConnection.change_hit_type_of_hit(self,hit_id,hit_type)",D:\thesis2\9 project\boto\boto\boto\mturk\connection.py,13.0,2.0,4.0,2.0,3.0,7.0,1.0,0.0,3.0,2.0,2.0,1.0,1.0,1.0,1.0,0.0,1.75,3,3,267,3,no
Function,"boto.mturk.question.SimpleField.__init__(self,field,value)",D:\thesis2\9 project\boto\boto\boto\mturk\question.py,3.0,0.0,3.0,3.0,2.0,0.0,1.0,0.0,3.0,3.0,2.0,1.0,1.0,1.0,1.0,0.0,0.0,3,3,99,3,no
Function,"boto.mws.connection.MWSConnection.get_report(self,request,response,kw)",D:\thesis2\9 project\boto\boto\boto\mws\connection.py,4.0,0.0,2.0,1.0,1.0,2.0,1.0,0.0,2.0,1.0,1.0,1.0,1.0,1.0,1.0,0.0,1.0,4,3,498,4,no
Function,"boto.mws.connection.MWSConnection.list_matching_products(self,request,response,kw)",D:\thesis2\9 project\boto\boto\boto\mws\connection.py,5.0,0.0,2.0,1.0,1.0,3.0,1.0,0.0,2.0,1.0,1.0,1.0,1.0,1.0,1.0,0.0,1.5,4,3,774,4,no
Function,"boto.mws.connection.MWSConnection.get_subscription(self,request,response,kw)",D:\thesis2\9 project\boto\boto\boto\mws\connection.py,5.0,0.0,2.0,1.0,1.0,3.0,1.0,0.0,2.0,1.0,1.0,1.0,1.0,1.0,1.0,0.0,1.5,4,3,1025,4,no
Function,"boto.mws.response.MemberList.teardown(self,args,kw)",D:\thesis2\9 project\boto\boto\boto\mws\response.py,8.0,0.0,8.0,2.0,7.0,0.0,3.0,0.0,7.0,2.0,6.0,3.0,3.0,3.0,1.0,2.0,0.0,3,1,125,3,no
Function,"boto.pyami.config.Config.save_option(self,path,section,option,value)",D:\thesis2\9 project\boto\boto\boto\pyami\config.py,17.0,0.0,12.0,3.0,11.0,5.0,4.0,1.0,12.0,3.0,11.0,3.0,3.0,3.0,1.0,1.0,0.42,5,5,92,5,yes
Function,"boto.rds.dbsubnetgroup.DBSubnetGroup.endElement(self,name,value,connection)",D:\thesis2\9 project\boto\boto\boto\rds\dbsubnetgroup.py,13.0,0.0,13.0,1.0,12.0,0.0,6.0,1.0,8.0,1.0,7.0,6.0,6.0,6.0,1.0,1.0,0.0,4,4,56,4,no
Function,"boto.rds.RDSConnection.create_dbsnapshot(self,snapshot_id,dbinstance_id)",D:\thesis2\9 project\boto\boto\boto\rds\__init__.py,17.0,3.0,4.0,2.0,3.0,10.0,1.0,0.0,3.0,2.0,2.0,1.0,1.0,1.0,1.0,0.0,2.5,3,3,1164,3,no
Function,"boto.redshift.layer1.RedshiftConnection.create_event_subscription(self,subscription_name,sns_topic_arn,source_type,source_ids,event_categories,severity,enabled)",D:\thesis2\9 project\boto\boto\boto\redshift\layer1.py,111.0,14.0,27.0,5.0,23.0,70.0,32.0,2.0,13.0,2.0,12.0,6.0,6.0,6.0,1.0,1.0,2.59,8,8,806,3,no
Function,"boto.route53.record.ResourceRecordSets.add_change(self,action,name,type,ttl,alias_hosted_zone_id,alias_dns_name,identifier,weight,region,alias_evaluate_target_health,health_check,failover)",D:\thesis2\9 project\boto\boto\boto\route53\record.py,77.0,13.0,12.0,5.0,8.0,52.0,1.0,0.0,4.0,2.0,3.0,1.0,1.0,1.0,1.0,0.0,4.33,13,13,70,4,yes
Function,"boto.s3.bucket.Bucket.validate_kwarg_names(self,kwargs,names)",D:\thesis2\9 project\boto\boto\boto\s3\bucket.py,13.0,2.0,4.0,2.0,3.0,7.0,3.0,0.0,4.0,2.0,3.0,3.0,3.0,3.0,3.0,2.0,1.75,3,3,412,3,no
Function,"boto.s3.key.Key._send_file_internal.sender(http_conn,method,path,data,headers)",D:\thesis2\9 project\boto\boto\boto\s3\key.py,119.0,14.0,89.0,14.0,88.0,16.0,11581440.0,7.0,77.0,14.0,76.0,29.0,29.0,38.0,7.0,3.0,0.18,5,5,768,5,yes
Function,"boto.s3.tagging.Tag.startElement(self,name,attrs,connection)",D:\thesis2\9 project\boto\boto\boto\s3\tagging.py,2.0,0.0,2.0,1.0,1.0,0.0,1.0,0.0,2.0,1.0,1.0,1.0,1.0,1.0,1.0,0.0,0.0,4,4,10,4,no
Function,"boto.sdb.domain.DomainMetaData.endElement(self,name,value,connection)",D:\thesis2\9 project\boto\boto\boto\sdb\domain.py,17.0,0.0,17.0,2.0,16.0,0.0,8.0,1.0,10.0,2.0,9.0,8.0,8.0,8.0,1.0,1.0,0.0,4,4,299,4,no
Function,"boto.sdb.db.manager.sdbmanager.SDBConverter.encode_map(self,prop,value)",D:\thesis2\9 project\boto\boto\boto\sdb\db\manager\sdbmanager.py,15.0,0.0,15.0,6.0,13.0,0.0,11.0,1.0,15.0,6.0,13.0,6.0,6.0,6.0,3.0,2.0,0.0,3,3,110,3,no
Function,"boto.sdb.db.manager.xmlmanager.XMLManager.query(self,cls,filters,limit,order_by)",D:\thesis2\9 project\boto\boto\boto\sdb\db\manager\xmlmanager.py,20.0,3.0,17.0,6.0,15.0,0.0,16.0,1.0,15.0,6.0,13.0,5.0,5.0,5.0,3.0,1.0,0.0,5,5,344,3,no
Function,"boto.sqs.attributes.Attributes.startElement(self,name,attrs,connection)",D:\thesis2\9 project\boto\boto\boto\sqs\attributes.py,2.0,0.0,2.0,1.0,1.0,0.0,1.0,0.0,2.0,1.0,1.0,1.0,1.0,1.0,1.0,0.0,0.0,4,4,33,4,no
Function,"boto.sts.credentials.Credentials.endElement(self,name,value,connection)",D:\thesis2\9 project\boto\boto\boto\sts\credentials.py,13.0,0.0,13.0,1.0,12.0,0.0,6.0,1.0,8.0,1.0,7.0,6.0,6.0,6.0,1.0,1.0,0.0,4,4,80,4,no
Function,"boto.swf.layer1.Layer1.count_pending_decision_tasks(self,domain,task_list)",D:\thesis2\9 project\boto\boto\boto\swf\layer1.py,20.0,3.0,5.0,1.0,4.0,12.0,1.0,0.0,2.0,1.0,1.0,1.0,1.0,1.0,1.0,0.0,2.4,3,3,1472,3,no
Function,"boto.vpc.networkacl.PortRange.startElement(self,name,attrs,connection)",D:\thesis2\9 project\boto\boto\boto\vpc\networkacl.py,2.0,0.0,2.0,1.0,1.0,0.0,1.0,0.0,2.0,1.0,1.0,1.0,1.0,1.0,1.0,0.0,0.0,4,4,154,4,no
Function,"boto.vpc.VPCConnection.replace_route_table_assocation(self,association_id,route_table_id,dry_run)",D:\thesis2\9 project\boto\boto\boto\vpc\__init__.py,28.0,6.0,4.0,2.0,2.0,18.0,1.0,0.0,2.0,1.0,1.0,1.0,1.0,1.0,1.0,0.0,4.5,4,4,337,3,no
Function,"tests.integration.dynamodb2.test_layer1.DynamoDBv2Layer1Test.create_table(self,table_name,attributes,schema,provisioned_throughput,lsi,wait)",D:\thesis2\9 project\boto\boto\tests\integration\dynamodb2\test_layer1.py,20.0,0.0,19.0,4.0,17.0,1.0,4.0,1.0,10.0,3.0,9.0,4.0,4.0,4.0,4.0,3.0,0.05,7,7,88,5,yes
Function,"tests.unit.cloudsearch2.test_exceptions.fake_loads_value_error(content,args,kwargs)",D:\thesis2\9 project\boto\boto\tests\unit\cloudsearch2\test_exceptions.py,3.0,0.0,2.0,1.0,1.0,1.0,1.0,0.0,2.0,1.0,1.0,1.0,1.0,1.0,1.0,0.0,0.5,3,1,9,3,no
Function,"autogen_config.write_doc(name,title,classes,preamble)",D:\thesis2\9 project\ipython\ipython\docs\autogen_config.py,12.0,0.0,12.0,4.0,11.0,0.0,2.0,0.0,12.0,3.0,11.0,2.0,2.0,2.0,1.0,2.0,0.0,4,4,50,3,no
Function,"IPython.core.debugger.BdbQuit_IPython_excepthook(self,et,ev,tb,tb_offset)",D:\thesis2\9 project\ipython\ipython\IPython\core\debugger.py,2.0,0.0,2.0,1.0,1.0,0.0,1.0,0.0,2.0,1.0,1.0,1.0,1.0,1.0,1.0,0.0,0.0,5,5,78,4,yes
Function,"IPython.core.interactiveshell.SeparateUnicode.validate(self,obj,value)",D:\thesis2\9 project\ipython\ipython\IPython\core\interactiveshell.py,4.0,0.0,4.0,1.0,3.0,0.0,2.0,0.0,5.0,1.0,4.0,2.0,2.0,2.0,1.0,1.0,0.0,3,3,138,3,no
Function,"IPython.core.magic.MagicAlias.__call__(self,args,kwargs)",D:\thesis2\9 project\ipython\ipython\IPython\core\magic.py,15.0,1.0,12.0,2.0,11.0,2.0,4.0,1.0,10.0,2.0,9.0,3.0,3.0,3.0,3.0,1.0,0.17,3,1,688,3,no
Function,"IPython.core.ultratb.TBTools.set_colors(self,args,kw)",D:\thesis2\9 project\ipython\ipython\IPython\core\ultratb.py,10.0,1.0,5.0,2.0,4.0,4.0,2.0,0.0,5.0,2.0,4.0,2.0,2.0,3.0,1.0,1.0,0.8,3,1,400,3,no
Function,"IPython.core.magics.script.ScriptMagics._run_script(self,p,cell)",D:\thesis2\9 project\ipython\ipython\IPython\core\magics\script.py,5.0,0.0,4.0,1.0,3.0,1.0,1.0,0.0,4.0,1.0,3.0,1.0,1.0,1.0,1.0,0.0,0.25,3,3,245,3,no
Function,"IPython.lib.deepreload.load_next(mod,altmod,name,buf)",D:\thesis2\9 project\ipython\ipython\IPython\lib\deepreload.py,37.0,8.0,23.0,4.0,22.0,6.0,49.0,2.0,22.0,4.0,21.0,8.0,8.0,9.0,4.0,2.0,0.26,4,4,129,4,no
Function,"IPython.lib.tests.test_display.test_existing_path_FileLinks_repr_alt_formatter.fake_formatter(dirname,fnames,included_suffixes)",D:\thesis2\9 project\ipython\ipython\IPython\lib\tests\test_display.py,2.0,0.0,2.0,1.0,1.0,0.0,1.0,0.0,2.0,1.0,1.0,1.0,1.0,1.0,1.0,0.0,0.0,3,3,141,3,no
Function,"IPython.testing.plugin.ipdoctest.IPExternalExample.__init__(self,source,want,exc_msg,lineno,indent,options)",D:\thesis2\9 project\ipython\ipython\IPython\testing\plugin\ipdoctest.py,7.0,1.0,4.0,2.0,2.0,2.0,1.0,0.0,3.0,1.0,2.0,1.0,1.0,1.0,1.0,0.0,0.5,7,7,333,3,no
Function,"IPython.utils.text.compute_item_matrix(items,empty,args,kwargs)",D:\thesis2\9 project\ipython\ipython\IPython\utils\text.py,57.0,9.0,4.0,3.0,3.0,44.0,1.0,0.0,4.0,3.0,3.0,1.0,1.0,1.0,1.0,0.0,11.0,4,2,649,3,no
Function,"numpy.build_utils.waf.check_type_size(conf,type_name,expected_sizes,kw)",D:\thesis2\9 project\numpy\numpy\numpy\build_utils\waf.py,46.0,5.0,41.0,6.0,40.0,0.0,13.0,1.0,31.0,6.0,30.0,6.0,6.0,6.0,4.0,3.0,0.0,4,3,221,3,no
Function,"numpy.core.code_generators.genapi.Function._format_arg(self,typename,name)",D:\thesis2\9 project\numpy\numpy\numpy\core\code_generators\genapi.py,5.0,0.0,5.0,1.0,4.0,0.0,2.0,0.0,4.0,1.0,3.0,2.0,2.0,2.0,1.0,1.0,0.0,3,3,108,3,no
Function,"test_multiarray.TestClip._clip_type(self,type_group,array_max,clip_min,clip_max,inplace,expected_min,expected_max)",D:\thesis2\9 project\numpy\numpy\numpy\core\tests\test_multiarray.py,28.0,4.0,24.0,8.0,21.0,0.0,44.0,2.0,21.0,6.0,20.0,8.0,8.0,8.0,1.0,3.0,0.0,8,8,2873,5,yes
Function,"test_regression.TestRegression.test_bool_indexing_invalid_nr_elements.ia(x,s,v)",D:\thesis2\9 project\numpy\numpy\numpy\core\tests\test_regression.py,1.0,0.0,1.0,1.0,1.0,0.0,1.0,0.0,2.0,1.0,1.0,1.0,1.0,1.0,1.0,0.0,0.0,3,3,794,3,no
Function,"numpy.distutils.line_endings.unix2dos_one_dir(modified_files,dir_name,file_names)",D:\thesis2\9 project\numpy\numpy\numpy\distutils\line_endings.py,6.0,0.0,6.0,3.0,5.0,0.0,3.0,0.0,6.0,3.0,5.0,3.0,3.0,3.0,1.0,2.0,0.0,3,3,63,3,no
Function,"numpy.distutils.command.build_ext.build_ext._libs_with_msvc_and_fortran(self,fcompiler,c_libraries,c_library_dirs)",D:\thesis2\9 project\numpy\numpy\numpy\distutils\command\build_ext.py,53.0,3.0,43.0,13.0,41.0,7.0,2717.0,3.0,45.0,12.0,44.0,19.0,19.0,20.0,10.0,4.0,0.16,4,4,437,4,no
Function,"numpy.f2py.crackfortran.vars2fortran(block,vars,args,tab,as_interface)",D:\thesis2\9 project\numpy\numpy\numpy\f2py\crackfortran.py,118.0,0.0,111.0,14.0,110.0,7.0,513998968.0,10.0,105.0,14.0,104.0,47.0,47.0,55.0,11.0,4.0,0.06,5,5,2658,3,no
Function,"numpy.lib.financial.mirr(values,finance_rate,reinvest_rate)",D:\thesis2\9 project\numpy\numpy\numpy\lib\financial.py,30.0,3.0,10.0,6.0,9.0,17.0,2.0,0.0,10.0,6.0,9.0,2.0,2.0,3.0,1.0,1.0,1.7,3,3,708,3,no
Function,"numpy.lib.user_array.container.__setslice__(self,i,j,value)",D:\thesis2\9 project\numpy\numpy\numpy\lib\user_array.py,2.0,0.0,2.0,1.0,1.0,0.0,1.0,0.0,2.0,1.0,1.0,1.0,1.0,1.0,1.0,0.0,0.0,4,4,47,4,no
Function,"test_linalg.TestDet.do(self,a,b)",D:\thesis2\9 project\numpy\numpy\numpy\linalg\tests\test_linalg.py,16.0,1.0,15.0,6.0,14.0,0.0,2.0,0.0,14.0,6.0,13.0,2.0,2.0,2.0,1.0,1.0,0.0,3,3,560,3,no
Function,"numpy.ma.extras.apply_along_axis(func1d,axis,arr,args,kwargs)",D:\thesis2\9 project\numpy\numpy\numpy\ma\extras.py,85.0,0.0,76.0,17.0,75.0,9.0,144.0,2.0,73.0,17.0,72.0,11.0,11.0,13.0,1.0,3.0,0.12,5,3,326,5,yes
Function,"numpy.polynomial.hermite_e.hermegrid3d(x,y,z,c)",D:\thesis2\9 project\numpy\numpy\numpy\polynomial\hermite_e.py,57.0,11.0,5.0,1.0,4.0,41.0,1.0,0.0,5.0,1.0,4.0,1.0,1.0,1.0,1.0,0.0,8.2,4,4,1116,4,no
Function,"numpy.testing.noseclasses.Unplugger.options(self,parser,env)",D:\thesis2\9 project\numpy\numpy\numpy\testing\noseclasses.py,2.0,0.0,2.0,1.0,1.0,0.0,1.0,0.0,2.0,1.0,1.0,1.0,1.0,1.0,1.0,0.0,0.0,3,3,292,3,no
Function,"nltk.collocations.TrigramCollocationFinder.__init__(self,word_fd,bigram_fd,wildcard_fd,trigram_fd)",D:\thesis2\9 project\nltk\nltk\nltk\collocations.py,8.0,0.0,4.0,3.0,3.0,4.0,1.0,0.0,4.0,3.0,3.0,1.0,1.0,1.0,1.0,0.0,1.0,5,5,178,5,yes
Function,"nltk.featstruct.Feature.read_value(self,s,position,reentrances,parser)",D:\thesis2\9 project\nltk\nltk\nltk\featstruct.py,2.0,0.0,2.0,1.0,1.0,0.0,1.0,0.0,2.0,1.0,1.0,1.0,1.0,1.0,1.0,0.0,0.0,5,5,1862,5,yes
Function,"nltk.internals.Deprecated.__new__(cls,args,kwargs)",D:\thesis2\9 project\nltk\nltk\nltk\internals.py,26.0,1.0,17.0,6.0,16.0,8.0,6.0,1.0,17.0,6.0,16.0,4.0,4.0,5.0,3.0,2.0,0.47,3,1,368,3,no
Function,"nltk.tgrep._tgrep_parens_action(_s,_l,tokens)",D:\thesis2\9 project\nltk\nltk\nltk\tgrep.py,10.0,0.0,5.0,1.0,4.0,5.0,1.0,0.0,5.0,1.0,4.0,1.0,1.0,1.0,1.0,0.0,1.0,3,3,348,3,no
Function,"nltk.tree.ProbabilisticTree.__init__(self,node,children,prob_kwargs)",D:\thesis2\9 project\nltk\nltk\nltk\tree.py,3.0,0.0,3.0,1.0,2.0,0.0,1.0,0.0,3.0,1.0,2.0,1.0,1.0,1.0,1.0,0.0,0.0,4,3,1406,3,no
Function,"nltk.app.chartparser_app.ChartResultsView._color(self,treewidget,color)",D:\thesis2\9 project\nltk\nltk\nltk\app\chartparser_app.py,7.0,0.0,7.0,2.0,6.0,0.0,3.0,0.0,6.0,2.0,5.0,3.0,3.0,3.0,1.0,2.0,0.0,3,3,396,3,no
Function,"nltk.app.rdparser_app.RecursiveDescentApp._get(self,widget,treeloc)",D:\thesis2\9 project\nltk\nltk\nltk\app\rdparser_app.py,5.0,0.0,5.0,2.0,4.0,0.0,4.0,1.0,6.0,2.0,5.0,3.0,3.0,3.0,1.0,1.0,0.0,3,3,352,3,no
Function,"nltk.ccg.combinator.ForwardCombinator.combine(self,left,right)",D:\thesis2\9 project\nltk\nltk\nltk\ccg\combinator.py,3.0,0.0,3.0,2.0,2.0,0.0,2.0,0.0,3.0,2.0,2.0,2.0,2.0,2.0,1.0,1.0,0.0,3,3,59,3,no
Function,"nltk.chunk.regexp.RegexpParser._add_stage(self,rules,lhs,root_label,trace)",D:\thesis2\9 project\nltk\nltk\nltk\chunk\regexp.py,10.0,0.0,7.0,2.0,6.0,3.0,3.0,0.0,6.0,2.0,5.0,3.0,3.0,3.0,3.0,2.0,0.43,5,5,1171,5,yes
Function,"nltk.classify.tadm.write_tadm_file(train_toks,encoding,stream)",D:\thesis2\9 project\nltk\nltk\nltk\classify\tadm.py,32.0,1.0,13.0,7.0,12.0,18.0,3.0,0.0,9.0,7.0,8.0,3.0,3.0,3.0,1.0,2.0,1.38,3,3,28,3,no
Function,"nltk.corpus.reader.bracket_parse.CategorizedBracketParseCorpusReader._resolve(self,fileids,categories)",D:\thesis2\9 project\nltk\nltk\nltk\corpus\reader\bracket_parse.py,7.0,0.0,7.0,1.0,6.0,0.0,4.0,1.0,6.0,1.0,5.0,3.0,3.0,4.0,3.0,1.0,0.0,3,3,127,3,no
Function,"nltk.corpus.reader.ipipan.IPIPANCorpusView.__init__(self,filename,startpos,kwargs)",D:\thesis2\9 project\nltk\nltk\nltk\corpus\reader\ipipan.py,13.0,1.0,12.0,11.0,11.0,0.0,1.0,0.0,12.0,11.0,11.0,1.0,1.0,1.0,1.0,0.0,0.0,4,3,224,3,no
Function,"nltk.corpus.reader.semcor.SemcorSentence.__init__(self,num,items)",D:\thesis2\9 project\nltk\nltk\nltk\corpus\reader\semcor.py,3.0,0.0,3.0,2.0,2.0,0.0,1.0,0.0,3.0,2.0,2.0,1.0,1.0,1.0,1.0,0.0,0.0,3,3,210,3,no
Function,"nltk.corpus.reader.wordnet.WordNetCorpusReader.res_similarity(self,synset1,synset2,ic,verbose)",D:\thesis2\9 project\nltk\nltk\nltk\corpus\reader\wordnet.py,2.0,0.0,2.0,1.0,1.0,0.0,1.0,0.0,2.0,1.0,1.0,1.0,1.0,1.0,1.0,0.0,0.0,5,5,1560,4,no
Function,"nltk.draw.table.MultiListbox.nearest(self,args,kwargs)",D:\thesis2\9 project\nltk\nltk\nltk\draw\table.py,2.0,0.0,2.0,1.0,1.0,0.0,1.0,0.0,2.0,1.0,1.0,1.0,1.0,1.0,1.0,0.0,0.0,3,1,484,3,no
Function,"nltk.draw.util.CanvasWidget.__init__(self,canvas,parent,attribs)",D:\thesis2\9 project\nltk\nltk\nltk\draw\util.py,52.0,10.0,23.0,12.0,22.0,19.0,32.0,2.0,22.0,12.0,21.0,6.0,6.0,6.0,3.0,1.0,0.83,4,3,164,3,no
Function,"nltk.draw.util.ShowText.find_dimentions(self,text,width,height)",D:\thesis2\9 project\nltk\nltk\nltk\draw\util.py,17.0,2.0,14.0,4.0,13.0,1.0,6.0,1.0,14.0,4.0,13.0,4.0,4.0,4.0,1.0,2.0,0.07,4,4,1886,4,no
Function,"nltk.metrics.agreement.AnnotationTask.Ao(self,cA,cB)",D:\thesis2\9 project\nltk\nltk\nltk\metrics\agreement.py,8.0,1.0,5.0,3.0,4.0,2.0,1.0,0.0,5.0,3.0,4.0,1.0,1.0,1.0,1.0,0.0,0.4,3,3,178,3,no
Function,"nltk.parse.chart.Chart._trees(self,edge,complete,memo,tree_class)",D:\thesis2\9 project\nltk\nltk\nltk\parse\chart.py,55.0,9.0,24.0,9.0,23.0,22.0,12.0,1.0,22.0,9.0,21.0,8.0,8.0,9.0,4.0,2.0,0.92,5,5,649,5,yes
Function,"nltk.parse.earleychart.ScannerRule.apply(self,chart,grammar,edge)",D:\thesis2\9 project\nltk\nltk\nltk\parse\earleychart.py,4.0,0.0,4.0,2.0,3.0,0.0,3.0,0.0,4.0,2.0,3.0,3.0,3.0,3.0,1.0,2.0,0.0,4,4,182,4,no
Function,"nltk.parse.nonprojectivedependencyparser.ProbabilisticNonprojectiveParser.train(self,graphs,dependency_scorer)",D:\thesis2\9 project\nltk\nltk\nltk\parse\nonprojectivedependencyparser.py,15.0,1.0,3.0,2.0,2.0,11.0,1.0,0.0,3.0,2.0,2.0,1.0,1.0,1.0,1.0,0.0,3.67,3,3,257,3,no
Function,"nltk.parse.shiftreduce.ShiftReduceParser._match_rhs(self,rhs,rightmost_stack)",D:\thesis2\9 project\nltk\nltk\nltk\parse\shiftreduce.py,27.0,1.0,10.0,2.0,9.0,16.0,8.0,1.0,14.0,2.0,13.0,8.0,8.0,8.0,8.0,3.0,1.6,3,3,122,3,no
Function,"nltk.sem.boxer.BoxerDrsParser.attempt_adjuncts(self,expression,context)",D:\thesis2\9 project\nltk\nltk\nltk\sem\boxer.py,2.0,0.0,2.0,1.0,1.0,0.0,1.0,0.0,2.0,1.0,1.0,1.0,1.0,1.0,1.0,0.0,0.0,3,3,629,3,no
Function,"nltk.sem.drt.PossibleAntecedents.replace(self,variable,expression,replace_bound,alpha_convert)",D:\thesis2\9 project\nltk\nltk\nltk\sem\drt.py,10.0,0.0,8.0,3.0,7.0,2.0,3.0,0.0,7.0,3.0,6.0,3.0,3.0,3.0,1.0,2.0,0.25,5,5,825,3,no
Function,"nltk.sem.glue.Glue._add_to_reading_list(self,glueformula,reading_list)",D:\thesis2\9 project\nltk\nltk\nltk\sem\glue.py,16.0,0.0,13.0,4.0,12.0,3.0,10.0,1.0,13.0,3.0,12.0,6.0,6.0,6.0,5.0,4.0,0.23,3,3,521,3,no
Function,"nltk.sem.logic.LogicParser.handle_quant(self,tok,context)",D:\thesis2\9 project\nltk\nltk\nltk\sem\logic.py,22.0,2.0,18.0,3.0,17.0,3.0,40.0,2.0,17.0,3.0,16.0,7.0,7.0,10.0,5.0,2.0,0.17,3,3,366,3,no
Function,"nltk.sem.util.evaluate_sents(inputs,grammar,model,assignment,trace)",D:\thesis2\9 project\nltk\nltk\nltk\sem\util.py,13.0,1.0,4.0,2.0,3.0,8.0,1.0,0.0,2.0,1.0,1.0,1.0,1.0,1.0,1.0,0.0,2.0,5,5,84,4,no
Function,"nltk.tag.brill_trainer_orig.BrillTaggerTrainer._trace_rule(self,rule,score,fixscore,numchanges)",D:\thesis2\9 project\nltk\nltk\nltk\tag\brill_trainer_orig.py,10.0,1.0,9.0,2.0,8.0,0.0,2.0,0.0,6.0,2.0,5.0,2.0,2.0,2.0,1.0,1.0,0.0,5,5,399,5,yes
Function,"nltk.tag.tnt.TnT._tagword(self,sent,current_states)",D:\thesis2\9 project\nltk\nltk\nltk\tag\tnt.py,102.0,27.0,39.0,15.0,38.0,36.0,37.0,2.0,37.0,15.0,36.0,10.0,10.0,11.0,1.0,3.0,0.92,3,3,325,3,no
Function,"nltk.tokenize.texttiling.TokenSequence.__init__(self,index,wrdindex_list,original_length)",D:\thesis2\9 project\nltk\nltk\nltk\tokenize\texttiling.py,7.0,0.0,7.0,4.0,3.0,0.0,1.0,0.0,4.0,1.0,3.0,1.0,1.0,2.0,1.0,0.0,0.0,4,4,375,3,no
Function,"custom_projection_example.HammerAxes.drag_pan(self,button,key,x,y)",D:\thesis2\9 project\matplotlib\matplotlib\examples\api\custom_projection_example.py,2.0,0.0,2.0,1.0,1.0,0.0,1.0,0.0,2.0,1.0,1.0,1.0,1.0,1.0,1.0,0.0,0.0,5,5,380,5,no
Function,"anchored_artists.AnchoredSizeBar.__init__(self,transform,size,label,loc,pad,borderpad,sep,prop,frameon)",D:\thesis2\9 project\matplotlib\matplotlib\examples\pylab_examples\anchored_artists.py,22.0,4.0,12.0,5.0,10.0,6.0,1.0,0.0,6.0,4.0,5.0,1.0,1.0,1.0,1.0,0.0,0.5,10,10,20,5,yes
Function,"basic_units.ConvertArgsProxy.__init__(self,fn_name,obj)",D:\thesis2\9 project\matplotlib\matplotlib\examples\units\basic_units.py,3.0,0.0,3.0,2.0,2.0,0.0,1.0,0.0,3.0,2.0,2.0,1.0,1.0,1.0,1.0,0.0,0.0,3,3,42,3,no
Function,"toolmanager.ListTools.trigger(self,args,kwargs)",D:\thesis2\9 project\matplotlib\matplotlib\examples\user_interfaces\toolmanager.py,20.0,0.0,20.0,5.0,19.0,0.0,6.0,1.0,16.0,5.0,15.0,4.0,4.0,4.0,3.0,2.0,0.0,3,1,25,3,no
Function,"matplotlib.axis.Axis._copy_tick_props(self,src,dest)",D:\thesis2\9 project\matplotlib\matplotlib\lib\matplotlib\axis.py,15.0,2.0,12.0,1.0,11.0,1.0,2.0,0.0,12.0,1.0,11.0,2.0,2.0,3.0,1.0,1.0,0.08,3,3,1251,3,no
Function,"matplotlib.backend_bases.FigureCanvasBase.resize(self,w,h)",D:\thesis2\9 project\matplotlib\matplotlib\lib\matplotlib\backend_bases.py,5.0,0.0,2.0,1.0,1.0,3.0,1.0,0.0,2.0,1.0,1.0,1.0,1.0,1.0,1.0,0.0,1.5,3,3,1786,3,no
Function,"matplotlib.backend_tools.ToolEnableNavigation.trigger(self,sender,event,data)",D:\thesis2\9 project\matplotlib\matplotlib\lib\matplotlib\backend_tools.py,9.0,1.0,8.0,3.0,7.0,0.0,4.0,1.0,7.0,3.0,6.0,4.0,4.0,6.0,1.0,2.0,0.0,4,4,346,3,no
Function,"matplotlib.collections.PolyCollection.__init__(self,verts,sizes,closed,kwargs)",D:\thesis2\9 project\matplotlib\matplotlib\lib\matplotlib\collections.py,23.0,3.0,5.0,2.0,4.0,15.0,1.0,0.0,5.0,2.0,4.0,1.0,1.0,1.0,1.0,0.0,3.0,5,4,839,3,no
Function,"matplotlib.container.Container.__new__(cls,kl,kwargs)",D:\thesis2\9 project\matplotlib\matplotlib\lib\matplotlib\container.py,2.0,0.0,2.0,1.0,1.0,0.0,1.0,0.0,2.0,1.0,1.0,1.0,1.0,1.0,1.0,0.0,0.0,3,1,17,3,no
Function,"matplotlib.dates.IndexDateFormatter.__init__(self,t,fmt,tz)",D:\thesis2\9 project\matplotlib\matplotlib\lib\matplotlib\dates.py,10.0,0.0,6.0,4.0,5.0,4.0,2.0,0.0,6.0,4.0,5.0,2.0,2.0,2.0,1.0,1.0,0.67,4,4,474,3,no
Function,"matplotlib.figure.Figure.legend(self,handles,labels,args,kwargs)",D:\thesis2\9 project\matplotlib\matplotlib\lib\matplotlib\figure.py,101.0,22.0,6.0,2.0,5.0,73.0,1.0,0.0,6.0,2.0,5.0,1.0,1.0,1.0,1.0,0.0,12.17,5,3,1145,5,yes
Function,"matplotlib.gridspec.GridSpecFromSubplotSpec.__init__(self,nrows,ncols,subplot_spec,wspace,hspace,height_ratios,width_ratios)",D:\thesis2\9 project\matplotlib\matplotlib\lib\matplotlib\gridspec.py,19.0,2.0,10.0,7.0,6.0,7.0,1.0,0.0,5.0,4.0,4.0,1.0,1.0,1.0,1.0,0.0,0.7,8,8,323,4,yes
Function,"matplotlib.legend.DraggableLegend.artist_picker(self,legend,evt)",D:\thesis2\9 project\matplotlib\matplotlib\lib\matplotlib\legend.py,2.0,0.0,2.0,1.0,1.0,0.0,1.0,0.0,2.0,1.0,1.0,1.0,1.0,1.0,1.0,0.0,0.0,3,3,71,3,no
Function,"matplotlib.mathtext.MathtextBackend.render_rect_filled(self,x1,y1,x2,y2)",D:\thesis2\9 project\matplotlib\matplotlib\lib\matplotlib\mathtext.py,5.0,0.0,2.0,1.0,1.0,3.0,1.0,0.0,2.0,1.0,1.0,1.0,1.0,1.0,1.0,0.0,1.5,5,5,139,5,no
Function,"matplotlib.mathtext.TruetypeFonts.get_underline_thickness(self,font,fontsize,dpi)",D:\thesis2\9 project\matplotlib\matplotlib\lib\matplotlib\mathtext.py,5.0,0.0,2.0,1.0,1.0,3.0,1.0,0.0,2.0,1.0,1.0,1.0,1.0,1.0,1.0,0.0,1.5,4,4,650,4,no
Function,"matplotlib.mathtext.Parser.non_math(self,s,loc,toks)",D:\thesis2\9 project\matplotlib\matplotlib\lib\matplotlib\mathtext.py,9.0,0.0,7.0,3.0,6.0,2.0,1.0,0.0,7.0,3.0,6.0,1.0,1.0,1.0,1.0,0.0,0.29,4,4,2412,4,no
Function,"matplotlib.mlab.recs_join(key,name,recs,jointype,missing,postfixes)",D:\thesis2\9 project\matplotlib\matplotlib\lib\matplotlib\mlab.py,56.0,14.0,21.0,6.0,19.0,22.0,12.0,1.0,17.0,6.0,15.0,7.0,7.0,7.0,1.0,3.0,1.05,6,6,2639,3,no
Function,"matplotlib.patches.CirclePolygon.__init__(self,xy,radius,resolution,kwargs)",D:\thesis2\9 project\matplotlib\matplotlib\lib\matplotlib\patches.py,18.0,2.0,8.0,3.0,5.0,9.0,1.0,0.0,2.0,1.0,1.0,1.0,1.0,1.0,1.0,0.0,1.12,5,4,1338,3,no
Function,"matplotlib.path.Path.wedge(cls,theta1,theta2,n)",D:\thesis2\9 project\matplotlib\matplotlib\lib\matplotlib\path.py,10.0,1.0,2.0,1.0,1.0,7.0,1.0,0.0,2.0,1.0,1.0,1.0,1.0,1.0,1.0,0.0,3.5,4,4,910,3,no
Function,"matplotlib.pyplot.hist2d(x,y,bins,range,normed,weights,cmin,cmax,hold,kwargs)",D:\thesis2\9 project\matplotlib\matplotlib\lib\matplotlib\pyplot.py,15.0,1.0,13.0,5.0,11.0,1.0,2.0,0.0,10.0,4.0,9.0,2.0,2.0,2.0,1.0,1.0,0.08,10,9,2935,3,no
Function,"matplotlib.spines.Spine.__init__(self,axes,spine_type,path,kwargs)",D:\thesis2\9 project\matplotlib\matplotlib\lib\matplotlib\spines.py,44.0,6.0,21.0,11.0,20.0,19.0,2.0,0.0,21.0,11.0,20.0,2.0,2.0,2.0,1.0,1.0,0.9,5,4,44,5,yes
Function,"matplotlib.texmanager.TexManager.make_tex(self,tex,fontsize)",D:\thesis2\9 project\matplotlib\matplotlib\lib\matplotlib\texmanager.py,45.0,4.0,37.0,9.0,36.0,4.0,6.0,1.0,19.0,7.0,18.0,4.0,4.0,4.0,3.0,3.0,0.11,3,3,273,3,no
Function,"matplotlib.ticker.OldScalarFormatter.pprint_val(self,x,d)",D:\thesis2\9 project\matplotlib\matplotlib\lib\matplotlib\ticker.py,29.0,1.0,25.0,7.0,24.0,3.0,13.0,1.0,19.0,7.0,18.0,8.0,8.0,9.0,1.0,1.0,0.12,3,3,354,3,no
Function,"matplotlib.transforms.BboxBase.shrunk(self,mx,my)",D:\thesis2\9 project\matplotlib\matplotlib\lib\matplotlib\transforms.py,10.0,0.0,4.0,2.0,3.0,6.0,1.0,0.0,3.0,2.0,2.0,1.0,1.0,1.0,1.0,0.0,1.5,3,3,577,3,no
Function,"matplotlib.widgets.CheckButtons.__init__(self,ax,labels,actives)",D:\thesis2\9 project\matplotlib\matplotlib\lib\matplotlib\widgets.py,62.0,13.0,41.0,18.0,40.0,8.0,4.0,1.0,35.0,18.0,34.0,3.0,3.0,3.0,1.0,1.0,0.2,4,4,501,4,no
Function,"matplotlib.axes._axes.Axes.acorr(self,x,kwargs)",D:\thesis2\9 project\matplotlib\matplotlib\lib\matplotlib\axes\_axes.py,59.0,16.0,2.0,1.0,1.0,41.0,1.0,0.0,2.0,1.0,1.0,1.0,1.0,1.0,1.0,0.0,20.5,3,2,1626,3,no
Function,"matplotlib.axes._axes.Axes.clabel(self,CS,args,kwargs)",D:\thesis2\9 project\matplotlib\matplotlib\lib\matplotlib\axes\_axes.py,2.0,0.0,2.0,1.0,1.0,0.0,1.0,0.0,2.0,1.0,1.0,1.0,1.0,1.0,1.0,0.0,0.0,4,2,5453,4,no
Function,"matplotlib.axes._base._AxesBase.set_yscale(self,value,kwargs)",D:\thesis2\9 project\matplotlib\matplotlib\lib\matplotlib\axes\_base.py,21.0,4.0,7.0,1.0,6.0,10.0,2.0,0.0,7.0,1.0,6.0,2.0,2.0,3.0,1.0,1.0,1.43,3,2,2859,3,no
Function,"matplotlib.backends.backend_cairo.FigureCanvasCairo.print_svg(self,fobj,args,kwargs)",D:\thesis2\9 project\matplotlib\matplotlib\lib\matplotlib\backends\backend_cairo.py,2.0,0.0,2.0,1.0,1.0,0.0,1.0,0.0,2.0,1.0,1.0,1.0,1.0,1.0,1.0,0.0,0.0,4,2,451,4,no
Function,"matplotlib.backends.backend_gtk.FigureCanvasGTK.print_png(self,filename,args,kwargs)",D:\thesis2\9 project\matplotlib\matplotlib\lib\matplotlib\backends\backend_gtk.py,2.0,0.0,2.0,1.0,1.0,0.0,1.0,0.0,2.0,1.0,1.0,1.0,1.0,1.0,1.0,0.0,0.0,4,2,457,4,no
Function,"matplotlib.backends.backend_gtk3.ConfigureSubplotsGTK3.__init__(self,args,kwargs)",D:\thesis2\9 project\matplotlib\matplotlib\lib\matplotlib\backends\backend_gtk3.py,3.0,0.0,3.0,2.0,2.0,0.0,1.0,0.0,3.0,2.0,2.0,1.0,1.0,1.0,1.0,0.0,0.0,3,1,888,3,no
Function,"matplotlib.backends.backend_nbagg.FigureCanvasNbAgg.new_timer(self,args,kwargs)",D:\thesis2\9 project\matplotlib\matplotlib\lib\matplotlib\backends\backend_nbagg.py,2.0,0.0,2.0,1.0,1.0,0.0,1.0,0.0,2.0,1.0,1.0,1.0,1.0,1.0,1.0,0.0,0.0,3,1,203,3,no
Function,"matplotlib.backends.backend_pdf.FigureCanvasPdf.print_pdf(self,filename,kwargs)",D:\thesis2\9 project\matplotlib\matplotlib\lib\matplotlib\backends\backend_pdf.py,22.0,0.0,22.0,7.0,21.0,4.0,4.0,1.0,16.0,6.0,15.0,3.0,3.0,3.0,1.0,2.0,0.18,3,2,2494,3,no
Function,"matplotlib.backends.backend_ps.FigureCanvasPS.print_ps(self,outfile,args,kwargs)",D:\thesis2\9 project\matplotlib\matplotlib\lib\matplotlib\backends\backend_ps.py,2.0,0.0,2.0,1.0,1.0,0.0,1.0,0.0,2.0,1.0,1.0,1.0,1.0,1.0,1.0,0.0,0.0,4,2,991,4,no
Function,"matplotlib.backends.backend_svg.FigureCanvasSVG.print_svg(self,filename,args,kwargs)",D:\thesis2\9 project\matplotlib\matplotlib\lib\matplotlib\backends\backend_svg.py,15.0,0.0,15.0,2.0,14.0,0.0,5.0,1.0,11.0,2.0,10.0,5.0,5.0,5.0,3.0,3.0,0.0,4,2,1192,4,no
Function,"matplotlib.backends.backend_webagg_core.FigureCanvasWebAggCore.send_event(self,event_type,kwargs)",D:\thesis2\9 project\matplotlib\matplotlib\lib\matplotlib\backends\backend_webagg_core.py,2.0,0.0,2.0,1.0,1.0,0.0,1.0,0.0,2.0,1.0,1.0,1.0,1.0,1.0,1.0,0.0,0.0,3,2,360,3,no
Function,"matplotlib.backends.backend_wxagg.NavigationToolbar2WxAgg.get_canvas(self,frame,fig)",D:\thesis2\9 project\matplotlib\matplotlib\lib\matplotlib\backends\backend_wxagg.py,2.0,0.0,2.0,1.0,1.0,0.0,1.0,0.0,2.0,1.0,1.0,1.0,1.0,1.0,1.0,0.0,0.0,3,3,100,3,no
Function,"matplotlib.projections.polar.PolarAxes.set_xlim(self,args,kargs)",D:\thesis2\9 project\matplotlib\matplotlib\lib\matplotlib\projections\polar.py,3.0,0.0,2.0,1.0,1.0,1.0,1.0,0.0,2.0,1.0,1.0,1.0,1.0,1.0,1.0,0.0,0.5,3,1,585,3,no
Function,"matplotlib.tests.test_colors.test_light_source_planar_hillshading.plane(azimuth,elevation,x,y)",D:\thesis2\9 project\matplotlib\matplotlib\lib\matplotlib\tests\test_colors.py,7.0,0.0,5.0,4.0,4.0,2.0,1.0,0.0,5.0,4.0,4.0,1.0,1.0,1.0,1.0,0.0,0.4,4,4,431,4,no
Function,"matplotlib.tri.triinterpolate.LinearTriInterpolator.__init__(self,triangulation,z,trifinder)",D:\thesis2\9 project\matplotlib\matplotlib\lib\matplotlib\tri\triinterpolate.py,6.0,1.0,4.0,2.0,3.0,1.0,1.0,0.0,3.0,2.0,2.0,1.0,1.0,1.0,1.0,0.0,0.25,4,4,267,3,no
Function,"mpl_toolkits.axes_grid.colorbar.CbarAxesLocator.get_original_position(self,axes,renderer)",D:\thesis2\9 project\matplotlib\matplotlib\lib\mpl_toolkits\axes_grid\colorbar.py,9.0,0.0,6.0,2.0,5.0,3.0,2.0,0.0,5.0,2.0,4.0,2.0,2.0,2.0,1.0,1.0,0.5,3,3,202,3,no
Function,"mpl_toolkits.axes_grid1.axes_grid.ImageGrid.__init__(self,fig,rect,nrows_ncols,ngrids,direction,axes_pad,add_all,share_all,aspect,label_mode,cbar_mode,cbar_location,cbar_pad,cbar_size,cbar_set_cax,axes_class)",D:\thesis2\9 project\matplotlib\matplotlib\lib\mpl_toolkits\axes_grid1\axes_grid.py,181.0,29.0,119.0,45.0,102.0,33.0,239760.0,5.0,84.0,29.0,83.0,28.0,28.0,30.0,8.0,4.0,0.28,17,17,475,4,yes
Function,"mpl_toolkits.axes_grid1.mpl_axes.Axes.AxisDict.__call__(self,v,kwargs)",D:\thesis2\9 project\matplotlib\matplotlib\lib\mpl_toolkits\axes_grid1\mpl_axes.py,2.0,0.0,2.0,1.0,1.0,0.0,1.0,0.0,2.0,1.0,1.0,1.0,1.0,1.0,1.0,0.0,0.0,3,1,47,3,no
Function,"mpl_toolkits.axisartist.axislines.SimpleChainedObjects.__call__(self,kl,kwargs)",D:\thesis2\9 project\matplotlib\matplotlib\lib\mpl_toolkits\axisartist\axislines.py,3.0,0.0,3.0,2.0,2.0,0.0,2.0,0.0,3.0,2.0,2.0,2.0,2.0,2.0,1.0,1.0,0.0,3,1,583,3,no
Function,"mpl_toolkits.axisartist.grid_finder.DictFormatter.__call__(self,direction,factor,values)",D:\thesis2\9 project\matplotlib\matplotlib\lib\mpl_toolkits\axisartist\grid_finder.py,13.0,2.0,8.0,3.0,7.0,3.0,2.0,0.0,6.0,3.0,5.0,2.0,2.0,2.0,1.0,1.0,0.38,4,4,331,4,no
Function,"mpl_toolkits.mplot3d.axes3d.Axes3D.plot(self,xs,ys,args,kwargs)",D:\thesis2\9 project\matplotlib\matplotlib\lib\mpl_toolkits\mplot3d\axes3d.py,57.0,8.0,20.0,7.0,19.0,29.0,16.0,1.0,18.0,7.0,17.0,6.0,6.0,10.0,1.0,2.0,1.45,5,3,1475,5,yes
Function,"virtualenv.ConfigOptionParser.__init__(self,args,kwargs)",D:\thesis2\9 project\matplotlib\matplotlib\unit\virtualenv.py,5.0,0.0,5.0,3.0,4.0,0.0,1.0,0.0,5.0,3.0,4.0,1.0,1.0,1.0,1.0,0.0,0.0,3,1,731,3,no
Function,"django.contrib.admin.checks.BaseModelAdminChecks._check_radio_fields_value(self,cls,model,val,label)",D:\thesis2\9 project\django\django\django\contrib\admin\checks.py,16.0,2.0,13.0,2.0,11.0,1.0,2.0,0.0,5.0,2.0,3.0,2.0,2.0,2.0,1.0,1.0,0.08,5,5,305,5,yes
Function,"django.contrib.admin.checks.must_be(type,option,obj,id)",D:\thesis2\9 project\django\django\django\contrib\admin\checks.py,9.0,0.0,9.0,1.0,8.0,0.0,1.0,0.0,2.0,1.0,1.0,1.0,1.0,1.0,1.0,0.0,0.0,4,4,942,4,no
Function,"django.contrib.admin.options.ModelAdmin.get_changelist_formset(self,request,kwargs)",D:\thesis2\9 project\django\django\django\contrib\admin\options.py,12.0,0.0,8.0,2.0,7.0,4.0,1.0,0.0,4.0,2.0,3.0,1.0,1.0,1.0,1.0,0.0,0.5,3,2,660,3,no
Function,"django.contrib.admin.options.InlineModelAdmin.get_formset(self,request,obj,kwargs)",D:\thesis2\9 project\django\django\django\contrib\admin\options.py,77.0,6.0,59.0,18.0,55.0,12.0,16.0,1.0,38.0,16.0,34.0,5.0,5.0,10.0,1.0,1.0,0.2,4,3,1770,3,no
Function,"django.contrib.admin.templatetags.admin_list.ResultList.__init__(self,form,items)",D:\thesis2\9 project\django\django\django\contrib\admin\templatetags\admin_list.py,3.0,0.0,3.0,2.0,2.0,0.0,1.0,0.0,3.0,2.0,2.0,1.0,1.0,1.0,1.0,0.0,0.0,3,2,285,3,no
Function,"django.contrib.auth.hashers.SHA1PasswordHasher.encode(self,password,salt)",D:\thesis2\9 project\django\django\django\contrib\auth\hashers.py,5.0,0.0,5.0,1.0,4.0,0.0,1.0,0.0,5.0,1.0,4.0,1.0,1.0,2.0,1.0,0.0,0.0,3,3,370,3,no
Function,"django.contrib.contenttypes.admin.GenericInlineModelAdminChecks._check_relation(self,cls,parent_model)",D:\thesis2\9 project\django\django\django\contrib\contenttypes\admin.py,65.0,4.0,56.0,3.0,55.0,5.0,6.0,1.0,16.0,3.0,15.0,6.0,6.0,7.0,6.0,3.0,0.09,3,3,22,3,no
Function,"django.contrib.gis.db.backends.mysql.introspection.MySQLIntrospection.get_geometry_type(self,table_name,geo_col)",D:\thesis2\9 project\django\django\django\contrib\gis\db\backends\mysql\introspection.py,21.0,1.0,13.0,5.0,12.0,7.0,3.0,0.0,11.0,5.0,10.0,3.0,3.0,3.0,3.0,3.0,0.54,3,3,13,3,no
Function,"django.contrib.gis.db.backends.postgis.operations.PostGISOperations.get_geom_placeholder(self,f,value,compiler)",D:\thesis2\9 project\django\django\django\contrib\gis\db\backends\postgis\operations.py,20.0,2.0,9.0,3.0,8.0,9.0,4.0,1.0,8.0,3.0,7.0,3.0,3.0,4.0,1.0,1.0,1.0,4,4,263,4,no
Function,"django.contrib.gis.db.models.fields.GeometryField.get_prep_lookup(self,lookup_type,value)",D:\thesis2\9 project\django\django\django\contrib\gis\db\models\fields.py,6.0,0.0,4.0,1.0,3.0,2.0,2.0,0.0,4.0,1.0,3.0,2.0,2.0,2.0,1.0,1.0,0.5,3,3,298,3,no
Function,"django.contrib.gis.db.models.functions.Translate.as_sqlite(self,compiler,connection)",D:\thesis2\9 project\django\django\django\contrib\gis\db\models\functions.py,8.0,0.0,7.0,2.0,6.0,1.0,3.0,0.0,6.0,2.0,5.0,3.0,3.0,5.0,3.0,1.0,0.14,3,3,405,3,no
Function,"django.contrib.gis.gdal.feature.Feature.__init__(self,feat,layer)",D:\thesis2\9 project\django\django\django\contrib\gis\gdal\feature.py,8.0,0.0,5.0,3.0,4.0,3.0,2.0,0.0,5.0,3.0,4.0,2.0,2.0,2.0,1.0,1.0,0.6,3,3,21,3,no
Function,"django.contrib.gis.geos.coordseq.GEOSCoordSeq.getOrdinate(self,dimension,index)",D:\thesis2\9 project\django\django\django\contrib\gis\geos\coordseq.py,5.0,0.0,4.0,1.0,3.0,1.0,1.0,0.0,4.0,1.0,3.0,1.0,1.0,1.0,1.0,0.0,0.25,3,3,85,3,no
Function,"django.contrib.gis.geos.prototypes.errcheck.check_geom(result,func,cargs)",D:\thesis2\9 project\django\django\django\contrib\gis\geos\prototypes\errcheck.py,5.0,0.0,4.0,1.0,3.0,1.0,2.0,0.0,4.0,1.0,3.0,2.0,2.0,2.0,1.0,1.0,0.25,3,3,29,3,no
Function,"django.contrib.messages.storage.base.BaseStorage._get(self,args,kwargs)",D:\thesis2\9 project\django\django\django\contrib\messages\storage\base.py,14.0,2.0,2.0,1.0,1.0,10.0,1.0,0.0,2.0,1.0,1.0,1.0,1.0,1.0,1.0,0.0,5.0,3,1,96,3,no
Function,"django.contrib.postgres.fields.array.ArrayContainedBy.as_sql(self,qn,connection)",D:\thesis2\9 project\django\django\django\contrib\postgres\fields\array.py,4.0,0.0,4.0,2.0,3.0,0.0,1.0,0.0,4.0,2.0,3.0,1.0,1.0,1.0,1.0,0.0,0.0,3,3,174,3,no
Function,"django.contrib.staticfiles.finders.FileSystemFinder.find_location(self,root,path,prefix)",D:\thesis2\9 project\django\django\django\contrib\staticfiles\finders.py,13.0,0.0,9.0,1.0,8.0,4.0,5.0,1.0,9.0,1.0,8.0,4.0,4.0,4.0,4.0,2.0,0.44,4,4,92,3,no
Function,"django.core.urlresolvers.RegexURLResolver.reverse(self,lookup_view,args,kwargs)",D:\thesis2\9 project\django\django\django\core\urlresolvers.py,2.0,0.0,2.0,1.0,1.0,0.0,1.0,0.0,2.0,1.0,1.0,1.0,1.0,1.0,1.0,0.0,0.0,4,2,436,4,no
Function,"django.core.checks.messages.Critical.__init__(self,args,kwargs)",D:\thesis2\9 project\django\django\django\core\checks\messages.py,2.0,0.0,2.0,1.0,1.0,0.0,1.0,0.0,2.0,1.0,1.0,1.0,1.0,1.0,1.0,0.0,0.0,3,1,80,3,no
Function,"django.core.mail.message.EmailMultiAlternatives.attach_alternative(self,content,mimetype)",D:\thesis2\9 project\django\django\django\core\mail\message.py,5.0,0.0,4.0,1.0,3.0,1.0,1.0,0.0,4.0,1.0,3.0,1.0,1.0,1.0,1.0,0.0,0.25,3,3,417,3,no
Function,"django.core.management.commands.makemessages.TranslatableFile.__init__(self,dirpath,file_name,locale_dir)",D:\thesis2\9 project\django\django\django\core\management\commands\makemessages.py,4.0,0.0,4.0,4.0,3.0,0.0,1.0,0.0,4.0,4.0,3.0,1.0,1.0,1.0,1.0,0.0,0.0,4,4,58,4,no
Function,"django.core.serializers.pyyaml.Serializer.handle_field(self,obj,field)",D:\thesis2\9 project\django\django\django\core\serializers\pyyaml.py,11.0,0.0,5.0,1.0,4.0,6.0,2.0,0.0,4.0,1.0,3.0,2.0,2.0,3.0,1.0,1.0,1.2,3,3,47,3,no
Function,"django.db.backends.utils.CursorWrapper.__init__(self,cursor,db)",D:\thesis2\9 project\django\django\django\db\backends\utils.py,3.0,0.0,3.0,3.0,2.0,0.0,1.0,0.0,3.0,3.0,2.0,1.0,1.0,1.0,1.0,0.0,0.0,3,3,17,3,no
Function,"django.db.backends.base.schema.BaseDatabaseSchemaEditor.column_sql(self,model,field,include_default)",D:\thesis2\9 project\django\django\django\db\backends\base\schema.py,47.0,0.0,31.0,7.0,30.0,16.0,145.0,2.0,27.0,7.0,26.0,11.0,11.0,18.0,1.0,3.0,0.52,4,4,128,3,no
Function,"django.db.backends.mysql.operations.DatabaseOperations.date_trunc_sql(self,lookup_type,field_name)",D:\thesis2\9 project\django\django\django\db\backends\mysql\operations.py,12.0,0.0,12.0,6.0,11.0,1.0,2.0,0.0,12.0,6.0,11.0,2.0,2.0,2.0,1.0,1.0,0.08,3,3,29,3,no
Function,"django.db.backends.oracle.introspection.DatabaseIntrospection.get_indexes(self,cursor,table_name)",D:\thesis2\9 project\django\django\django\db\backends\oracle\introspection.py,29.0,0.0,29.0,4.0,28.0,0.0,2.0,0.0,7.0,4.0,6.0,2.0,2.0,2.0,1.0,1.0,0.0,3,3,119,3,no
Function,"django.db.backends.postgresql_psycopg2.introspection.DatabaseIntrospection.get_indexes(self,cursor,table_name)",D:\thesis2\9 project\django\django\django\db\backends\postgresql_psycopg2\introspection.py,28.0,0.0,21.0,3.0,20.0,7.0,17.0,1.0,13.0,3.0,12.0,6.0,6.0,6.0,3.0,2.0,0.33,3,3,108,3,no
Function,"django.db.backends.sqlite3.operations.DatabaseOperations.datetime_trunc_sql(self,lookup_type,field_name,tzname)",D:\thesis2\9 project\django\django\django\db\backends\sqlite3\operations.py,8.0,0.0,7.0,1.0,6.0,1.0,3.0,0.0,5.0,1.0,4.0,3.0,3.0,3.0,3.0,2.0,0.14,4,4,80,4,no
Function,"django.db.migrations.loader.MigrationLoader.get_migration_by_prefix(self,app_label,name_prefix)",D:\thesis2\9 project\django\django\django\db\migrations\loader.py,15.0,0.0,13.0,3.0,12.0,2.0,9.0,1.0,9.0,3.0,8.0,5.0,5.0,6.0,3.0,2.0,0.15,3,3,127,3,no
Function,"django.db.migrations.questioner.InteractiveMigrationQuestioner.ask_rename_model(self,old_model_state,new_model_state)",D:\thesis2\9 project\django\django\django\db\migrations\questioner.py,5.0,0.0,4.0,2.0,3.0,1.0,1.0,0.0,3.0,2.0,2.0,1.0,1.0,1.0,1.0,0.0,0.25,3,3,170,3,no
Function,"django.db.migrations.operations.fields.AlterField.state_forwards(self,app_label,state)",D:\thesis2\9 project\django\django\django\db\migrations\operations\fields.py,12.0,0.0,12.0,2.0,11.0,0.0,2.0,0.0,7.0,2.0,6.0,3.0,3.0,3.0,1.0,1.0,0.0,3,3,172,3,no
Function,"django.db.migrations.operations.models.AlterIndexTogether.database_backwards(self,app_label,schema_editor,from_state,to_state)",D:\thesis2\9 project\django\django\django\db\migrations\operations\models.py,2.0,0.0,2.0,1.0,1.0,0.0,1.0,0.0,2.0,1.0,1.0,1.0,1.0,1.0,1.0,0.0,0.0,5,5,414,5,yes
Function,"django.db.models.base.ModelBase.__new__(cls,name,bases,attrs)",D:\thesis2\9 project\django\django\django\db\models\base.py,210.0,21.0,150.0,25.0,149.0,39.0,48746881.0,8.0,105.0,25.0,104.0,38.0,38.0,47.0,22.0,4.0,0.26,4,4,71,4,no
Function,"django.db.models.expressions.Func.as_sql(self,compiler,connection,function,template)",D:\thesis2\9 project\django\django\django\db\models\expressions.py,15.0,0.0,15.0,5.0,14.0,0.0,4.0,1.0,14.0,5.0,13.0,3.0,3.0,4.0,1.0,1.0,0.0,5,5,494,3,no
Function,"django.db.models.functions.Substr.__init__(self,expression,pos,length,extra)",D:\thesis2\9 project\django\django\django\db\models\functions.py,16.0,0.0,11.0,2.0,10.0,5.0,9.0,1.0,11.0,2.0,10.0,5.0,5.0,5.0,3.0,2.0,0.45,5,4,109,4,yes
Function,"django.db.models.manager.BaseManager.__new__(cls,args,kwargs)",D:\thesis2\9 project\django\django\django\db\models\manager.py,5.0,0.0,4.0,2.0,3.0,1.0,1.0,0.0,4.0,2.0,3.0,1.0,1.0,1.0,1.0,0.0,0.25,3,1,62,3,no
Function,"django.db.models.query_utils.select_related_descend(field,restricted,requested,load_fields,reverse)",D:\thesis2\9 project\django\django\django\db\models\query_utils.py,35.0,1.0,21.0,1.0,20.0,13.0,14.0,1.0,18.0,1.0,17.0,10.0,10.0,15.0,10.0,3.0,0.62,5,5,174,4,yes
Function,"django.db.models.fields.related.ForeignObjectRel.get_prep_lookup(self,lookup_name,value)",D:\thesis2\9 project\django\django\django\db\models\fields\related.py,2.0,0.0,2.0,1.0,1.0,0.0,1.0,0.0,2.0,1.0,1.0,1.0,1.0,1.0,1.0,0.0,0.0,3,3,1355,3,no
Function,"django.db.models.fields.subclassing.Creator.__set__(self,obj,value)",D:\thesis2\9 project\django\django\django\db\models\fields\subclassing.py,2.0,0.0,2.0,1.0,1.0,0.0,1.0,0.0,2.0,1.0,1.0,1.0,1.0,1.0,1.0,0.0,0.0,3,3,43,3,no
Function,"django.db.models.fields.GenericIPAddressField.get_db_prep_value(self,value,connection,prepared)",D:\thesis2\9 project\django\django\django\db\models\fields\__init__.py,4.0,0.0,4.0,1.0,3.0,0.0,2.0,0.0,4.0,1.0,3.0,2.0,2.0,2.0,1.0,1.0,0.0,4,4,1972,3,no
Function,"django.db.models.sql.compiler.SQLInsertCompiler.__init__(self,args,kwargs)",D:\thesis2\9 project\django\django\django\db\models\sql\compiler.py,3.0,0.0,3.0,2.0,2.0,0.0,1.0,0.0,3.0,2.0,2.0,1.0,1.0,1.0,1.0,0.0,0.0,3,1,902,3,no
Function,"django.db.models.sql.subqueries.DeleteQuery.delete_qs(self,query,using)",D:\thesis2\9 project\django\django\django\db\models\sql\subqueries.py,34.0,0.0,25.0,6.0,24.0,9.0,4.0,1.0,20.0,6.0,19.0,5.0,5.0,6.0,4.0,3.0,0.36,3,3,49,3,no
Function,"django.forms.fields.MultipleChoiceField.has_changed(self,initial,data)",D:\thesis2\9 project\django\django\django\forms\fields.py,10.0,0.0,10.0,3.0,9.0,0.0,8.0,1.0,10.0,3.0,9.0,4.0,4.0,4.0,1.0,1.0,0.0,3,3,936,3,no
Function,"django.forms.widgets.Input.render(self,name,value,attrs)",D:\thesis2\9 project\django\django\django\forms\widgets.py,8.0,0.0,7.0,2.0,6.0,1.0,4.0,1.0,7.0,2.0,6.0,3.0,3.0,3.0,1.0,1.0,0.14,4,4,258,3,no
Function,"django.http.multipartparser.MultiPartParser.__init__(self,META,input_data,upload_handlers,encoding)",D:\thesis2\9 project\django\django\django\http\multipartparser.py,54.0,9.0,24.0,13.0,23.0,21.0,32.0,2.0,24.0,13.0,23.0,6.0,6.0,8.0,4.0,1.0,0.88,5,5,52,4,yes
Function,"django.middleware.csrf.CsrfViewMiddleware.process_view(self,request,callback,callback_args,callback_kwargs)",D:\thesis2\9 project\django\django\django\middleware\csrf.py,86.0,11.0,39.0,6.0,38.0,36.0,63.0,2.0,34.0,6.0,33.0,14.0,14.0,14.0,10.0,3.0,0.92,5,5,105,5,yes
Function,"django.template.defaulttags.TemplateIfParser.__init__(self,parser,args,kwargs)",D:\thesis2\9 project\django\django\django\template\defaulttags.py,3.0,0.0,3.0,2.0,2.0,0.0,1.0,0.0,3.0,2.0,2.0,1.0,1.0,1.0,1.0,0.0,0.0,4,2,951,4,no
Function,"django.test.client.encode_file(boundary,key,file)",D:\thesis2\9 project\django\django\django\test\client.py,22.0,1.0,21.0,4.0,20.0,0.0,12.0,1.0,12.0,4.0,11.0,6.0,6.0,6.0,1.0,1.0,0.0,3,3,198,3,no
Function,"django.test.runner.DiscoverRunner.run_tests(self,test_labels,extra_tests,kwargs)",D:\thesis2\9 project\django\django\django\test\runner.py,19.0,3.0,8.0,4.0,7.0,8.0,1.0,0.0,8.0,4.0,7.0,1.0,1.0,1.0,1.0,0.0,1.0,4,3,196,3,no
Function,"django.utils.feedgenerator.RssFeed.write(self,outfile,encoding)",D:\thesis2\9 project\django\django\django\utils\feedgenerator.py,9.0,0.0,9.0,2.0,8.0,0.0,1.0,0.0,9.0,2.0,8.0,1.0,1.0,1.0,1.0,0.0,0.0,3,3,224,3,no
Function,"django.utils.translation.trans_null.npgettext(context,singular,plural,number)",D:\thesis2\9 project\django\django\django\utils\translation\trans_null.py,2.0,0.0,2.0,1.0,1.0,0.0,1.0,0.0,2.0,1.0,1.0,1.0,1.0,1.0,1.0,0.0,0.0,4,4,24,4,no
Function,"django.views.generic.base.TemplateResponseMixin.render_to_response(self,context,response_kwargs)",D:\thesis2\9 project\django\django\django\views\generic\base.py,16.0,1.0,9.0,2.0,8.0,6.0,1.0,0.0,3.0,1.0,2.0,1.0,1.0,1.0,1.0,0.0,0.67,3,2,121,3,no
Function,"admin_changelist.admin.CustomPaginator.__init__(self,queryset,page_size,orphans,allow_empty_first_page)",D:\thesis2\9 project\django\django\tests\admin_changelist\admin.py,3.0,0.0,3.0,1.0,2.0,0.0,1.0,0.0,2.0,1.0,1.0,1.0,1.0,1.0,1.0,0.0,0.0,5,5,14,3,no
Function,"admin_scripts.tests.CommandTypes.test_command_color.Command.handle(self,args,options)",D:\thesis2\9 project\django\django\tests\admin_scripts\tests.py,3.0,0.0,3.0,1.0,2.0,0.0,1.0,0.0,3.0,1.0,2.0,1.0,1.0,1.0,1.0,0.0,0.0,3,1,1443,3,no
Function,"admin_views.tests.DateHierarchyTests.assert_contains_year_link(self,response,date)",D:\thesis2\9 project\django\django\tests\admin_views\tests.py,2.0,0.0,2.0,1.0,1.0,0.0,1.0,0.0,2.0,1.0,1.0,1.0,1.0,1.0,1.0,0.0,0.0,3,3,5346,3,no
Function,"auth_tests.models.with_foreign_key.CustomUserWithFKManager.create_superuser(self,username,email,group,password)",D:\thesis2\9 project\django\django\tests\auth_tests\models\with_foreign_key.py,5.0,0.0,5.0,2.0,4.0,0.0,1.0,0.0,5.0,2.0,4.0,1.0,1.0,1.0,1.0,0.0,0.0,5,5,13,5,yes
Function,"custom_lookups.tests.YearTransform.as_sql(self,compiler,connection)",D:\thesis2\9 project\django\django\tests\custom_lookups\tests.py,3.0,0.0,3.0,2.0,2.0,0.0,1.0,0.0,3.0,2.0,2.0,1.0,1.0,1.0,1.0,0.0,0.0,3,3,69,3,no
Function,"custom_pk.fields.MyAutoField.get_db_prep_save(self,value,connection)",D:\thesis2\9 project\django\django\tests\custom_pk\fields.py,6.0,0.0,6.0,1.0,5.0,0.0,3.0,0.0,6.0,1.0,5.0,3.0,3.0,3.0,3.0,1.0,0.0,3,3,51,3,no
Function,"forms_tests.tests.test_forms.FormsTestCase.test_multivalue_field_validation.NameField.__init__(self,fields,args,kwargs)",D:\thesis2\9 project\django\django\tests\forms_tests\tests\test_forms.py,4.0,0.0,4.0,1.0,3.0,0.0,1.0,0.0,3.0,1.0,2.0,1.0,1.0,1.0,1.0,0.0,0.0,4,2,2055,3,no
Function,"gis_tests.gis_migrations.test_operations.OperationTests.apply_operations(self,app_label,project_state,operations)",D:\thesis2\9 project\django\django\tests\gis_tests\gis_migrations\test_operations.py,5.0,0.0,5.0,3.0,4.0,0.0,1.0,0.0,5.0,2.0,4.0,1.0,1.0,1.0,1.0,1.0,0.0,4,4,38,4,no
Function,"messages_tests.test_api.DummyStorage.add(self,level,message,extra_tags)",D:\thesis2\9 project\django\django\tests\messages_tests\test_api.py,2.0,0.0,2.0,1.0,1.0,0.0,1.0,0.0,2.0,1.0,1.0,1.0,1.0,1.0,1.0,0.0,0.0,4,4,13,3,no
Function,"migrations.test_autodetector.DeconstructableObject.__init__(self,args,kwargs)",D:\thesis2\9 project\django\django\tests\migrations\test_autodetector.py,3.0,0.0,3.0,3.0,2.0,0.0,1.0,0.0,3.0,3.0,2.0,1.0,1.0,1.0,1.0,0.0,0.0,3,1,20,3,no
Function,"migrations.test_state.RelatedModelsTests.assertRelated(self,model,needle)",D:\thesis2\9 project\django\django\tests\migrations\test_state.py,5.0,0.0,5.0,1.0,4.0,0.0,1.0,0.0,2.0,1.0,1.0,1.0,1.0,1.0,1.0,0.0,0.0,3,3,880,3,no
Function,"multiple_database.routers.TestRouter.db_for_write(self,model,hints)",D:\thesis2\9 project\django\django\tests\multiple_database\routers.py,2.0,0.0,2.0,1.0,1.0,0.0,1.0,0.0,2.0,1.0,1.0,1.0,1.0,1.0,1.0,0.0,0.0,3,2,17,3,no
Function,"raw_query.models.Author.__init__(self,args,kwargs)",D:\thesis2\9 project\django\django\tests\raw_query\models.py,8.0,0.0,5.0,2.0,4.0,3.0,2.0,0.0,4.0,2.0,3.0,2.0,2.0,2.0,1.0,1.0,0.6,3,1,9,3,no
Function,"servers.test_basehttp.WSGIRequestHandlerTestCase.test_strips_underscore_headers.makefile(mode,a,kw)",D:\thesis2\9 project\django\django\tests\servers\test_basehttp.py,5.0,0.0,5.0,1.0,4.0,0.0,3.0,0.0,4.0,1.0,3.0,3.0,3.0,3.0,3.0,1.0,0.0,3,1,60,3,no
Function,"template_tests.test_loaders.EggLoaderTests.create_egg.MockProvider.get_resource_stream(self,manager,resource_name)",D:\thesis2\9 project\django\django\tests\template_tests\test_loaders.py,2.0,0.0,2.0,1.0,1.0,0.0,1.0,0.0,2.0,1.0,1.0,1.0,1.0,1.0,1.0,0.0,0.0,3,3,132,3,no
Function,"user_commands.management.commands.leave_locale_alone_false.Command.handle(self,args,options)",D:\thesis2\9 project\django\django\tests\user_commands\management\commands\leave_locale_alone_false.py,2.0,0.0,2.0,1.0,1.0,0.0,1.0,0.0,2.0,1.0,1.0,1.0,1.0,1.0,1.0,0.0,0.0,3,1,10,3,no
Function,ajenti.usersync.base.UserSyncProvider.sync(self),D:\thesis2\real 106 project\ajenti\ajenti\usersync\base.py,2.0,0.0,2.0,1.0,1.0,0.0,1.0,0.0,2.0,1.0,1.0,1.0,1.0,1.0,1.0,0.0,0.0,1,1,15,1,no
Function,"ajenti.usersync.pam.authenticate.my_conv(n_messages,messages,p_response,app_data)",D:\thesis2\real 106 project\ajenti\ajenti\usersync\pam.py,12.0,0.0,9.0,4.0,8.0,3.0,3.0,0.0,9.0,4.0,8.0,3.0,3.0,3.0,1.0,2.0,0.33,4,4,99,4,no
Function,"conf.skip(app,what,name,obj,skip,options)",D:\thesis2\real 106 project\ajenti\docs\source\conf.py,16.0,0.0,16.0,2.0,15.0,0.0,25.0,1.0,16.0,2.0,15.0,9.0,9.0,9.0,1.0,4.0,0.0,6,6,57,6,yes
Function,"atcd.AtcdThriftHandlerTask.AtcdThriftHandlerTask._shape_interface(self,mark,eth,ip,shaping)",D:\thesis2\real 106 project\augmented-traffic-control\atc\atcd\atcd\AtcdThriftHandlerTask.py,4.0,0.0,2.0,1.0,1.0,2.0,1.0,0.0,2.0,1.0,1.0,1.0,1.0,1.0,1.0,0.0,1.0,5,5,493,5,yes
Function,"atcd.backends.linux.AtcdLinuxShaper._unshape_interface(self,mark,eth,ip,settings)",D:\thesis2\real 106 project\augmented-traffic-control\atc\atcd\atcd\backends\linux.py,42.0,5.0,19.0,2.0,18.0,18.0,3.0,0.0,12.0,2.0,11.0,3.0,3.0,3.0,3.0,1.0,0.95,5,5,443,5,yes
Function,"awscli.argprocess.uri_param(event_name,param,value,kwargs)",D:\thesis2\real 106 project\aws-cli\awscli\argprocess.py,10.0,0.0,8.0,3.0,7.0,2.0,2.0,0.0,6.0,3.0,5.0,2.0,2.0,3.0,1.0,1.0,0.25,4,3,90,4,yes
Function,"beets.art.clear(log,lib,query)",D:\thesis2\real 106 project\beets\beets\art.py,6.0,0.0,6.0,3.0,5.0,0.0,2.0,0.0,6.0,3.0,5.0,2.0,2.0,2.0,1.0,1.0,0.0,3,3,192,3,no
Function,"beets.importer.ImportSession.__init__(self,lib,loghandler,paths,query)",D:\thesis2\real 106 project\beets\beets\importer.py,15.0,1.0,9.0,7.0,8.0,5.0,2.0,0.0,9.0,7.0,8.0,2.0,2.0,2.0,1.0,1.0,0.56,5,5,180,5,yes
Function,naughtystrings.naughty_strings(filepath),D:\thesis2\real 106 project\big-list-of-naughty-strings\naughtystrings\__init__.py,27.0,9.0,8.0,3.0,7.0,11.0,1.0,0.0,8.0,2.0,7.0,1.0,1.0,2.0,1.0,1.0,1.38,1,1,9,0,no
Function,"boto.auth.HmacAuthV1Handler.__init__(self,host,config,provider)",D:\thesis2\real 106 project\boto\boto\auth.py,4.0,0.0,4.0,2.0,3.0,0.0,1.0,0.0,4.0,2.0,3.0,1.0,1.0,1.0,1.0,0.0,0.0,4,4,132,4,no
Function,"boto.auth.QuerySignatureV2AuthHandler._calc_signature(self,params,verb,path,server_name)",D:\thesis2\real 106 project\boto\boto\auth.py,22.0,0.0,22.0,9.0,21.0,0.0,4.0,1.0,21.0,9.0,20.0,3.0,3.0,3.0,1.0,1.0,0.0,5,5,900,5,yes
Function,"boto.connection.AWSAuthConnection.handle_proxy(self,proxy,proxy_port,proxy_user,proxy_pass)",D:\thesis2\real 106 project\boto\boto\connection.py,35.0,2.0,33.0,9.0,32.0,0.0,36.0,2.0,26.0,9.0,25.0,8.0,8.0,11.0,1.0,2.0,0.0,5,5,664,5,yes
Function,"bottle.Route.__init__(self,app,rule,method,callback,name,plugins,skiplist,config)",D:\thesis2\real 106 project\bottle\bottle.py,22.0,0.0,12.0,12.0,8.0,10.0,1.0,0.0,9.0,9.0,8.0,1.0,1.0,4.0,1.0,0.0,0.83,9,8,537,6,yes
Function,bottle.Bottle.error.wrapper(handler),D:\thesis2\real 106 project\bottle\bottle.py,3.0,0.0,3.0,1.0,2.0,0.0,1.0,0.0,3.0,1.0,2.0,1.0,1.0,1.0,1.0,0.0,0.0,1,1,915,1,no
Function,"fblldb.loadCommand(module,command,directory,filename,extension)",D:\thesis2\real 106 project\chisel\fblldb.py,12.0,4.0,8.0,5.0,7.0,0.0,1.0,0.0,8.0,5.0,7.0,1.0,1.0,1.0,1.0,0.0,0.0,5,5,41,5,yes
Function,"fblldbviewcontrollerhelpers._recursiveViewControllerDescriptionWithPrefixAndChildPrefix(vc,string,prefix,childPrefix)",D:\thesis2\real 106 project\chisel\fblldbviewcontrollerhelpers.py,22.0,7.0,15.0,9.0,14.0,0.0,6.0,1.0,15.0,9.0,14.0,5.0,5.0,5.0,1.0,2.0,0.0,4,4,32,4,no
Function,"FBComponentCommands.FBComponentsPrintCommand.run(self,arguments,options)",D:\thesis2\real 106 project\chisel\commands\FBComponentCommands.py,5.0,1.0,4.0,3.0,3.0,0.0,1.0,0.0,4.0,3.0,3.0,3.0,3.0,3.0,1.0,0.0,0.0,3,3,59,3,no
Function,tests.unit.config.config_test.BuildPathTest.test_from_file(self),D:\thesis2\real 106 project\compose\tests\unit\config\config_test.py,3.0,0.0,3.0,2.0,2.0,0.0,1.0,0.0,3.0,2.0,2.0,1.0,1.0,1.0,1.0,0.0,0.0,1,1,1290,1,no
Function,"provision-linode-cluster.ProvisionCommand._create_linode(self,plan_id,data_center_id,name_prefix,display_group)",D:\thesis2\real 106 project\deis\contrib\linode\provision-linode-cluster.py,54.0,11.0,33.0,12.0,32.0,10.0,1.0,0.0,21.0,12.0,20.0,1.0,1.0,1.0,1.0,0.0,0.3,5,5,173,5,yes
Function,"provision-linode-cluster.ProvisionCommand._install_coreos(self,node_id,provision_config_id,network,password)",D:\thesis2\real 106 project\deis\contrib\linode\provision-linode-cluster.py,41.0,9.0,29.0,8.0,28.0,3.0,6.0,1.0,24.0,8.0,23.0,4.0,4.0,4.0,3.0,2.0,0.1,5,5,327,5,yes
Function,"fabric.io.OutputLooper.__init__(self,chan,attr,stream,capture,timeout)",D:\thesis2\real 106 project\fabric\fabric\io.py,15.0,0.0,15.0,12.0,14.0,0.0,1.0,0.0,12.0,12.0,11.0,3.0,3.0,4.0,1.0,0.0,0.0,6,6,36,6,yes
Function,"fabric.sftp.SFTP.put(self,local_path,remote_path,use_sudo,mirror_local_mode,mode,local_is_path,temp_dir)",D:\thesis2\real 106 project\fabric\fabric\sftp.py,61.0,1.0,47.0,12.0,44.0,13.0,832.0,3.0,41.0,11.0,39.0,14.0,14.0,17.0,1.0,4.0,0.28,8,8,232,8,yes
Function,"fabric.sftp.SFTP.put_dir(self,local_path,remote_path,use_sudo,mirror_local_mode,mode,temp_dir)",D:\thesis2\real 106 project\fabric\fabric\sftp.py,31.0,5.0,25.0,10.0,23.0,1.0,26.0,1.0,22.0,9.0,21.0,7.0,7.0,7.0,1.0,3.0,0.04,7,7,294,7,yes
Function,"fabric.tasks._execute(task,host,my_env,args,kwargs,jobs,queue,multiprocessing)",D:\thesis2\real 106 project\fabric\fabric\tasks.py,65.0,1.0,38.0,8.0,35.0,28.0,8.0,1.0,29.0,7.0,26.0,4.0,4.0,5.0,1.0,2.0,0.74,8,8,213,8,yes
Function,faker.cli.execute_from_command_line(argv),D:\thesis2\real 106 project\faker\faker\cli.py,10.0,1.0,8.0,2.0,7.0,1.0,2.0,0.0,6.0,2.0,5.0,2.0,2.0,2.0,1.0,1.0,0.12,1,1,171,0,no
Function,"git_gutter.GitGutterCommand.update_status(self,inserted,modified,deleted,compare,branch)",D:\thesis2\real 106 project\GitGutter\git_gutter.py,13.0,2.0,11.0,2.0,9.0,0.0,1.0,0.0,10.0,2.0,8.0,1.0,1.0,1.0,1.0,0.0,0.0,6,6,63,6,yes
Function,"git_gutter_compare.GitGutterCompareCommit.item_to_commit(self,item)",D:\thesis2\real 106 project\GitGutter\git_gutter_compare.py,2.0,0.0,2.0,1.0,1.0,0.0,1.0,0.0,2.0,1.0,1.0,1.0,1.0,1.0,1.0,0.0,0.0,2,2,23,2,no
Function,"httpie.output.streams.PrettyStream.__init__(self,conversion,formatting,kwargs)",D:\thesis2\real 106 project\httpie\httpie\output\streams.py,5.0,0.0,5.0,4.0,4.0,0.0,1.0,0.0,5.0,4.0,4.0,1.0,1.0,1.0,1.0,0.0,0.0,4,3,227,4,no
Function,"test_cli.TestItemParsing.test_backslash_before_non_special_character_does_not_escape(self,string,key,sep,value)",D:\thesis2\real 106 project\httpie\tests\test_cli.py,5.0,0.0,5.0,4.0,3.0,0.0,1.0,0.0,4.0,3.0,3.0,1.0,1.0,1.0,1.0,0.0,0.0,5,5,51,5,yes
Function,"huxley.run.TestRun.rerecord(cls,test,path,url,d,sleepfactor,diffcolor,save_diff)",D:\thesis2\real 106 project\huxley\huxley\run.py,8.0,0.0,8.0,2.0,7.0,0.0,1.0,0.0,8.0,2.0,7.0,1.0,1.0,1.0,1.0,0.0,0.0,8,8,71,8,yes
Function,"sphinxext.preprocess.callback_signature(app,what,name,obj,options,signature,return_annotation)",D:\thesis2\real 106 project\kivy\doc\sources\sphinxext\preprocess.py,15.0,0.0,13.0,3.0,11.0,2.0,4.0,1.0,12.0,2.0,11.0,4.0,4.0,4.0,4.0,2.0,0.15,7,7,91,7,yes
Function,main.Renderer.setup_scene(self),D:\thesis2\real 106 project\kivy\examples\3Drendering\main.py,14.0,0.0,14.0,4.0,13.0,0.0,1.0,0.0,9.0,4.0,8.0,1.0,1.0,1.0,1.0,0.0,0.0,1,1,54,1,no
Function,"locust.core.TaskSetMeta.__new__(mcs,classname,bases,classDict)",D:\thesis2\real 106 project\locust\locust\core.py,27.0,5.0,22.0,8.0,21.0,0.0,108.0,2.0,21.0,8.0,20.0,11.0,11.0,13.0,1.0,4.0,0.0,4,4,140,4,no
Function,"mailpile.commands.Command.CommandResult.__init__(self,command_obj,session,command_name,doc,result,status,message,template_id,kwargs,error_info)",D:\thesis2\real 106 project\Mailpile\mailpile\commands.py,27.0,0.0,27.0,15.0,24.0,0.0,1.0,0.0,15.0,13.0,14.0,1.0,1.0,1.0,1.0,0.0,0.0,11,11,80,8,yes
Function,"py_caffe_feat_extract.reduce_along_dim(img,dim,weights,indicies)",D:\thesis2\real 106 project\neuraltalk\py_caffe_feat_extract.py,18.0,1.0,11.0,3.0,10.0,8.0,2.0,0.0,10.0,3.0,9.0,2.0,2.0,2.0,1.0,1.0,0.73,4,4,14,4,no
Function,test_config_parser.test_access_logs_with_format_name(),D:\thesis2\real 106 project\ngxtop\tests\test_config_parser.py,13.0,0.0,13.0,3.0,12.0,0.0,1.0,0.0,6.0,3.0,5.0,1.0,1.0,1.0,1.0,0.0,0.0,0,0,48,1,no
Function,"account.models.account.AccountTax.compute_all(self,cr,uid,ids,price_unit,currency_id,quantity,product_id,partner_id,context)",D:\thesis2\real 106 project\odoo\addons\account\models\account.py,7.0,0.0,7.0,5.0,6.0,0.0,1.0,0.0,7.0,5.0,6.0,1.0,1.0,9.0,1.0,0.0,0.0,10,10,669,5,yes
Function,build.main(argv),D:\thesis2\real 106 project\osx-gcc-installer\build.py,37.0,6.0,31.0,10.0,30.0,0.0,6.0,1.0,24.0,9.0,23.0,4.0,4.0,4.0,1.0,3.0,0.0,1,1,9,0,no
Function,benchmarks.binary_ops.frame_add_no_ne.teardown(self),D:\thesis2\real 106 project\pandas\asv_bench\benchmarks\binary_ops.py,2.0,0.0,2.0,1.0,1.0,0.0,1.0,0.0,2.0,1.0,1.0,1.0,1.0,1.0,1.0,0.0,0.0,1,1,27,1,no
Function,benchmarks.frame_ctor.frame_ctor_dtindex_FY5253x2__variation_nearest.setup(self),D:\thesis2\real 106 project\pandas\asv_bench\benchmarks\frame_ctor.py,4.0,0.0,4.0,4.0,3.0,0.0,1.0,0.0,4.0,4.0,3.0,1.0,1.0,1.0,1.0,0.0,0.0,1,1,908,1,no
Function,"colorPrinter.ColorPrinter.setAttributes(self,foreColor,backColor,other)",D:\thesis2\real 106 project\PathPicker\src\colorPrinter.py,3.0,0.0,3.0,1.0,2.0,0.0,1.0,0.0,2.0,1.0,1.0,1.0,1.0,1.0,1.0,0.0,0.0,4,4,31,4,no
Function,"format.SimpleLine.output(self,printer)",D:\thesis2\real 106 project\PathPicker\src\format.py,10.0,2.0,7.0,4.0,6.0,1.0,2.0,0.0,7.0,4.0,6.0,2.0,2.0,3.0,1.0,1.0,0.14,2,2,25,2,no
Function,"formattedText.FormattedText.printText(self,y,x,printer,maxLen)",D:\thesis2\real 106 project\PathPicker\src\formattedText.py,16.0,0.0,12.0,4.0,11.0,4.0,5.0,1.0,10.0,4.0,9.0,4.0,4.0,4.0,3.0,2.0,0.33,5,5,75,5,yes
Function,"pattern.graph.commonsense.Commonsense.add_edge(self,id1,id2,args,kwargs)",D:\thesis2\real 106 project\pattern\pattern\graph\commonsense.py,6.0,0.0,4.0,1.0,3.0,2.0,1.0,0.0,4.0,1.0,3.0,1.0,1.0,1.0,1.0,0.0,0.5,5,3,144,5,yes
Function,"powerline_autodoc.ThreadedDocumenter.can_document_member(cls,member,membername,isattr,parent)",D:\thesis2\real 106 project\powerline\docs\source\powerline_autodoc.py,3.0,0.0,3.0,1.0,2.0,0.0,1.0,0.0,2.0,1.0,1.0,1.0,1.0,2.0,1.0,0.0,0.0,5,5,24,5,yes
Function,"powerline_automan.AutoManSubparsers.add_parser(self,command,args,kwargs)",D:\thesis2\real 106 project\powerline\docs\source\powerline_automan.py,3.0,0.0,3.0,1.0,2.0,0.0,1.0,0.0,3.0,1.0,2.0,1.0,1.0,1.0,1.0,0.0,0.0,4,2,52,4,no
Function,"powerline.colorscheme.Colorscheme.__init__(self,colorscheme_config,colors_config)",D:\thesis2\real 106 project\powerline\powerline\colorscheme.py,25.0,3.0,17.0,7.0,16.0,5.0,9.0,1.0,14.0,7.0,13.0,5.0,5.0,5.0,1.0,2.0,0.29,3,3,36,3,no
Function,"pyspider.run.fetcher(ctx,xmlrpc,xmlrpc_host,xmlrpc_port,poolsize,proxy,user_agent,timeout,fetcher_cls,async)",D:\thesis2\real 106 project\pyspider\pyspider\run.py,24.0,3.0,18.0,5.0,16.0,3.0,12.0,1.0,16.0,4.0,15.0,5.0,5.0,5.0,1.0,1.0,0.17,10,10,208,9,yes
Function,"quietnet.listen.callback(in_data,frame_count,time_info,status)",D:\thesis2\real 106 project\quietnet\listen.py,6.0,0.0,6.0,3.0,5.0,0.0,3.0,0.0,6.0,3.0,5.0,3.0,3.0,3.0,1.0,2.0,0.0,4,4,111,4,no
Function,test.animate(i),D:\thesis2\real 106 project\quietnet\notebooks\test.py,5.0,0.0,5.0,3.0,4.0,0.0,1.0,0.0,5.0,3.0,4.0,1.0,1.0,1.0,1.0,0.0,0.0,1,1,26,1,no
Function,"bench_glmnet.bench(factory,X,Y,X_test,Y_test,ref_coef)",D:\thesis2\real 106 project\scikit-learn\benchmarks\bench_glmnet.py,13.0,2.0,9.0,4.0,8.0,2.0,1.0,0.0,9.0,4.0,8.0,1.0,1.0,1.0,1.0,0.0,0.22,6,6,32,6,yes
Function,"bench_multilabel_metrics._plot(results,metrics,formats,title,x_ticks,x_label,format_markers,metric_colors)",D:\thesis2\real 106 project\scikit-learn\benchmarks\bench_multilabel_metrics.py,20.0,0.0,16.0,7.0,13.0,4.0,3.0,0.0,11.0,5.0,10.0,3.0,3.0,3.0,1.0,2.0,0.25,8,8,114,15,yes
Function,"bench_plot_approximate_neighbors.calc_accuracy(X,queries,n_queries,n_neighbors,exact_neighbors,average_time_exact,lshf_params)",D:\thesis2\real 106 project\scikit-learn\benchmarks\bench_plot_approximate_neighbors.py,32.0,6.0,25.0,10.0,23.0,1.0,2.0,0.0,20.0,9.0,19.0,2.0,2.0,2.0,1.0,1.0,0.04,7,6,59,7,yes
Function,"sentry.admin.TeamAdmin.save_model(self,request,obj,form,change)",D:\thesis2\real 106 project\sentry\src\sentry\admin.py,19.0,2.0,16.0,3.0,15.0,1.0,3.0,0.0,8.0,3.0,7.0,3.0,3.0,3.0,1.0,1.0,0.06,5,5,134,5,yes
Function,"sentry.api.base.Endpoint.finalize_response(self,request,response,args,kwargs)",D:\thesis2\real 106 project\sentry\src\sentry\api\base.py,8.0,2.0,6.0,1.0,5.0,0.0,1.0,0.0,4.0,1.0,3.0,1.0,1.0,1.0,1.0,0.0,0.0,5,3,145,5,yes
Function,"sentry.api.bases.project.ProjectEndpoint.convert_args(self,request,organization_slug,project_slug,args,kwargs)",D:\thesis2\real 106 project\sentry\src\sentry\api\bases\project.py,13.0,2.0,11.0,2.0,10.0,0.0,2.0,0.0,8.0,2.0,7.0,2.0,2.0,2.0,1.0,1.0,0.0,6,4,44,6,yes
Function,"tests.integration.tests.DepdendencyTest.validate_dependency(self,key,package,dependency_type,dependency,setting_value,import_string)",D:\thesis2\real 106 project\sentry\tests\integration\tests.py,8.0,2.0,6.0,2.0,4.0,0.0,1.0,0.0,5.0,1.0,4.0,1.0,1.0,1.0,1.0,2.0,0.0,7,7,367,7,yes
Function,sh.resolve_program(program),D:\thesis2\real 106 project\sh\sh.py,12.0,0.0,8.0,2.0,7.0,4.0,5.0,1.0,8.0,2.0,7.0,4.0,4.0,4.0,3.0,2.0,0.5,1,1,320,1,no
Function,"sh.Logger.get_child(self,name,context)",D:\thesis2\real 106 project\sh\sh.py,5.0,0.0,5.0,4.0,4.0,0.0,1.0,0.0,5.0,4.0,4.0,1.0,1.0,1.0,1.0,0.0,0.0,3,3,375,3,no
Function,beets.importer.ImportSession.history_dirs-getter(self),D:\thesis2\real 106 project\beets\beets\importer.py,4.0,0.0,4.0,2.0,3.0,0.0,2.0,0.0,4.0,2.0,3.0,2.0,2.0,2.0,1.0,1.0,0.0,1,1,338,1,no
