Kind,understandname,file,CountLine,CountLineBlank,CountLineCode,CountLineCodeDecl,CountLineCodeExe,CountLineComment,CountPath,CountPathLog,CountStmt,CountStmtDecl,CountStmtExe,Cyclomatic,CyclomaticModified,CyclomaticStrict,Essential,MaxNesting,RatioCommentToCode,number of parameter,"number of parameter without *args, **kargs",lineno,MLOC,smell
Function,tornado.autoreload.main(),D:\thesis2\9 project\tornado\tornado\tornado\autoreload.py,70.0,6.0,42.0,11.0,39.0,22.0,49.0,2.0,39.0,9.0,36.0,11.0,11.0,12.0,3.0,3.0,0.52,0,0,259,39,no
Function,tornado.httputil._parse_header(line),D:\thesis2\9 project\tornado\tornado\tornado\httputil.py,21.0,2.0,16.0,8.0,15.0,3.0,4.0,1.0,15.0,8.0,14.0,4.0,4.0,5.0,1.0,3.0,0.19,1,1,849,14,no
Function,tornado.netutil.ssl_options_to_context(ssl_options),D:\thesis2\9 project\tornado\tornado\tornado\netutil.py,31.0,1.0,19.0,2.0,18.0,11.0,66.0,2.0,17.0,2.0,16.0,8.0,8.0,9.0,1.0,1.0,0.58,1,1,459,18,no
Function,"tornado.web.RequestHandler.write(self,chunk)",D:\thesis2\9 project\tornado\tornado\tornado\web.py,28.0,3.0,13.0,2.0,12.0,13.0,12.0,1.0,13.0,2.0,12.0,5.0,5.0,5.0,3.0,2.0,1.0,2,2,673,12,no
Function,"tornado.websocket.WebSocketProtocol13.write_message(self,message,binary)",D:\thesis2\9 project\tornado\tornado\tornado\websocket.py,14.0,0.0,13.0,3.0,12.0,1.0,4.0,1.0,12.0,3.0,11.0,3.0,3.0,3.0,1.0,1.0,0.08,3,3,677,11,no
Function,tornado.test.gen_test.GenCoroutineSequenceHandler.get(self),D:\thesis2\9 project\tornado\tornado\tornado\test\gen_test.py,12.0,0.0,11.0,2.0,10.0,1.0,1.0,0.0,11.0,2.0,10.0,1.0,1.0,1.0,1.0,0.0,0.09,1,1,939,11,no
Function,tornado.test.iostream_test.TestIOStreamMixin.test_read_callback_error(self),D:\thesis2\9 project\tornado\tornado\tornado\test\iostream_test.py,17.0,0.0,15.0,2.0,14.0,2.0,1.0,0.0,12.0,2.0,11.0,1.0,1.0,1.0,1.0,3.0,0.13,1,1,256,12,no
Function,tornado.test.process_test.SubprocessTest.test_subprocess(self),D:\thesis2\9 project\tornado\tornado\tornado\test\process_test.py,27.0,1.0,21.0,3.0,20.0,5.0,2.0,0.0,17.0,3.0,16.0,2.0,2.0,2.0,1.0,1.0,0.24,1,1,139,16,no
Function,tornado.test.web_test.CookieTest.get_handlers(self),D:\thesis2\9 project\tornado\tornado\tornado\test\web_test.py,58.0,8.0,44.0,17.0,27.0,6.0,1.0,0.0,35.0,17.0,18.0,1.0,1.0,1.0,1.0,0.0,0.14,1,1,181,16,no
Function,"benchmarks.optimize._BenchOptimizers.bench_run(self,x0,methods,minimizer_kwargs)",D:\thesis2\9 project\scipy\scipy\benchmarks\benchmarks\optimize.py,41.0,4.0,36.0,9.0,35.0,1.0,96.0,2.0,30.0,9.0,29.0,10.0,10.0,10.0,9.0,3.0,0.03,4,3,97,34,no
Function,test_vq.TestWhiten.test_whiten(self),D:\thesis2\9 project\scipy\scipy\scipy\cluster\tests\test_vq.py,13.0,0.0,13.0,4.0,12.0,0.0,2.0,0.0,5.0,4.0,4.0,2.0,2.0,2.0,1.0,1.0,0.0,1,1,40,12,no
Function,test_pseudo_diffs.TestDiff.test_zero_nyquist(self),D:\thesis2\9 project\scipy\scipy\scipy\fftpack\tests\test_pseudo_diffs.py,11.0,0.0,10.0,5.0,9.0,1.0,3.0,0.0,10.0,5.0,9.0,3.0,3.0,3.0,1.0,2.0,0.1,1,1,184,9,no
Function,"test_integrate.CoupledDecay.jac(self,z,t)",D:\thesis2\9 project\scipy\scipy\scipy\integrate\tests\test_integrate.py,24.0,2.0,11.0,4.0,9.0,11.0,1.0,0.0,11.0,4.0,9.0,1.0,1.0,1.0,1.0,0.0,1.0,3,3,435,9,no
Function,"scipy.interpolate.interpolate.PPoly.roots(self,discontinuity,extrapolate)",D:\thesis2\9 project\scipy\scipy\scipy\interpolate\interpolate.py,68.0,14.0,17.0,4.0,16.0,37.0,12.0,1.0,13.0,4.0,12.0,5.0,5.0,5.0,3.0,2.0,2.18,3,3,909,14,no
Function,test_fitpack.TestSplev.test_2d_shape(self),D:\thesis2\9 project\scipy\scipy\scipy\interpolate\tests\test_fitpack.py,10.0,0.0,10.0,8.0,9.0,0.0,1.0,0.0,9.0,8.0,8.0,1.0,1.0,1.0,1.0,0.0,0.0,1,1,270,9,no
Function,test_interpolate.TestPPoly.test_antiderivative_vs_derivative(self),D:\thesis2\9 project\scipy\scipy\scipy\interpolate\tests\test_interpolate.py,23.0,5.0,16.0,11.0,15.0,2.0,3.0,0.0,15.0,11.0,14.0,3.0,3.0,3.0,1.0,2.0,0.12,1,1,729,13,no
Function,scipy.io.netcdf.netcdf_file.close(self),D:\thesis2\9 project\scipy\scipy\scipy\io\netcdf.py,25.0,0.0,21.0,2.0,20.0,4.0,4.0,1.0,13.0,2.0,12.0,4.0,4.0,4.0,1.0,4.0,0.19,1,1,265,13,no
Function,"scipy.io.matlab.mio.mat_reader_factory(file_name,appendmat,kwargs)",D:\thesis2\9 project\scipy\scipy\scipy\io\matlab\mio.py,26.0,2.0,11.0,3.0,10.0,13.0,4.0,1.0,8.0,3.0,7.0,4.0,4.0,4.0,4.0,1.0,1.18,3,2,40,10,no
Function,test_mio.test_empty_string(),D:\thesis2\9 project\scipy\scipy\scipy\io\matlab\tests\test_mio.py,25.0,0.0,19.0,6.0,18.0,6.0,1.0,0.0,19.0,6.0,18.0,1.0,1.0,1.0,1.0,0.0,0.32,0,0,857,18,no
Function,test_netcdf.test_open_append(),D:\thesis2\9 project\scipy\scipy\scipy\io\tests\test_netcdf.py,19.0,2.0,14.0,3.0,13.0,3.0,1.0,0.0,14.0,3.0,13.0,1.0,1.0,1.0,1.0,1.0,0.21,0,0,279,13,no
Function,"scipy.linalg.special_matrices.invpascal(n,kind,exact)",D:\thesis2\9 project\scipy\scipy\scipy\linalg\special_matrices.py,108.0,16.0,28.0,8.0,26.0,64.0,40.0,2.0,24.0,8.0,22.0,10.0,10.0,10.0,1.0,4.0,2.29,3,3,854,23,no
Function,test_basic.TestSolveHBanded.test_tridiag_02_lower(self),D:\thesis2\9 project\scipy\scipy\scipy\linalg\tests\test_basic.py,16.0,0.0,11.0,5.0,10.0,5.0,1.0,0.0,6.0,5.0,5.0,1.0,1.0,1.0,1.0,0.0,0.45,1,1,367,10,no
Function,test_decomp.TestSVD.test_simple_complex(self),D:\thesis2\9 project\scipy\scipy\scipy\linalg\tests\test_decomp.py,10.0,0.0,10.0,6.0,9.0,0.0,3.0,0.0,10.0,6.0,9.0,3.0,3.0,3.0,1.0,2.0,0.0,1,1,854,9,no
Function,"test_decomp_update.BaseQRdelete.base_non_simple_strides(self,adjust_strides,ks,p,which,overwriteable)",D:\thesis2\9 project\scipy\scipy\scipy\linalg\tests\test_decomp_update.py,54.0,5.0,45.0,17.0,44.0,4.0,50.0,2.0,43.0,16.0,42.0,11.0,11.0,11.0,1.0,3.0,0.09,6,6,357,42,no
Function,test_matfuncs.TestExpmFrechet.test_small_norm_expm_frechet(self),D:\thesis2\9 project\scipy\scipy\scipy\linalg\tests\test_matfuncs.py,32.0,0.0,31.0,18.0,30.0,1.0,2.0,0.0,20.0,18.0,19.0,2.0,2.0,2.0,1.0,1.0,0.03,1,1,599,27,no
Function,"scipy.ndimage.fourier._get_output_fourier_complex(output,input)",D:\thesis2\9 project\scipy\scipy\scipy\ndimage\fourier.py,17.0,0.0,17.0,2.0,16.0,0.0,6.0,1.0,14.0,2.0,13.0,6.0,6.0,6.0,5.0,2.0,0.0,2,2,62,14,no
Function,test_measurements.test_label_structuring_elements(),D:\thesis2\9 project\scipy\scipy\scipy\ndimage\tests\test_measurements.py,14.0,0.0,14.0,9.0,13.0,0.0,3.0,0.0,14.0,9.0,13.0,3.0,3.0,3.0,1.0,2.0,0.0,0,0,326,13,no
Function,test_ndimage.TestNdimage.test_rank14(self),D:\thesis2\9 project\scipy\scipy\scipy\ndimage\tests\test_ndimage.py,12.0,0.0,12.0,6.0,11.0,0.0,2.0,0.0,7.0,6.0,6.0,2.0,2.0,2.0,1.0,1.0,0.0,1,1,1026,10,no
Function,test_ndimage.TestNdimage.test_watershed_ift03(self),D:\thesis2\9 project\scipy\scipy\scipy\ndimage\tests\test_ndimage.py,25.0,0.0,25.0,5.0,24.0,0.0,1.0,0.0,6.0,5.0,5.0,1.0,1.0,1.0,1.0,0.0,0.0,1,1,2304,24,no
Function,test_ndimage.TestNdimage.test_binary_opening02(self),D:\thesis2\9 project\scipy\scipy\scipy\ndimage\tests\test_ndimage.py,21.0,0.0,21.0,6.0,20.0,0.0,2.0,0.0,7.0,6.0,6.0,2.0,2.0,2.0,1.0,1.0,0.0,1,1,4095,20,no
Function,"scipy.optimize.linesearch._quadmin(a,fa,fpa,b,fb)",D:\thesis2\9 project\scipy\scipy\scipy\optimize\linesearch.py,19.0,1.0,13.0,6.0,12.0,5.0,3.0,0.0,13.0,6.0,12.0,3.0,3.0,3.0,3.0,2.0,0.38,5,5,453,12,no
Function,scipy.optimize._differentialevolution.DifferentialEvolutionSolver.init_population_lhs(self),D:\thesis2\9 project\scipy\scipy\scipy\optimize\_differentialevolution.py,24.0,4.0,12.0,8.0,11.0,8.0,2.0,0.0,11.0,8.0,10.0,2.0,2.0,2.0,1.0,1.0,0.67,1,1,387,11,no
Function,test_optimize.TestOptimizeSimple.test_minimize_tol_parameter(self),D:\thesis2\9 project\scipy\scipy\scipy\optimize\tests\test_optimize.py,24.0,3.0,20.0,9.0,17.0,1.0,3.0,0.0,14.0,9.0,11.0,3.0,3.0,3.0,1.0,2.0,0.05,1,1,525,12,no
Function,"scipy.signal.filter_design._zpklp2bs(z,p,k,wo,bw)",D:\thesis2\9 project\scipy\scipy\scipy\signal\filter_design.py,71.0,14.0,18.0,7.0,17.0,39.0,1.0,0.0,16.0,7.0,15.0,1.0,1.0,1.0,1.0,0.0,2.17,5,5,1749,17,no
Function,"scipy.signal.signaltools.decimate(x,q,n,ftype,axis)",D:\thesis2\9 project\scipy\scipy\scipy\signal\signaltools.py,51.0,10.0,17.0,5.0,16.0,24.0,12.0,1.0,15.0,5.0,14.0,5.0,5.0,5.0,1.0,2.0,1.41,5,5,2604,14,no
Function,test_dltisys.TestDLTI.test_dlsim(self),D:\thesis2\9 project\scipy\scipy\scipy\signal\tests\test_dltisys.py,77.0,16.0,52.0,19.0,51.0,9.0,1.0,0.0,38.0,19.0,37.0,1.0,1.0,1.0,1.0,0.0,0.17,1,1,15,51,no
Function,test_filter_design.TestEllip.test_basic(self),D:\thesis2\9 project\scipy\scipy\scipy\signal\tests\test_filter_design.py,23.0,3.0,20.0,6.0,19.0,2.0,4.0,1.0,16.0,6.0,15.0,3.0,3.0,3.0,1.0,1.0,0.1,1,1,1759,19,no
Function,test_signaltools._TestConvolve.test_input_swapping(self),D:\thesis2\9 project\scipy\scipy\scipy\signal\tests\test_signaltools.py,35.0,5.0,30.0,4.0,29.0,0.0,1.0,0.0,11.0,4.0,10.0,1.0,1.0,1.0,1.0,0.0,0.0,1,1,64,29,no
Function,test_spectral.TestCSD.test_real_onesided_odd_32(self),D:\thesis2\9 project\scipy\scipy\scipy\signal\tests\test_spectral.py,10.0,0.0,10.0,4.0,9.0,0.0,1.0,0.0,9.0,4.0,8.0,1.0,1.0,1.0,1.0,0.0,0.0,1,1,710,9,no
Function,"scipy.sparse.compressed._cs_matrix._set_many(self,i,j,x)",D:\thesis2\9 project\scipy\scipy\scipy\sparse\compressed.py,53.0,7.0,39.0,8.0,37.0,7.0,4.0,1.0,31.0,8.0,29.0,3.0,3.0,3.0,1.0,1.0,0.18,4,4,697,29,no
Function,"scipy.sparse.lil.lil_matrix.set_shape(self,shape)",D:\thesis2\9 project\scipy\scipy\scipy\sparse\lil.py,21.0,3.0,18.0,2.0,17.0,1.0,24.0,1.0,16.0,2.0,15.0,6.0,6.0,8.0,6.0,2.0,0.06,2,2,129,16,no
Function,test_arpack.test_real_nonsymmetric_modes(),D:\thesis2\9 project\scipy\scipy\scipy\sparse\linalg\eigen\arpack\tests\test_arpack.py,12.0,0.0,12.0,10.0,11.0,0.0,7.0,1.0,11.0,10.0,10.0,7.0,7.0,7.0,1.0,6.0,0.0,0,0,436,11,no
Function,test_matfuncs.TestExpM.test_burkardt_1(self),D:\thesis2\9 project\scipy\scipy\scipy\sparse\linalg\tests\test_matfuncs.py,39.0,0.0,13.0,6.0,12.0,26.0,1.0,0.0,7.0,6.0,6.0,1.0,1.0,1.0,1.0,0.0,2.0,1,1,207,10,no
Function,test_base._TestCommon.test_elementwise_multiply_broadcast(self),D:\thesis2\9 project\scipy\scipy\scipy\sparse\tests\test_base.py,52.0,4.0,44.0,24.0,43.0,4.0,36.0,2.0,42.0,24.0,41.0,9.0,9.0,9.0,7.0,3.0,0.09,1,1,1096,41,no
Function,test_base._TestMinMax.test_minmax_axis(self),D:\thesis2\9 project\scipy\scipy\scipy\sparse\tests\test_base.py,61.0,7.0,46.0,7.0,45.0,8.0,512.0,3.0,44.0,7.0,43.0,10.0,10.0,10.0,1.0,1.0,0.17,1,1,2869,43,no
Function,test_sparsetools.TestInt32Overflow.test_bsr_1_block.check(op),D:\thesis2\9 project\scipy\scipy\scipy\sparse\tests\test_sparsetools.py,10.0,0.0,10.0,6.0,9.0,0.0,1.0,0.0,10.0,6.0,9.0,1.0,1.0,1.0,1.0,0.0,0.0,1,1,156,9,no
Function,test_kdtree.test_small.setUp(self),D:\thesis2\9 project\scipy\scipy\scipy\spatial\tests\test_kdtree.py,16.0,0.0,16.0,8.0,15.0,0.0,1.0,0.0,9.0,8.0,8.0,1.0,1.0,1.0,1.0,0.0,0.0,1,1,103,15,no
Function,"scipy.special.basic.lmbda(v,x)",D:\thesis2\9 project\scipy\scipy\scipy\special\basic.py,20.0,0.0,17.0,6.0,16.0,3.0,16.0,1.0,15.0,6.0,14.0,5.0,5.0,6.0,3.0,1.0,0.18,2,2,927,14,no
Function,test_basic.TestCephes.test_binom(self),D:\thesis2\9 project\scipy\scipy\scipy\special\tests\test_basic.py,22.0,2.0,19.0,5.0,18.0,1.0,1.0,0.0,11.0,5.0,10.0,1.0,1.0,1.0,1.0,0.0,0.05,1,1,52,17,no
Function,test_boxcox.test_inv_boxcox(),D:\thesis2\9 project\scipy\scipy\scipy\special\tests\test_boxcox.py,12.0,1.0,11.0,5.0,10.0,0.0,1.0,0.0,11.0,5.0,10.0,1.0,1.0,1.0,1.0,0.0,0.0,0,0,76,10,no
Function,convert.parse_ipp_file(filename),D:\thesis2\9 project\scipy\scipy\scipy\special\utils\convert.py,35.0,1.0,32.0,10.0,31.0,2.0,14.0,1.0,31.0,10.0,30.0,7.0,7.0,7.0,4.0,4.0,0.06,1,1,138,29,no
Function,"scipy.stats.mstats_basic.mannwhitneyu(x,y,use_continuity)",D:\thesis2\9 project\scipy\scipy\scipy\stats\mstats_basic.py,48.0,8.0,22.0,12.0,21.0,18.0,2.0,0.0,20.0,12.0,19.0,2.0,2.0,2.0,1.0,1.0,0.82,3,3,772,20,no
Function,"scipy.stats.stats.trimboth(a,proportiontocut,axis)",D:\thesis2\9 project\scipy\scipy\scipy\stats\stats.py,53.0,8.0,13.0,5.0,12.0,32.0,4.0,1.0,13.0,5.0,12.0,3.0,3.0,3.0,1.0,1.0,2.46,3,3,2267,12,no
Function,"scipy.stats._distn_infrastructure.rv_generic._construct_argparser(self,meths_to_inspect,locscale_in,locscale_out)",D:\thesis2\9 project\scipy\scipy\scipy\stats\_distn_infrastructure.py,76.0,11.0,45.0,14.0,43.0,22.0,160.0,2.0,35.0,13.0,34.0,17.0,17.0,18.0,13.0,4.0,0.49,4,4,658,38,no
Function,"common_tests.check_edge_support(distfn,args)",D:\thesis2\9 project\scipy\scipy\scipy\stats\tests\common_tests.py,18.0,3.0,13.0,2.0,12.0,2.0,4.0,1.0,13.0,2.0,12.0,3.0,3.0,3.0,1.0,1.0,0.15,2,2,105,12,no
Function,test_distributions.TestFrozen.test_expect(self),D:\thesis2\9 project\scipy\scipy\scipy\stats\tests\test_distributions.py,16.0,2.0,12.0,8.0,10.0,2.0,1.0,0.0,11.0,8.0,9.0,1.0,1.0,1.0,1.0,0.0,0.17,1,1,1426,9,no
Function,test_mstats_basic.TestHMean.test_2D(self),D:\thesis2\9 project\scipy\scipy\scipy\stats\tests\test_mstats_basic.py,13.0,1.0,12.0,5.0,11.0,0.0,1.0,0.0,8.0,5.0,7.0,1.0,1.0,1.0,1.0,0.0,0.0,1,1,113,9,no
Function,test_stats.test_kendalltau(),D:\thesis2\9 project\scipy\scipy\scipy\stats\tests\test_stats.py,40.0,6.0,27.0,8.0,26.0,7.0,1.0,0.0,24.0,8.0,23.0,1.0,1.0,1.0,1.0,0.0,0.26,0,0,661,26,no
Function,"scipy.weave.ast_tools.match(pattern,data,vars)",D:\thesis2\9 project\scipy\scipy\scipy\weave\ast_tools.py,39.0,6.0,15.0,2.0,14.0,19.0,12.0,1.0,15.0,2.0,14.0,7.0,7.0,7.0,6.0,2.0,1.27,3,3,163,14,no
Function,scipy.weave.c_spec.common_base_converter.init_info(self),D:\thesis2\9 project\scipy\scipy\scipy\weave\c_spec.py,18.0,0.0,18.0,18.0,17.0,0.0,1.0,0.0,18.0,18.0,17.0,1.0,1.0,1.0,1.0,0.0,0.0,1,1,80,17,no
Function,fibonacci.recurse_compare(n),D:\thesis2\9 project\scipy\scipy\scipy\weave\examples\fibonacci.py,17.0,1.0,15.0,5.0,14.0,1.0,4.0,1.0,15.0,5.0,14.0,3.0,3.0,3.0,1.0,1.0,0.07,1,1,105,13,no
Function,test_c_spec.DictConverter.test_var_in(self),D:\thesis2\9 project\scipy\scipy\scipy\weave\tests\test_c_spec.py,22.0,0.0,22.0,7.0,21.0,1.0,4.0,1.0,22.0,7.0,21.0,3.0,3.0,3.0,1.0,1.0,0.05,1,1,592,22,no
Function,"scipy._lib.six.exec_(code,globs,locs)",D:\thesis2\9 project\scipy\scipy\scipy\_lib\six.py,11.0,0.0,10.0,2.0,9.0,1.0,4.0,1.0,9.0,2.0,8.0,4.0,4.0,4.0,1.0,2.0,0.1,3,3,209,9,no
Function,ansible.callbacks.get_cowsay_info(),D:\thesis2\9 project\ansible\ansible\lib\ansible\callbacks.py,23.0,1.0,20.0,6.0,19.0,2.0,11.0,1.0,17.0,6.0,16.0,7.0,7.0,8.0,1.0,1.0,0.1,0,0,53,19,no
Function,ansible.module_utils.basic.get_distribution(),D:\thesis2\9 project\ansible\ansible\lib\ansible\module_utils\basic.py,17.0,0.0,15.0,2.0,14.0,2.0,5.0,1.0,13.0,2.0,12.0,5.0,5.0,6.0,1.0,4.0,0.13,0,0,182,12,no
Function,ansible.module_utils.facts.FreeBSDHardware.get_cpu_facts(self),D:\thesis2\9 project\ansible\ansible\lib\ansible\module_utils\facts.py,14.0,1.0,13.0,5.0,12.0,0.0,10.0,1.0,13.0,5.0,12.0,5.0,5.0,5.0,1.0,2.0,0.0,1,1,1215,12,no
Function,"ansible.playbook.play.Play._load_role_defaults(self,defaults_files)",D:\thesis2\9 project\ansible\ansible\lib\ansible\playbook\play.py,12.0,1.0,10.0,4.0,9.0,1.0,5.0,1.0,10.0,4.0,9.0,5.0,5.0,5.0,5.0,4.0,0.1,2,2,400,9,no
Function,"ansible.runner.action_plugins.pause.ActionModule.__init__(self,runner)",D:\thesis2\9 project\ansible\ansible\lib\ansible\runner\action_plugins\pause.py,14.0,0.0,13.0,6.0,12.0,1.0,1.0,0.0,6.0,6.0,5.0,1.0,1.0,1.0,1.0,0.0,0.08,2,2,35,11,no
Function,"ansible.runner.connection_plugins.winrm.Connection.put_file(self,in_path,out_path)",D:\thesis2\9 project\ansible\ansible\lib\ansible\runner\connection_plugins\winrm.py,37.0,0.0,33.0,12.0,32.0,5.0,16.0,1.0,26.0,11.0,25.0,7.0,7.0,8.0,5.0,5.0,0.15,3,3,167,25,no
Function,"ansible.utils.template.template(basedir,varname,templatevars,lookup_fatal,depth,expand_lists,convert_bare,fail_on_undefined,filter_fatal)",D:\thesis2\9 project\ansible\ansible\lib\ansible\utils\template.py,38.0,5.0,32.0,7.0,30.0,1.0,35.0,2.0,28.0,6.0,26.0,13.0,13.0,19.0,8.0,5.0,0.03,9,9,109,29,no
Function,hipchat.CallbackModule.__init__(self),D:\thesis2\9 project\ansible\ansible\plugins\callbacks\hipchat.py,20.0,3.0,17.0,9.0,16.0,0.0,4.0,1.0,14.0,9.0,13.0,3.0,3.0,3.0,1.0,1.0,0.0,1,1,46,13,no
Function,openshift.get_from_rhc_config(variable),D:\thesis2\9 project\ansible\ansible\plugins\inventory\openshift.py,12.0,0.0,12.0,4.0,10.0,0.0,5.0,1.0,12.0,4.0,10.0,4.0,4.0,4.0,3.0,2.0,0.0,1,1,45,11,no
Function,TestPlayVarsFiles.TestMe.test_multiple_vars_files(self),D:\thesis2\9 project\ansible\ansible\test\units\TestPlayVarsFiles.py,29.0,5.0,20.0,8.0,19.0,4.0,1.0,0.0,19.0,8.0,18.0,1.0,1.0,1.0,1.0,0.0,0.2,1,1,115,19,no
Function,"ansible.executor.module_common._find_snippet_imports(module_data,module_path,strip_comments)",D:\thesis2\9 project\ansible\ansible\v2\ansible\executor\module_common.py,55.0,6.0,43.0,10.0,42.0,8.0,368.0,3.0,38.0,10.0,37.0,15.0,15.0,19.0,8.0,3.0,0.19,3,3,58,40,no
Function,"ansible.module_utils.basic.load_platform_subclass(cls,args,kwargs)",D:\thesis2\9 project\ansible\ansible\v2\ansible\module_utils\basic.py,23.0,3.0,15.0,5.0,14.0,5.0,32.0,2.0,15.0,5.0,14.0,8.0,8.0,11.0,1.0,3.0,0.33,3,1,212,14,no
Function,ansible.module_utils.facts.FreeBSDHardware.get_dmi_facts(self),D:\thesis2\9 project\ansible\ansible\v2\ansible\module_utils\facts.py,31.0,2.0,25.0,5.0,24.0,5.0,5.0,1.0,14.0,5.0,13.0,5.0,5.0,5.0,1.0,4.0,0.2,1,1,1207,13,no
Function,"ansible.parsing.mod_args.ModuleArgsParser._normalize_old_style_args(self,thing,action)",D:\thesis2\9 project\ansible\ansible\v2\ansible\parsing\mod_args.py,26.0,2.0,11.0,3.0,10.0,13.0,4.0,1.0,8.0,3.0,7.0,4.0,4.0,4.0,4.0,1.0,1.18,3,3,148,9,no
Function,"ansible.playbook.role.Role._resolve_main(self,basepath)",D:\thesis2\9 project\ansible\ansible\v2\ansible\playbook\role\__init__.py,16.0,1.0,14.0,3.0,13.0,3.0,4.0,1.0,8.0,3.0,7.0,4.0,4.0,4.0,4.0,3.0,0.21,2,2,193,11,no
Function,"ansible.plugins.connections.local.Connection.exec_command(self,cmd,tmp_path,executable,in_data)",D:\thesis2\9 project\ansible\ansible\v2\ansible\plugins\connections\local.py,71.0,8.0,27.0,4.0,26.0,37.0,8.0,1.0,19.0,4.0,18.0,5.0,5.0,5.0,3.0,1.0,1.37,5,5,42,19,no
Function,"ansible.plugins.strategies.StrategyBase._add_host(self,host_info)",D:\thesis2\9 project\ansible\ansible\v2\ansible\plugins\strategies\__init__.py,43.0,8.0,25.0,8.0,24.0,10.0,18.0,1.0,23.0,8.0,22.0,7.0,7.0,7.0,1.0,4.0,0.4,2,2,238,22,no
Function,test.vars.test_variable_manager.TestVariableManager.test_basic_manager(self),D:\thesis2\9 project\ansible\ansible\v2\test\vars\test_variable_manager.py,16.0,1.0,15.0,2.0,14.0,0.0,1.0,0.0,5.0,2.0,4.0,1.0,1.0,1.0,1.0,0.0,0.0,1,1,37,12,no
Function,"boto.regioninfo.get_regions(service_name,region_cls,connection_cls)",D:\thesis2\9 project\boto\boto\boto\regioninfo.py,46.0,10.0,18.0,4.0,17.0,18.0,8.0,1.0,10.0,4.0,9.0,4.0,4.0,4.0,1.0,1.0,1.0,3,3,101,11,no
Function,"boto.beanstalk.layer1.Layer1.swap_environment_cnames(self,source_environment_id,source_environment_name,destination_environment_id,destination_environment_name)",D:\thesis2\9 project\boto\boto\boto\beanstalk\layer1.py,44.0,4.0,14.0,5.0,10.0,26.0,16.0,1.0,11.0,2.0,10.0,5.0,5.0,5.0,1.0,1.0,1.86,5,5,874,10,no
Function,"boto.cloudfront.invalidation.InvalidationBatch.endElement(self,name,value,connection)",D:\thesis2\9 project\boto\boto\boto\cloudfront\invalidation.py,12.0,0.0,12.0,4.0,11.0,0.0,6.0,1.0,8.0,4.0,7.0,6.0,6.0,6.0,1.0,1.0,0.0,4,4,92,11,no
Function,"boto.cloudsearch2.search.SearchConnection.get_all_hits(self,query)",D:\thesis2\9 project\boto\boto\boto\cloudsearch2\search.py,23.0,3.0,10.0,5.0,9.0,10.0,3.0,0.0,10.0,5.0,9.0,3.0,3.0,3.0,1.0,2.0,1.0,2,2,418,9,no
Function,boto.dynamodb.types.dynamize_value(val),D:\thesis2\9 project\boto\boto\boto\dynamodb\types.py,23.0,0.0,17.0,2.0,16.0,6.0,8.0,1.0,12.0,2.0,11.0,8.0,8.0,8.0,1.0,2.0,0.35,1,1,137,16,no
Function,"boto.ec2.connection.EC2Connection.build_filter_params(self,params,filters)",D:\thesis2\9 project\boto\boto\boto\ec2\connection.py,18.0,1.0,17.0,7.0,16.0,0.0,18.0,1.0,17.0,7.0,16.0,6.0,6.0,6.0,1.0,2.0,0.0,3,3,124,16,no
Function,"boto.ec2.connection.EC2Connection.modify_vpc_attribute(self,vpc_id,enable_dns_support,enable_dns_hostnames,dry_run)",D:\thesis2\9 project\boto\boto\boto\ec2\connection.py,19.0,1.0,14.0,3.0,12.0,4.0,8.0,1.0,9.0,2.0,8.0,6.0,6.0,6.0,1.0,1.0,0.29,5,5,4451,11,no
Function,"boto.ec2.volume.Volume.endElement(self,name,value,connection)",D:\thesis2\9 project\boto\boto\boto\ec2\volume.py,22.0,0.0,22.0,1.0,21.0,0.0,11.0,1.0,13.0,1.0,12.0,11.0,11.0,11.0,1.0,2.0,0.0,4,4,79,20,no
Function,"boto.ec2.elb.loadbalancer.LoadBalancer.__init__(self,connection,name,endpoints)",D:\thesis2\9 project\boto\boto\boto\ec2\elb\loadbalancer.py,52.0,0.0,19.0,19.0,18.0,33.0,1.0,0.0,19.0,19.0,18.0,1.0,1.0,1.0,1.0,0.0,1.74,4,4,77,18,no
Function,"boto.file.key.Key.__init__(self,bucket,name,fp,key_type)",D:\thesis2\9 project\boto\boto\boto\file\key.py,18.0,0.0,18.0,7.0,17.0,0.0,6.0,1.0,15.0,7.0,14.0,4.0,4.0,4.0,1.0,1.0,0.0,5,5,37,15,no
Function,"boto.gs.bucket.Bucket.get_lifecycle_config(self,headers)",D:\thesis2\9 project\boto\boto\boto\gs\bucket.py,20.0,1.0,13.0,5.0,12.0,6.0,2.0,0.0,10.0,5.0,9.0,2.0,2.0,2.0,1.0,1.0,0.46,2,2,951,10,no
Function,"boto.manage.cmdshell.SSHClient.__init__(self,server,host_key_file,uname,timeout,ssh_pwd)",D:\thesis2\9 project\boto\boto\boto\manage\cmdshell.py,14.0,0.0,14.0,9.0,11.0,0.0,1.0,0.0,11.0,7.0,10.0,1.0,1.0,1.0,1.0,0.0,0.0,6,6,51,10,no
Function,"boto.mturk.connection.MTurkConnection.get_reviewable_hits(self,hit_type,status,sort_by,sort_direction,page_size,page_number)",D:\thesis2\9 project\boto\boto\boto\mturk\connection.py,20.0,2.0,12.0,4.0,9.0,6.0,2.0,0.0,5.0,2.0,4.0,2.0,2.0,2.0,1.0,1.0,0.5,7,7,281,9,no
Function,"boto.rds.dbinstance.DBInstance.__init__(self,connection,id)",D:\thesis2\9 project\boto\boto\boto\rds\dbinstance.py,31.0,0.0,31.0,31.0,30.0,0.0,1.0,0.0,31.0,31.0,30.0,1.0,1.0,1.0,1.0,0.0,0.0,3,3,91,30,no
Function,"boto.rds2.layer1.RDSConnection.describe_db_engine_versions(self,engine,engine_version,db_parameter_group_family,max_records,marker,default_only,list_supported_character_sets)",D:\thesis2\9 project\boto\boto\boto\rds2\layer1.py,74.0,12.0,26.0,6.0,21.0,36.0,128.0,2.0,17.0,2.0,16.0,8.0,8.0,8.0,1.0,1.0,1.38,8,8,1384,18,no
Function,"boto.route53.connection.Route53Connection.delete_hosted_zone(self,hosted_zone_id)",D:\thesis2\9 project\boto\boto\boto\route53\connection.py,20.0,2.0,13.0,6.0,12.0,5.0,2.0,0.0,11.0,6.0,10.0,2.0,2.0,2.0,1.0,1.0,0.38,2,2,250,12,no
Function,"boto.s3.bucketlistresultset.bucket_lister(bucket,prefix,delimiter,marker,headers,encoding_type)",D:\thesis2\9 project\boto\boto\boto\s3\bucketlistresultset.py,20.0,0.0,17.0,5.0,15.0,3.0,13.0,1.0,14.0,4.0,13.0,6.0,6.0,8.0,1.0,3.0,0.18,6,6,24,13,no
Function,"boto.sdb.connection.SDBConnection.get_attributes(self,domain_or_name,item_name,attribute_names,consistent_read,item)",D:\thesis2\9 project\boto\boto\boto\sdb\connection.py,47.0,6.0,21.0,7.0,19.0,20.0,18.0,1.0,18.0,6.0,17.0,6.0,6.0,6.0,1.0,2.0,0.95,6,6,457,18,no
Function,"boto.sdb.db.manager.sdbmanager.SDBManager._build_filter(self,property,name,op,val)",D:\thesis2\9 project\boto\boto\boto\sdb\db\manager\sdbmanager.py,20.0,0.0,20.0,1.0,19.0,0.0,64.0,2.0,17.0,1.0,16.0,10.0,10.0,11.0,4.0,2.0,0.0,5,5,544,18,no
Function,"boto.sqs.bigmessage.BigMessage.encode(self,value)",D:\thesis2\9 project\boto\boto\boto\sqs\bigmessage.py,18.0,0.0,11.0,5.0,10.0,7.0,2.0,0.0,11.0,5.0,10.0,2.0,2.0,3.0,1.0,1.0,0.64,2,2,78,10,no
Function,boto.vendored.six.add_metaclass.wrapper(cls),D:\thesis2\9 project\boto\boto\boto\vendored\six.py,11.0,0.0,11.0,4.0,10.0,0.0,5.0,1.0,11.0,4.0,10.0,4.0,4.0,4.0,1.0,2.0,0.0,1,1,719,10,no
Function,tests.integration.dynamodb.test_layer1.DynamoDBLayer1Test.test_binary_attributes(self),D:\thesis2\9 project\boto\boto\tests\integration\dynamodb\test_layer1.py,33.0,2.0,28.0,7.0,27.0,3.0,2.0,0.0,14.0,7.0,13.0,2.0,2.0,2.0,1.0,1.0,0.11,1,1,234,26,no
Function,tests.integration.gs.test_basic.GSBasicTest.test_cors_xml_storage_uri(self),D:\thesis2\9 project\boto\boto\tests\integration\gs\test_basic.py,16.0,0.0,12.0,7.0,11.0,4.0,1.0,0.0,12.0,7.0,11.0,1.0,1.0,1.0,1.0,0.0,0.33,1,1,386,11,no
Function,tests.integration.gs.test_versioning.GSVersioningTest.testCopyVersionedKey(self),D:\thesis2\9 project\boto\boto\tests\integration\gs\test_versioning.py,18.0,4.0,14.0,9.0,13.0,0.0,1.0,0.0,14.0,9.0,13.0,1.0,1.0,1.0,1.0,0.0,0.0,1,1,235,13,no
Function,tests.integration.s3.test_multidelete.S3MultiDeleteTest.test_delete_too_many_versions(self),D:\thesis2\9 project\boto\boto\tests\integration\s3\test_multidelete.py,24.0,4.0,13.0,3.0,12.0,7.0,1.0,0.0,13.0,3.0,12.0,1.0,1.0,1.0,1.0,0.0,0.54,1,1,125,11,no
Function,tests.unit.test_regioninfo.TestEndpointLoading.test_merge_endpoints(self),D:\thesis2\9 project\boto\boto\tests\unit\test_regioninfo.py,31.0,1.0,27.0,4.0,26.0,3.0,1.0,0.0,5.0,4.0,4.0,1.0,1.0,1.0,1.0,0.0,0.11,1,1,55,18,no
Function,tests.unit.cloudsearch.test_document.CloudSearchDocumentMultipleAddTest.test_cloudsearch_add_basics(self),D:\thesis2\9 project\boto\boto\tests\unit\cloudsearch\test_document.py,19.0,2.0,16.0,5.0,15.0,1.0,4.0,1.0,12.0,5.0,11.0,3.0,3.0,3.0,1.0,1.0,0.06,1,1,127,14,no
Function,tests.unit.dynamodb2.test_table.TableTestCase.test_put_item(self),D:\thesis2\9 project\boto\boto\tests\unit\dynamodb2\test_table.py,26.0,1.0,25.0,2.0,24.0,0.0,1.0,0.0,4.0,1.0,3.0,1.0,1.0,1.0,1.0,1.0,0.0,1,1,1862,9,no
Function,tests.unit.ec2.test_instance.TestDescribeInstances.test_multiple_private_ip_addresses(self),D:\thesis2\9 project\boto\boto\tests\unit\ec2\test_instance.py,24.0,7.0,17.0,6.0,16.0,0.0,1.0,0.0,17.0,6.0,16.0,1.0,1.0,1.0,1.0,0.0,0.0,1,1,250,15,no
Function,tests.unit.glacier.test_utils.TestTreeHash.test_tree_hash_calculations(self),D:\thesis2\9 project\boto\boto\tests\unit\glacier\test_utils.py,18.0,1.0,17.0,5.0,16.0,0.0,1.0,0.0,9.0,5.0,8.0,1.0,1.0,1.0,1.0,0.0,0.0,1,1,97,16,no
Function,tests.unit.s3.test_bucket.TestS3Bucket.test__get_all_query_args(self),D:\thesis2\9 project\boto\boto\tests\unit\s3\test_bucket.py,51.0,6.0,33.0,4.0,32.0,12.0,1.0,0.0,15.0,4.0,14.0,1.0,1.0,1.0,1.0,0.0,0.36,1,1,67,28,no
Function,tests.unit.utils.test_utils.TestLazyLoadMetadata.test_meta_data_with_invalid_json_format_happened_twice(self),D:\thesis2\9 project\boto\boto\tests\unit\utils\test_utils.py,11.0,1.0,10.0,7.0,9.0,0.0,1.0,0.0,10.0,7.0,9.0,1.0,1.0,1.0,1.0,1.0,0.0,1,1,254,9,no
Function,"IPython.core.application.ProfileAwareConfigLoader.load_subconfig(self,fname,path,profile)",D:\thesis2\9 project\ipython\ipython\IPython\core\application.py,11.0,0.0,11.0,2.0,10.0,0.0,3.0,0.0,8.0,2.0,7.0,3.0,3.0,3.0,3.0,2.0,0.0,4,4,69,9,no
Function,"IPython.core.display.set_matplotlib_formats(formats,kwargs)",D:\thesis2\9 project\ipython\ipython\IPython\core\display.py,29.0,5.0,10.0,7.0,6.0,14.0,1.0,0.0,10.0,7.0,6.0,1.0,1.0,1.0,1.0,0.0,1.4,2,0,911,10,no
Function,"IPython.core.interactiveshell.ReadlineNoRecord.__exit__(self,type,value,traceback)",D:\thesis2\9 project\ipython\ipython\IPython\core\interactiveshell.py,18.0,1.0,14.0,3.0,13.0,3.0,8.0,1.0,13.0,3.0,12.0,6.0,6.0,7.0,1.0,4.0,0.21,4,4,160,13,no
Function,"IPython.core.magic.Magics.parse_options(self,arg_str,opt_str,long_opts,kw)",D:\thesis2\9 project\ipython\ipython\IPython\core\magic.py,80.0,13.0,36.0,12.0,35.0,32.0,76.0,2.0,33.0,11.0,32.0,10.0,10.0,10.0,4.0,4.0,0.89,5,3,579,33,no
Function,IPython.core.ultratb.findsource(object),D:\thesis2\9 project\ipython\ipython\IPython\core\ultratb.py,74.0,7.0,48.0,12.0,47.0,19.0,2718.0,3.0,47.0,12.0,46.0,18.0,18.0,19.0,12.0,4.0,0.4,1,1,149,45,no
Function,"IPython.core.magics.namespace.NamespaceMagics.who(self,parameter_s)",D:\thesis2\9 project\ipython\ipython\IPython\core\magics\namespace.py,61.0,17.0,16.0,4.0,15.0,28.0,5.0,1.0,15.0,4.0,14.0,5.0,5.0,5.0,1.0,2.0,1.75,2,2,283,16,no
Function,IPython.core.tests.test_formatters.test_for_type_string(),D:\thesis2\9 project\ipython\ipython\IPython\core\tests\test_formatters.py,15.0,3.0,10.0,4.0,9.0,2.0,1.0,0.0,10.0,4.0,9.0,1.0,1.0,1.0,1.0,0.0,0.2,0,0,116,9,no
Function,IPython.core.tests.test_magic.test_macro_run(),D:\thesis2\9 project\ipython\ipython\IPython\core\tests\test_magic.py,14.0,0.0,13.0,4.0,12.0,1.0,2.0,0.0,11.0,4.0,10.0,2.0,2.0,2.0,1.0,1.0,0.08,0,0,258,13,no
Function,"IPython.extensions.autoreload.update_class(old,new)",D:\thesis2\9 project\ipython\ipython\IPython\extensions\autoreload.py,22.0,3.0,16.0,4.0,15.0,4.0,13.0,1.0,17.0,4.0,16.0,6.0,6.0,6.0,4.0,3.0,0.25,2,2,276,15,no
Function,"IPython.lib.display.FileLinks._get_display_formatter.f(dirname,fnames,included_suffixes)",D:\thesis2\9 project\ipython\ipython\IPython\lib\display.py,32.0,1.0,23.0,7.0,22.0,8.0,18.0,1.0,20.0,7.0,19.0,7.0,7.0,9.0,1.0,3.0,0.35,3,3,451,21,no
Function,"IPython.sphinxext.ipython_directive.EmbeddedSphinxShell.process_image(self,decorator)",D:\thesis2\9 project\ipython\ipython\IPython\sphinxext\ipython_directive.py,28.0,3.0,16.0,11.0,15.0,10.0,2.0,0.0,15.0,11.0,14.0,2.0,2.0,2.0,1.0,1.0,0.62,2,2,362,15,no
Function,"IPython.testing.plugin.ipdoctest.DocTestFinder._from_module(self,module,object)",D:\thesis2\9 project\ipython\ipython\IPython\testing\plugin\ipdoctest.py,31.0,0.0,21.0,1.0,20.0,11.0,10.0,1.0,12.0,1.0,11.0,10.0,10.0,10.0,10.0,1.0,0.52,3,3,94,19,no
Function,IPython.utils.text.long_substr(data),D:\thesis2\9 project\ipython\ipython\IPython\utils\text.py,14.0,1.0,10.0,4.0,9.0,3.0,6.0,1.0,9.0,4.0,8.0,6.0,6.0,8.0,1.0,4.0,0.3,1,1,412,9,no
Function,IPython.utils.tests.test_wildcard.Tests.test_case_showall(self),D:\thesis2\9 project\ipython\ipython\IPython\utils\tests\test_wildcard.py,14.0,0.0,14.0,5.0,13.0,0.0,2.0,0.0,7.0,5.0,6.0,2.0,2.0,2.0,1.0,1.0,0.0,1,1,66,11,no
Function,"numpy.ctypeslib._ndptr.from_param(cls,obj)",D:\thesis2\9 project\numpy\numpy\numpy\ctypeslib.py,17.0,0.0,17.0,1.0,16.0,0.0,32.0,2.0,12.0,1.0,11.0,6.0,6.0,10.0,6.0,1.0,0.0,2,2,169,17,no
Function,"numpy.core.numeric.convolve(a,v,mode)",D:\thesis2\9 project\numpy\numpy\numpy\core\numeric.py,96.0,18.0,10.0,1.0,9.0,68.0,8.0,1.0,10.0,1.0,9.0,4.0,4.0,4.0,3.0,1.0,6.8,3,3,908,9,no
Function,numpy.core.setup_common.pyod._pyod3(),D:\thesis2\9 project\numpy\numpy\numpy\core\setup_common.py,13.0,1.0,12.0,6.0,11.0,0.0,2.0,0.0,11.0,6.0,10.0,2.0,2.0,2.0,1.0,2.0,0.0,0,0,250,10,no
Function,test_datetime.TestDateTime.test_days_to_pydate(self),D:\thesis2\9 project\numpy\numpy\numpy\core\tests\test_datetime.py,21.0,0.0,21.0,1.0,20.0,0.0,1.0,0.0,11.0,1.0,10.0,1.0,1.0,1.0,1.0,0.0,0.0,1,1,442,18,no
Function,test_dtype.TestSubarray.test_nonequivalent_record(self),D:\thesis2\9 project\numpy\numpy\numpy\core\tests\test_dtype.py,13.0,2.0,10.0,3.0,9.0,1.0,1.0,0.0,10.0,3.0,9.0,1.0,1.0,1.0,1.0,0.0,0.1,1,1,263,9,no
Function,test_multiarray.TestAttributes.test_stridesattr(self),D:\thesis2\9 project\numpy\numpy\numpy\core\tests\test_multiarray.py,14.0,0.0,13.0,3.0,11.0,1.0,1.0,0.0,11.0,3.0,9.0,1.0,1.0,1.0,1.0,0.0,0.08,1,1,156,9,no
Function,test_multiarray.TestStats.test_out(self),D:\thesis2\9 project\numpy\numpy\numpy\core\tests\test_multiarray.py,12.0,0.0,12.0,6.0,11.0,0.0,2.0,0.0,12.0,6.0,11.0,2.0,2.0,2.0,1.0,1.0,0.0,1,1,3619,11,no
Function,test_nditer.test_iter_best_order_c_index_3d(),D:\thesis2\9 project\numpy\numpy\numpy\core\tests\test_nditer.py,36.0,1.0,30.0,3.0,29.0,5.0,1.0,0.0,18.0,3.0,17.0,1.0,1.0,1.0,1.0,0.0,0.17,0,0,302,29,no
Function,test_numeric.TestBoolCmp.test_float(self),D:\thesis2\9 project\numpy\numpy\numpy\core\tests\test_numeric.py,21.0,1.0,17.0,5.0,16.0,3.0,2.0,0.0,17.0,5.0,16.0,2.0,2.0,2.0,1.0,1.0,0.18,1,1,355,16,no
Function,test_records.TestFromrecords.test_recarray_conflict_fields(self),D:\thesis2\9 project\numpy\numpy\numpy\core\tests\test_records.py,14.0,0.0,14.0,2.0,13.0,0.0,1.0,0.0,12.0,2.0,11.0,1.0,1.0,1.0,1.0,0.0,0.0,1,1,114,12,no
Function,test_ufunc.TestUfunc.test_incontiguous_array(self),D:\thesis2\9 project\numpy\numpy\numpy\core\tests\test_ufunc.py,15.0,0.0,15.0,6.0,14.0,0.0,1.0,0.0,15.0,6.0,14.0,1.0,1.0,1.0,1.0,0.0,0.0,1,1,458,14,no
Function,test_umath_complex.TestCarg.test_special_values(self),D:\thesis2\9 project\numpy\numpy\numpy\core\tests\test_umath_complex.py,27.0,6.0,15.0,1.0,14.0,6.0,1.0,0.0,15.0,1.0,14.0,1.0,1.0,1.0,1.0,0.0,0.4,1,1,492,13,no
Function,"numpy.distutils.mingw32ccompiler.Mingw32CCompiler.__init__(self,verbose,dry_run,force)",D:\thesis2\9 project\numpy\numpy\numpy\distutils\mingw32ccompiler.py,129.0,13.0,80.0,15.0,75.0,37.0,270.0,2.0,37.0,12.0,35.0,12.0,12.0,13.0,1.0,2.0,0.46,4,4,52,37,no
Function,numpy.distutils.npy_pkg_config.parse_meta(config),D:\thesis2\9 project\numpy\numpy\numpy\distutils\npy_pkg_config.py,17.0,4.0,13.0,4.0,12.0,0.0,24.0,1.0,12.0,4.0,11.0,6.0,6.0,6.0,4.0,2.0,0.0,1,1,235,12,no
Function,numpy.distutils.command.build_src.build_src.build_sources(self),D:\thesis2\9 project\numpy\numpy\numpy\distutils\command\build_src.py,19.0,6.0,13.0,4.0,12.0,0.0,12.0,1.0,12.0,4.0,11.0,5.0,5.0,5.0,1.0,2.0,0.0,1,1,155,12,no
Function,"numpy.distutils.fcompiler.FCompiler.link(self,target_desc,objects,output_filename,output_dir,libraries,library_dirs,runtime_library_dirs,export_symbols,debug,extra_preargs,extra_postargs,build_temp,target_lang)",D:\thesis2\9 project\numpy\numpy\numpy\distutils\fcompiler\__init__.py,46.0,3.0,43.0,11.0,38.0,0.0,387.0,3.0,32.0,7.0,31.0,11.0,11.0,11.0,5.0,2.0,0.0,14,14,635,34,no
Function,"numpy.f2py.crackfortran.analyzebody(block,args,tab)",D:\thesis2\9 project\numpy\numpy\numpy\f2py\crackfortran.py,29.0,1.0,28.0,5.0,26.0,0.0,82.0,2.0,26.0,5.0,24.0,10.0,10.0,13.0,8.0,3.0,0.0,3,3,1752,25,no
Function,util.F2PyTest.setUp(self),D:\thesis2\9 project\numpy\numpy\numpy\f2py\tests\util.py,37.0,5.0,30.0,5.0,29.0,2.0,513.0,3.0,24.0,5.0,23.0,12.0,12.0,14.0,5.0,2.0,0.07,1,1,317,24,no
Function,"numpy.lib.function_base.vectorize._vectorize_call(self,func,args)",D:\thesis2\9 project\numpy\numpy\numpy\lib\function_base.py,20.0,3.0,15.0,5.0,14.0,2.0,3.0,0.0,10.0,5.0,9.0,3.0,3.0,3.0,1.0,2.0,0.13,3,3,1810,9,no
Function,"numpy.lib.recfunctions.drop_fields(base,drop_names,usemask,asrecarray)",D:\thesis2\9 project\numpy\numpy\numpy\lib\recfunctions.py,62.0,6.0,25.0,9.0,23.0,31.0,4.0,1.0,23.0,9.0,21.0,3.0,3.0,3.0,1.0,1.0,1.24,4,4,466,10,no
Function,"numpy.lib._version.NumpyVersion.__init__(self,vstring)",D:\thesis2\9 project\numpy\numpy\numpy\lib\_version.py,22.0,2.0,20.0,11.0,19.0,0.0,6.0,1.0,17.0,11.0,16.0,4.0,4.0,4.0,1.0,2.0,0.0,2,2,56,16,no
Function,test_financial.TestFinancial.test_when(self),D:\thesis2\9 project\numpy\numpy\numpy\lib\tests\test_financial.py,63.0,6.0,43.0,1.0,42.0,14.0,1.0,0.0,22.0,1.0,21.0,1.0,1.0,1.0,1.0,0.0,0.33,1,1,81,40,no
Function,test_function_base.TestScoreatpercentile.test_percentile_out(self),D:\thesis2\9 project\numpy\numpy\numpy\lib\tests\test_function_base.py,40.0,5.0,33.0,8.0,32.0,2.0,1.0,0.0,32.0,8.0,31.0,1.0,1.0,1.0,1.0,0.0,0.06,1,1,1929,32,no
Function,test_io.TestFromTxt.test_replace_space(self),D:\thesis2\9 project\numpy\numpy\numpy\lib\tests\test_io.py,23.0,0.0,19.0,5.0,18.0,4.0,1.0,0.0,14.0,5.0,13.0,1.0,1.0,1.0,1.0,0.0,0.21,1,1,1548,13,no
Function,"test_regression.TestRegression.test_who_with_0dim_array(self,level)",D:\thesis2\9 project\numpy\numpy\numpy\lib\tests\test_regression.py,15.0,1.0,13.0,4.0,10.0,2.0,2.0,0.0,12.0,4.0,9.0,2.0,2.0,2.0,1.0,2.0,0.15,2,2,171,11,no
Function,numpy.linalg.linalg.cholesky(a),D:\thesis2\9 project\numpy\numpy\numpy\linalg\linalg.py,81.0,15.0,10.0,7.0,9.0,56.0,1.0,0.0,10.0,7.0,9.0,2.0,2.0,2.0,1.0,0.0,5.6,1,1,530,9,no
Function,numpy.ma.core.default_fill_value(obj),D:\thesis2\9 project\numpy\numpy\numpy\ma\core.py,62.0,7.0,23.0,2.0,22.0,32.0,10.0,1.0,14.0,2.0,13.0,10.0,10.0,11.0,1.0,2.0,1.39,1,1,166,20,no
Function,"numpy.ma.core.MaskedArray.tolist(self,fill_value)",D:\thesis2\9 project\numpy\numpy\numpy\ma\core.py,50.0,5.0,19.0,6.0,18.0,26.0,6.0,1.0,19.0,6.0,18.0,6.0,6.0,6.0,5.0,2.0,1.37,2,2,5435,18,no
Function,"numpy.ma.testutils.assert_array_compare(comparison,x,y,err_msg,verbose,header,fill_value)",D:\thesis2\9 project\numpy\numpy\numpy\ma\testutils.py,22.0,0.0,15.0,4.0,13.0,7.0,2.0,0.0,8.0,3.0,7.0,2.0,2.0,5.0,1.0,1.0,0.47,7,7,168,10,no
Function,test_core.TestFillingValues.test_check_on_fields(self),D:\thesis2\9 project\numpy\numpy\numpy\ma\tests\test_core.py,48.0,2.0,29.0,4.0,28.0,17.0,1.0,0.0,26.0,4.0,25.0,1.0,1.0,1.0,1.0,0.0,0.59,1,1,1368,27,no
Function,test_core.TestMaskedArrayMethods.test_take_masked_indices(self),D:\thesis2\9 project\numpy\numpy\numpy\ma\tests\test_core.py,29.0,0.0,25.0,5.0,24.0,4.0,1.0,0.0,17.0,5.0,16.0,1.0,1.0,1.0,1.0,0.0,0.16,1,1,2732,24,no
Function,test_extras.TestNotMasked.test_contiguous(self),D:\thesis2\9 project\numpy\numpy\numpy\ma\tests\test_extras.py,22.0,0.0,19.0,3.0,18.0,3.0,1.0,0.0,16.0,3.0,15.0,1.0,1.0,1.0,1.0,0.0,0.16,1,1,326,15,no
Function,test_old_ma.TestUfuncs.test_testUfuncRegression(self),D:\thesis2\9 project\numpy\numpy\numpy\ma\tests\test_old_ma.py,38.0,0.0,36.0,8.0,35.0,2.0,9.0,1.0,18.0,8.0,17.0,5.0,5.0,5.0,1.0,3.0,0.06,1,1,661,35,no
Function,"numpy.polynomial.hermite.hermvander2d(x,y,deg)",D:\thesis2\9 project\numpy\numpy\numpy\polynomial\hermite.py,61.0,13.0,11.0,7.0,10.0,37.0,2.0,0.0,11.0,7.0,10.0,2.0,2.0,3.0,1.0,1.0,3.36,3,3,1240,10,no
Function,numpy.polynomial.legendre.legcompanion(c),D:\thesis2\9 project\numpy\numpy\numpy\polynomial\legendre.py,42.0,7.0,15.0,6.0,14.0,20.0,4.0,1.0,15.0,6.0,14.0,3.0,3.0,3.0,3.0,1.0,1.33,1,1,1570,14,no
Function,test_hermite.TestEvaluation.test_hermval3d(self),D:\thesis2\9 project\numpy\numpy\numpy\polynomial\tests\test_hermite.py,16.0,3.0,10.0,6.0,9.0,3.0,1.0,0.0,10.0,6.0,9.0,1.0,1.0,1.0,1.0,0.0,0.3,1,1,151,9,no
Function,test_random.TestRandomDist.test_shuffle_masked(self),D:\thesis2\9 project\numpy\numpy\numpy\random\tests\test_random.py,11.0,0.0,10.0,6.0,9.0,1.0,2.0,0.0,10.0,6.0,9.0,2.0,2.0,2.0,1.0,1.0,0.1,1,1,290,9,no
Function,test_utils.TestAssertAllclose.test_simple(self),D:\thesis2\9 project\numpy\numpy\numpy\testing\tests\test_utils.py,20.0,5.0,15.0,5.0,14.0,0.0,1.0,0.0,14.0,5.0,13.0,1.0,1.0,1.0,1.0,0.0,0.0,1,1,440,13,no
Function,"nltk.data.find(resource_name,paths)",D:\thesis2\9 project\nltk\nltk\nltk\data.py,97.0,12.0,44.0,11.0,43.0,41.0,56.0,2.0,37.0,11.0,36.0,14.0,14.0,17.0,13.0,5.0,0.93,2,2,528,39,no
Function,"nltk.featstruct.FeatDict._repr(self,reentrances,reentrance_ids)",D:\thesis2\9 project\nltk\nltk\nltk\featstruct.py,43.0,2.0,36.0,7.0,35.0,5.0,44.0,2.0,25.0,7.0,24.0,13.0,13.0,16.0,1.0,3.0,0.14,3,3,738,33,no
Function,"nltk.probability.DictionaryProbDist.__init__(self,prob_dict,log,normalize)",D:\thesis2\9 project\nltk\nltk\nltk\probability.py,39.0,3.0,26.0,8.0,25.0,10.0,17.0,1.0,22.0,8.0,21.0,11.0,11.0,11.0,3.0,4.0,0.38,4,4,535,22,no
Function,"nltk.tree.Tree._pformat_flat(self,nodesep,parens,quotes)",D:\thesis2\9 project\nltk\nltk\nltk\tree.py,17.0,0.0,17.0,3.0,16.0,0.0,10.0,1.0,11.0,3.0,10.0,6.0,6.0,7.0,1.0,2.0,0.0,4,4,810,14,no
Function,"nltk.app.chartparser_app.ChartComparer.save_chart_dialog(self,args)",D:\thesis2\9 project\nltk\nltk\nltk\app\chartparser_app.py,11.0,0.0,11.0,4.0,10.0,0.0,3.0,0.0,9.0,2.0,8.0,3.0,3.0,3.0,1.0,2.0,0.0,2,1,694,9,no
Function,nltk.app.collocations_app.CollocationsModel.LoadCorpus.run(self),D:\thesis2\9 project\nltk\nltk\nltk\app\collocations_app.py,14.0,0.0,14.0,8.0,12.0,0.0,2.0,0.0,14.0,7.0,12.0,2.0,2.0,2.0,1.0,1.0,0.0,1,1,323,13,no
Function,nltk.app.wordnet_app._synset_relations.relation_html(r),D:\thesis2\9 project\nltk\nltk\nltk\app\wordnet_app.py,13.0,0.0,11.0,1.0,10.0,2.0,4.0,1.0,6.0,1.0,5.0,4.0,4.0,4.0,4.0,1.0,0.18,1,1,592,9,no
Function,"nltk.classify.decisiontree.DecisionTreeClassifier.binary_stump(feature_name,feature_value,labeled_featuresets)",D:\thesis2\9 project\nltk\nltk\nltk\classify\decisiontree.py,23.0,4.0,17.0,6.0,16.0,2.0,12.0,1.0,15.0,6.0,14.0,5.0,5.0,5.0,1.0,2.0,0.12,3,3,231,15,no
Function,"nltk.classify.weka.ARFF_Formatter.data_section(self,tokens,labeled)",D:\thesis2\9 project\nltk\nltk\nltk\classify\weka.py,25.0,3.0,11.0,4.0,10.0,11.0,12.0,1.0,11.0,4.0,10.0,5.0,5.0,6.0,1.0,2.0,1.0,3,3,303,10,no
Function,nltk.corpus.reader.framenet.PrettyDict.__repr__(self),D:\thesis2\9 project\nltk\nltk\nltk\corpus\reader\framenet.py,10.0,0.0,10.0,4.0,9.0,0.0,3.0,0.0,10.0,4.0,9.0,4.0,4.0,4.0,1.0,2.0,0.0,1,1,391,9,no
Function,"nltk.corpus.reader.nombank.NombankInstance.__init__(self,fileid,sentnum,wordnum,baseform,sensenumber,predicate,predid,arguments,parse_corpus)",D:\thesis2\9 project\nltk\nltk\nltk\corpus\reader\nombank.py,39.0,9.0,11.0,11.0,9.0,19.0,1.0,0.0,19.0,10.0,18.0,1.0,1.0,1.0,1.0,0.0,1.73,10,10,167,18,no
Function,"nltk.corpus.reader.verbnet.VerbnetCorpusReader._index_helper(self,xmltree,fileid)",D:\thesis2\9 project\nltk\nltk\nltk\corpus\reader\verbnet.py,11.0,0.0,10.0,5.0,9.0,1.0,6.0,1.0,10.0,5.0,9.0,4.0,4.0,4.0,1.0,2.0,0.1,3,3,178,9,no
Function,"nltk.draw.table.MultiListbox.__init__(self,master,columns,column_weights,cnf,kw)",D:\thesis2\9 project\nltk\nltk\nltk\draw\table.py,89.0,14.0,44.0,9.0,43.0,31.0,36.0,2.0,42.0,9.0,41.0,7.0,7.0,7.0,4.0,2.0,0.7,6,5,59,42,no
Function,"nltk.draw.util.ColorizedList._init_itemframe(self,options)",D:\thesis2\9 project\nltk\nltk\nltk\draw\util.py,23.0,3.0,17.0,4.0,16.0,5.0,1.0,0.0,14.0,4.0,13.0,1.0,1.0,1.0,1.0,0.0,0.29,2,2,2192,13,no
Function,"nltk.inference.tableau.TableauProver._attempt_proof(self,agenda,accessible_vars,atoms,debug)",D:\thesis2\9 project\nltk\nltk\nltk\inference\tableau.py,33.0,3.0,29.0,3.0,28.0,1.0,2.0,0.0,8.0,3.0,7.0,2.0,2.0,2.0,1.0,1.0,0.03,5,5,56,27,no
Function,"nltk.parse.chart.Chart.insert(self,edge,child_pointer_lists)",D:\thesis2\9 project\nltk\nltk\nltk\parse\chart.py,32.0,2.0,12.0,4.0,11.0,18.0,6.0,1.0,12.0,4.0,11.0,4.0,4.0,4.0,1.0,2.0,1.5,3,2,583,11,no
Function,nltk.parse.projectivedependencyparser.projective_prob_parse_demo(),D:\thesis2\9 project\nltk\nltk\nltk\parse\projectivedependencyparser.py,18.0,2.0,12.0,6.0,10.0,4.0,2.0,0.0,11.0,6.0,9.0,2.0,2.0,2.0,1.0,1.0,0.33,0,0,558,10,no
Function,nltk.sem.chat80.process_bundle(rels),D:\thesis2\9 project\nltk\nltk\nltk\sem\chat80.py,27.0,2.0,17.0,11.0,16.0,8.0,5.0,1.0,16.0,11.0,15.0,5.0,5.0,5.0,1.0,4.0,0.47,1,1,500,15,no
Function,nltk.sem.glue.GlueDict.__str__(self),D:\thesis2\9 project\nltk\nltk\nltk\sem\glue.py,17.0,0.0,17.0,7.0,16.0,0.0,7.0,1.0,16.0,7.0,15.0,6.0,6.0,7.0,1.0,4.0,0.0,1,1,213,15,no
Function,"nltk.sem.logic.UnexpectedTokenException.__init__(self,index,unexpected,expected,message)",D:\thesis2\9 project\nltk\nltk\nltk\sem\logic.py,11.0,0.0,11.0,2.0,10.0,0.0,4.0,1.0,8.0,2.0,7.0,4.0,4.0,5.0,1.0,2.0,0.0,5,5,1814,9,no
Function,"nltk.tag.brill.BrillTagger.print_template_statistics(self,test_stats,printunused)",D:\thesis2\9 project\nltk\nltk\nltk\tag\brill.py,103.0,8.0,76.0,26.0,71.0,21.0,8.0,1.0,49.0,26.0,44.0,4.0,4.0,4.0,1.0,1.0,0.28,3,3,287,21,no
Function,"nltk.tbl.demo._demo_plot(learning_curve_output,teststats,trainstats,take)",D:\thesis2\9 project\nltk\nltk\nltk\tbl\demo.py,16.0,2.0,14.0,6.0,12.0,0.0,4.0,1.0,14.0,6.0,12.0,3.0,3.0,3.0,1.0,1.0,0.0,4,4,328,13,no
Function,"nltk.tokenize.punkt.PunktSentenceTokenizer._build_sentence_list(self,text,tokens)",D:\thesis2\9 project\nltk\nltk\nltk\tokenize\punkt.py,52.0,9.0,22.0,9.0,21.0,21.0,26.0,1.0,23.0,9.0,22.0,7.0,7.0,7.0,1.0,3.0,0.95,3,3,1377,21,no
Function,"setupext.LibAgg.add_flags(self,ext,add_sources)",D:\thesis2\9 project\matplotlib\matplotlib\setupext.py,18.0,0.0,18.0,2.0,17.0,0.0,3.0,0.0,7.0,2.0,6.0,3.0,3.0,3.0,1.0,2.0,0.0,3,3,861,15,no
Function,animate_decay.run(data),D:\thesis2\9 project\matplotlib\matplotlib\examples\animation\animate_decay.py,13.0,2.0,10.0,3.0,9.0,1.0,2.0,0.0,10.0,3.0,9.0,2.0,2.0,2.0,1.0,1.0,0.1,1,1,21,9,no
Function,pick_event_demo.onpick1(event),D:\thesis2\9 project\matplotlib\matplotlib\examples\event_handling\pick_event_demo.py,13.0,0.0,13.0,7.0,12.0,0.0,4.0,1.0,11.0,7.0,10.0,4.0,4.0,4.0,1.0,1.0,0.0,1,1,87,12,no
Function,backend_driver.parse_options(),D:\thesis2\9 project\matplotlib\matplotlib\examples\tests\backend_driver.py,42.0,2.0,38.0,7.0,37.0,2.0,4.0,1.0,19.0,7.0,18.0,3.0,3.0,6.0,1.0,1.0,0.05,0,0,441,18,no
Function,"matplotlib.afm.AFM.string_width_height(self,s)",D:\thesis2\9 project\matplotlib\matplotlib\lib\matplotlib\afm.py,36.0,4.0,25.0,11.0,24.0,7.0,18.0,1.0,25.0,11.0,24.0,7.0,7.0,7.0,4.0,2.0,0.28,2,2,359,24,no
Function,"matplotlib.axis.XAxis.contains(self,mouseevent)",D:\thesis2\9 project\matplotlib\matplotlib\lib\matplotlib\axis.py,18.0,1.0,15.0,7.0,14.0,2.0,3.0,0.0,13.0,7.0,12.0,3.0,3.0,8.0,3.0,1.0,0.13,2,2,1651,14,no
Function,"matplotlib.backend_tools.ToolCursorPosition.send_message(self,event)",D:\thesis2\9 project\matplotlib\matplotlib\lib\matplotlib\backend_tools.py,15.0,2.0,12.0,3.0,11.0,1.0,4.0,1.0,12.0,3.0,11.0,4.0,4.0,5.0,1.0,2.0,0.08,2,2,269,10,no
Function,"matplotlib.cm.ScalarMappable.to_rgba(self,x,alpha,bytes)",D:\thesis2\9 project\matplotlib\matplotlib\lib\matplotlib\cm.py,58.0,5.0,27.0,3.0,26.0,26.0,26.0,1.0,25.0,3.0,24.0,9.0,9.0,11.0,5.0,4.0,0.96,4,4,203,25,no
Function,"matplotlib.colors.ColorConverter.to_rgba_array(self,c,alpha)",D:\thesis2\9 project\matplotlib\matplotlib\lib\matplotlib\colors.py,46.0,3.0,31.0,4.0,30.0,12.0,78.0,2.0,29.0,4.0,28.0,12.0,12.0,18.0,11.0,5.0,0.39,3,3,378,30,no
Function,"matplotlib.dates.RRuleLocator.tick_values(self,vmin,vmax)",D:\thesis2\9 project\matplotlib\matplotlib\lib\matplotlib\dates.py,36.0,5.0,24.0,7.0,23.0,7.0,32.0,2.0,21.0,7.0,20.0,6.0,6.0,6.0,3.0,1.0,0.29,3,3,672,23,no
Function,"matplotlib.finance._check_input(opens,closes,highs,lows,miss)",D:\thesis2\9 project\matplotlib\matplotlib\lib\matplotlib\finance.py,55.0,7.0,13.0,6.0,11.0,35.0,2.0,0.0,9.0,6.0,7.0,2.0,2.0,5.0,1.0,1.0,2.69,5,5,819,9,no
Function,"matplotlib.image.PcolorImage.make_image(self,magnification)",D:\thesis2\9 project\matplotlib\matplotlib\lib\matplotlib\image.py,27.0,0.0,26.0,10.0,25.0,1.0,6.0,1.0,21.0,10.0,20.0,4.0,4.0,4.0,1.0,2.0,0.04,2,2,870,24,no
Function,"matplotlib.mathtext.MathtextBackendAgg.get_results(self,box,used_characters)",D:\thesis2\9 project\matplotlib\matplotlib\lib\matplotlib\mathtext.py,22.0,0.0,22.0,5.0,21.0,0.0,1.0,0.0,13.0,5.0,12.0,1.0,1.0,1.0,1.0,0.0,0.0,3,3,206,21,no
Function,"matplotlib.mlab.rec_append_fields(rec,names,arrs,dtypes)",D:\thesis2\9 project\matplotlib\matplotlib\lib\matplotlib\mlab.py,32.0,1.0,25.0,5.0,24.0,7.0,108.0,2.0,21.0,5.0,20.0,9.0,9.0,12.0,5.0,2.0,0.28,4,4,2363,22,no
Function,"matplotlib.patches.Arc.draw.iter_circle_intersect_on_line_seg(x0,y0,x1,y1)",D:\thesis2\9 project\matplotlib\matplotlib\lib\matplotlib\patches.py,17.0,0.0,17.0,5.0,16.0,0.0,12.0,1.0,15.0,5.0,14.0,5.0,5.0,8.0,1.0,2.0,0.0,4,4,1611,14,no
Function,matplotlib.pyplot.install_repl_displayhook(),D:\thesis2\9 project\matplotlib\matplotlib\lib\matplotlib\pyplot.py,51.0,13.0,29.0,9.0,22.0,9.0,8.0,1.0,29.0,9.0,22.0,6.0,6.0,6.0,5.0,2.0,0.31,0,0,115,22,no
Function,"matplotlib.pyplot.quiver(args,kw)",D:\thesis2\9 project\matplotlib\matplotlib\lib\matplotlib\pyplot.py,13.0,0.0,12.0,5.0,11.0,1.0,2.0,0.0,11.0,5.0,10.0,2.0,2.0,2.0,1.0,1.0,0.08,2,0,3170,11,no
Function,matplotlib.spines.Spine._adjust_location(self),D:\thesis2\9 project\matplotlib\matplotlib\lib\matplotlib\spines.py,84.0,10.0,61.0,9.0,60.0,13.0,985.0,3.0,49.0,9.0,48.0,16.0,16.0,16.0,7.0,4.0,0.21,1,1,193,53,yes
Function,"matplotlib.text.Annotation.draw(self,renderer)",D:\thesis2\9 project\matplotlib\matplotlib\lib\matplotlib\text.py,28.0,6.0,19.0,3.0,18.0,3.0,22.0,1.0,19.0,3.0,18.0,8.0,8.0,10.0,3.0,2.0,0.16,2,2,2232,19,no
Function,"matplotlib.transforms.BlendedGenericTransform.transform_non_affine(self,points)",D:\thesis2\9 project\matplotlib\matplotlib\lib\matplotlib\transforms.py,25.0,4.0,21.0,5.0,20.0,0.0,10.0,1.0,18.0,5.0,17.0,6.0,6.0,9.0,4.0,1.0,0.0,2,2,2104,17,no
Function,"matplotlib.widgets.RectangleSelector.onmove(self,event)",D:\thesis2\9 project\matplotlib\matplotlib\lib\matplotlib\widgets.py,25.0,1.0,22.0,4.0,21.0,8.0,7.0,1.0,21.0,4.0,20.0,6.0,6.0,7.0,4.0,2.0,0.36,2,2,1652,21,no
Function,"matplotlib.axes._axes.Axes.fill_betweenx(self,y,x1,x2,where,kwargs)",D:\thesis2\9 project\matplotlib\matplotlib\lib\matplotlib\axes\_axes.py,106.0,27.0,46.0,12.0,45.0,33.0,96.0,2.0,43.0,12.0,42.0,8.0,8.0,8.0,4.0,2.0,0.72,6,5,4514,43,no
Function,"matplotlib.backends.backend_agg.RendererAgg.stop_filter(self,post_processing)",D:\thesis2\9 project\matplotlib\matplotlib\lib\matplotlib\backends\backend_agg.py,44.0,11.0,16.0,9.0,14.0,17.0,2.0,0.0,13.0,9.0,11.0,2.0,2.0,3.0,1.0,1.0,1.06,2,2,378,15,no
Function,"matplotlib.backends.backend_gtk3.FileChooserDialog.__init__(self,title,parent,action,buttons,path,filetypes,default_filetype)",D:\thesis2\9 project\matplotlib\matplotlib\lib\matplotlib\backends\backend_gtk3.py,60.0,9.0,49.0,23.0,38.0,3.0,6.0,1.0,39.0,14.0,37.0,4.0,4.0,4.0,1.0,2.0,0.06,8,8,663,27,no
Function,"matplotlib.backends.backend_pdf.RendererPdf.check_gc(self,gc,fillcolor)",D:\thesis2\9 project\matplotlib\matplotlib\lib\matplotlib\backends\backend_pdf.py,20.0,4.0,15.0,4.0,14.0,1.0,6.0,1.0,13.0,4.0,12.0,4.0,4.0,5.0,1.0,1.0,0.07,3,3,1516,13,no
Function,"matplotlib.backends.backend_ps.RendererPS.draw_mathtext(self,gc,x,y,s,prop,angle)",D:\thesis2\9 project\matplotlib\matplotlib\lib\matplotlib\backends\backend_ps.py,20.0,1.0,16.0,5.0,14.0,3.0,2.0,0.0,9.0,4.0,8.0,2.0,2.0,2.0,1.0,1.0,0.19,7,7,813,10,no
Function,"matplotlib.backends.backend_tkagg.AxisMenu.__init__(self,master,naxes)",D:\thesis2\9 project\matplotlib\matplotlib\lib\matplotlib\backends\backend_tkagg.py,26.0,0.0,26.0,8.0,25.0,0.0,2.0,0.0,20.0,8.0,19.0,2.0,2.0,2.0,1.0,1.0,0.0,3,3,633,19,no
Function,"matplotlib.backends.qt_editor.figureoptions.figure_edit(axes,parent)",D:\thesis2\9 project\matplotlib\matplotlib\lib\matplotlib\backends\qt_editor\figureoptions.py,116.0,10.0,97.0,30.0,95.0,10.0,28.0,1.0,65.0,28.0,63.0,7.0,7.0,7.0,4.0,3.0,0.1,2,2,39,54,yes
Function,matplotlib.style.core.use(style),D:\thesis2\9 project\matplotlib\matplotlib\lib\matplotlib\style\core.py,43.0,6.0,20.0,4.0,19.0,17.0,14.0,1.0,16.0,4.0,15.0,6.0,6.0,7.0,5.0,3.0,0.85,1,1,42,15,no
Function,matplotlib.tests.test_axes.test_fill_between_interpolate(),D:\thesis2\9 project\matplotlib\matplotlib\lib\matplotlib\tests\test_axes.py,19.0,2.0,15.0,7.0,14.0,2.0,1.0,0.0,15.0,7.0,14.0,1.0,1.0,1.0,1.0,0.0,0.13,0,0,638,15,no
Function,matplotlib.tests.test_axes.test_rcparam_grid_minor(),D:\thesis2\9 project\matplotlib\matplotlib\lib\matplotlib\tests\test_axes.py,20.0,4.0,16.0,7.0,15.0,0.0,2.0,0.0,12.0,7.0,11.0,2.0,2.0,2.0,1.0,1.0,0.0,0,0,3392,15,no
Function,matplotlib.tests.test_collections.test_polycollection_close(),D:\thesis2\9 project\matplotlib\matplotlib\lib\matplotlib\tests\test_collections.py,34.0,8.0,24.0,11.0,22.0,2.0,2.0,0.0,19.0,11.0,17.0,2.0,2.0,2.0,1.0,1.0,0.08,0,0,491,24,no
Function,matplotlib.tests.test_image.test_image_shift(),D:\thesis2\9 project\matplotlib\matplotlib\lib\matplotlib\tests\test_image.py,12.0,2.0,10.0,7.0,8.0,0.0,1.0,0.0,9.0,7.0,7.0,1.0,1.0,1.0,1.0,0.0,0.0,0,0,239,9,no
Function,matplotlib.tests.test_mlab.spectral_testcase_nosig_real_onesided.test_psd_window_hanning(self),D:\thesis2\9 project\matplotlib\matplotlib\lib\matplotlib\tests\test_mlab.py,43.0,0.0,42.0,13.0,41.0,1.0,2.0,0.0,24.0,13.0,23.0,2.0,2.0,2.0,1.0,1.0,0.02,1,1,1701,25,no
Function,matplotlib.tests.test_spines.test_label_without_ticks(),D:\thesis2\9 project\matplotlib\matplotlib\lib\matplotlib\tests\test_spines.py,30.0,2.0,26.0,5.0,25.0,2.0,1.0,0.0,22.0,5.0,21.0,1.0,1.0,1.0,1.0,0.0,0.08,0,0,53,26,no
Function,matplotlib.tests.test_triangulation.test_trirefine(),D:\thesis2\9 project\matplotlib\matplotlib\lib\matplotlib\tests\test_triangulation.py,54.0,3.0,46.0,26.0,45.0,5.0,2.0,0.0,40.0,26.0,39.0,2.0,2.0,2.0,1.0,1.0,0.11,0,0,882,44,no
Function,"mpl_toolkits.gtktools.error_message(msg,parent,title)",D:\thesis2\9 project\matplotlib\matplotlib\lib\mpl_toolkits\gtktools.py,21.0,1.0,16.0,2.0,15.0,4.0,4.0,1.0,11.0,2.0,10.0,3.0,3.0,3.0,1.0,1.0,0.25,3,3,47,10,no
Function,mpl_toolkits.axes_grid1.colorbar.ColorbarBase._config_axes(self),D:\thesis2\9 project\matplotlib\matplotlib\lib\mpl_toolkits\axes_grid1\colorbar.py,30.0,5.0,21.0,4.0,19.0,4.0,2.0,0.0,18.0,4.0,16.0,2.0,2.0,2.0,1.0,1.0,0.19,1,1,426,16,no
Function,"mpl_toolkits.axisartist.axis_artist.Ticks.__init__(self,ticksize,tick_out,kwargs)",D:\thesis2\9 project\matplotlib\matplotlib\lib\mpl_toolkits\axisartist\axis_artist.py,16.0,3.0,13.0,4.0,12.0,0.0,5.0,1.0,13.0,4.0,12.0,4.0,4.0,5.0,1.0,2.0,0.0,4,3,217,12,no
Function,"mpl_toolkits.mplot3d.art3d.Path3DCollection.do_3d_projection(self,renderer)",D:\thesis2\9 project\matplotlib\matplotlib\lib\mpl_toolkits\mplot3d\art3d.py,19.0,3.0,16.0,5.0,15.0,0.0,2.0,0.0,13.0,5.0,12.0,4.0,4.0,4.0,1.0,1.0,0.0,2,2,423,14,no
Function,mpl_toolkits.tests.test_mplot3d.test_bar3d(),D:\thesis2\9 project\matplotlib\matplotlib\lib\mpl_toolkits\tests\test_mplot3d.py,9.0,0.0,9.0,7.0,8.0,0.0,2.0,0.0,9.0,7.0,8.0,2.0,2.0,2.0,1.0,1.0,0.0,0,0,8,9,no
Function,"virtualenv.make_relative_path(source,dest,dest_is_directory)",D:\thesis2\9 project\matplotlib\matplotlib\unit\virtualenv.py,32.0,1.0,18.0,5.0,17.0,13.0,16.0,1.0,18.0,5.0,17.0,5.0,5.0,7.0,1.0,1.0,0.72,3,3,1858,17,no
Function,django.contrib.admin.helpers.InlineAdminFormSet.__iter__(self),D:\thesis2\9 project\django\django\django\contrib\admin\helpers.py,13.0,0.0,13.0,3.0,12.0,0.0,4.0,1.0,7.0,3.0,6.0,3.0,3.0,3.0,1.0,1.0,0.0,1,1,231,10,no
Function,django.contrib.admin.widgets.url_params_from_lookup_dict(lookups),D:\thesis2\9 project\django\django\django\contrib\admin\widgets.py,21.0,0.0,16.0,4.0,15.0,5.0,8.0,1.0,14.0,4.0,13.0,6.0,6.0,7.0,1.0,3.0,0.31,1,1,119,14,no
Function,"django.contrib.auth.views.logout(request,next_page,template_name,redirect_field_name,current_app,extra_context)",D:\thesis2\9 project\django\django\django\contrib\auth\views.py,37.0,6.0,26.0,6.0,22.0,5.0,30.0,1.0,17.0,3.0,16.0,7.0,7.0,8.0,1.0,2.0,0.19,6,6,74,21,no
Function,"django.contrib.gis.db.backends.oracle.operations.OracleOperations.get_db_converters(self,expression)",D:\thesis2\9 project\django\django\django\contrib\gis\db\backends\oracle\operations.py,14.0,0.0,14.0,4.0,13.0,0.0,4.0,1.0,9.0,4.0,8.0,3.0,3.0,3.0,1.0,1.0,0.0,2,2,115,12,no
Function,"django.contrib.gis.gdal.driver.Driver.__init__(self,dr_input)",D:\thesis2\9 project\django\django\django\contrib\gis\gdal\driver.py,35.0,3.0,24.0,5.0,23.0,8.0,22.0,1.0,20.0,5.0,19.0,10.0,10.0,10.0,9.0,3.0,0.33,2,2,35,21,no
Function,"django.contrib.gis.sitemaps.views.kml(request,label,model,field_name,compress,using)",D:\thesis2\9 project\django\django\django\contrib\gis\sitemaps\views.py,46.0,5.0,32.0,8.0,31.0,9.0,80.0,2.0,28.0,8.0,27.0,9.0,9.0,9.0,5.0,3.0,0.28,6,6,12,28,no
Function,django.contrib.sessions.backends.file.SessionStore.clear_expired(cls),D:\thesis2\9 project\django\django\django\contrib\sessions\backends\file.py,14.0,1.0,10.0,6.0,9.0,3.0,3.0,0.0,10.0,6.0,9.0,3.0,3.0,3.0,3.0,2.0,0.3,1,1,190,10,no
Function,"django.core.validators.RegexValidator.__init__(self,regex,message,code,inverse_match,flags)",D:\thesis2\9 project\django\django\django\core\validators.py,17.0,1.0,15.0,1.0,14.0,1.0,128.0,2.0,15.0,1.0,14.0,8.0,8.0,9.0,1.0,1.0,0.07,6,6,25,14,no
Function,django.core.mail.message.EmailMessage.message(self),D:\thesis2\9 project\django\django\django\core\mail\message.py,25.0,1.0,21.0,5.0,20.0,4.0,48.0,2.0,21.0,5.0,20.0,7.0,7.0,8.0,3.0,2.0,0.19,1,1,259,20,no
Function,"django.core.management.commands.makemigrations.Command.handle_merge(self,loader,conflicts)",D:\thesis2\9 project\django\django\django\core\management\commands\makemigrations.py,69.0,1.0,52.0,17.0,51.0,16.0,578.0,3.0,41.0,16.0,40.0,14.0,14.0,14.0,3.0,4.0,0.31,3,3,188,44,no
Function,django.db.backends.base.base.BaseDatabaseWrapper.check_settings(self),D:\thesis2\9 project\django\django\django\db\backends\base\base.py,14.0,0.0,14.0,1.0,13.0,0.0,5.0,1.0,6.0,1.0,5.0,5.0,5.0,5.0,5.0,2.0,0.0,1,1,166,13,no
Function,"django.db.backends.oracle.introspection.DatabaseIntrospection.get_table_description(self,cursor,table_name)",D:\thesis2\9 project\django\django\django\db\backends\oracle\introspection.py,12.0,0.0,11.0,4.0,10.0,3.0,2.0,0.0,9.0,4.0,8.0,2.0,2.0,2.0,1.0,1.0,0.27,3,3,58,10,no
Function,django.db.migrations.autodetector.MigrationAutodetector.generate_altered_db_table(self),D:\thesis2\9 project\django\django\django\db\migrations\autodetector.py,16.0,0.0,16.0,8.0,15.0,0.0,3.0,0.0,10.0,8.0,9.0,3.0,3.0,3.0,1.0,2.0,0.0,1,1,936,11,no
Function,"django.db.migrations.operations.models.AlterOrderWithRespectTo.database_forwards(self,app_label,schema_editor,from_state,to_state)",D:\thesis2\9 project\django\django\django\db\migrations\operations\models.py,17.0,0.0,14.0,4.0,13.0,3.0,5.0,1.0,10.0,4.0,9.0,5.0,5.0,7.0,1.0,3.0,0.21,5,5,453,12,no
Function,"django.db.models.lookups.In.as_sql(self,compiler,connection)",D:\thesis2\9 project\django\django\django\db\models\lookups.py,25.0,0.0,23.0,10.0,22.0,2.0,4.0,1.0,21.0,10.0,20.0,4.0,4.0,6.0,1.0,3.0,0.09,3,3,282,21,no
Function,"django.db.models.fields.files.FieldFile.delete(self,save)",D:\thesis2\9 project\django\django\django\db\models\fields\files.py,21.0,4.0,14.0,1.0,13.0,3.0,9.0,1.0,14.0,1.0,13.0,5.0,5.0,5.0,1.0,1.0,0.21,2,2,115,13,no
Function,"django.db.models.fields.related_lookups.RelatedLookupMixin.as_sql(self,compiler,connection)",D:\thesis2\9 project\django\django\django\db\models\fields\related_lookups.py,12.0,0.0,12.0,5.0,10.0,0.0,3.0,0.0,11.0,5.0,9.0,3.0,3.0,3.0,1.0,2.0,0.0,3,3,99,11,no
Function,"django.db.models.sql.datastructures.Join.as_sql(self,compiler,connection)",D:\thesis2\9 project\django\django\django\db\models\sql\datastructures.py,30.0,0.0,25.0,9.0,24.0,5.0,6.0,1.0,19.0,9.0,18.0,5.0,5.0,5.0,1.0,2.0,0.2,3,3,63,23,no
Function,"django.forms.fields.DateTimeField.to_python(self,value)",D:\thesis2\9 project\django\django\django\forms\fields.py,14.0,0.0,10.0,2.0,9.0,4.0,4.0,1.0,10.0,2.0,9.0,4.0,4.0,4.0,4.0,1.0,0.4,2,2,495,9,no
Function,"django.forms.models.BaseInlineFormSet.add_fields(self,form,index)",D:\thesis2\9 project\django\django\django\forms\models.py,28.0,3.0,19.0,3.0,18.0,6.0,18.0,1.0,16.0,3.0,15.0,6.0,6.0,7.0,1.0,2.0,0.32,3,3,917,15,no
Function,"django.middleware.common.CommonMiddleware.process_response(self,request,response)",D:\thesis2\9 project\django\django\django\middleware\common.py,21.0,1.0,17.0,3.0,16.0,3.0,10.0,1.0,13.0,3.0,12.0,6.0,6.0,7.0,1.0,3.0,0.18,3,3,95,14,no
Function,"django.template.defaulttags.do_filter(parser,token)",D:\thesis2\9 project\django\django\django\template\defaulttags.py,27.0,4.0,10.0,6.0,9.0,13.0,3.0,0.0,10.0,6.0,9.0,3.0,3.0,3.0,3.0,2.0,1.3,2,2,718,10,no
Function,"django.template.backends.jinja2.Jinja2.get_template(self,template_name)",D:\thesis2\9 project\django\django\django\template\backends\jinja2.py,13.0,0.0,13.0,3.0,12.0,0.0,3.0,0.0,9.0,2.0,8.0,3.0,3.0,3.0,3.0,1.0,0.0,2,2,40,11,no
Function,"django.test.testcases.SimpleTestCase.assertRedirects(self,response,expected_url,status_code,target_status_code,host,msg_prefix,fetch_redirect_response)",D:\thesis2\9 project\django\django\django\test\testcases.py,76.0,12.0,53.0,8.0,50.0,11.0,36.0,2.0,24.0,6.0,23.0,7.0,7.0,7.0,1.0,2.0,0.21,8,8,269,39,no
Function,django.utils.dateformat.DateFormat.S(self),D:\thesis2\9 project\django\django\django\utils\dateformat.py,12.0,0.0,11.0,2.0,10.0,2.0,5.0,1.0,11.0,2.0,10.0,5.0,5.0,5.0,5.0,1.0,0.18,1,1,272,10,no
Function,django.utils.regex_helper.next_char(input_iter),D:\thesis2\9 project\django\django\django\utils\regex_helper.py,19.0,1.0,10.0,3.0,9.0,8.0,5.0,1.0,10.0,3.0,9.0,4.0,4.0,4.0,4.0,2.0,0.8,1,1,205,9,no
Function,"django.views.generic.base.View.as_view(cls,initkwargs)",D:\thesis2\9 project\django\django\django\views\generic\base.py,32.0,3.0,23.0,4.0,21.0,6.0,5.0,1.0,19.0,4.0,17.0,4.0,4.0,4.0,4.0,2.0,0.26,2,1,46,14,no
Function,admin_changelist.tests.ChangeListTests.test_distinct_for_inherited_m2m_in_list_filter(self),D:\thesis2\9 project\django\django\tests\admin_changelist\tests.py,23.0,4.0,13.0,6.0,12.0,6.0,1.0,0.0,10.0,6.0,9.0,1.0,1.0,1.0,1.0,0.0,0.46,1,1,287,12,no
Function,admin_inlines.tests.TestInlinePermissions.test_inline_change_fk_all_perms(self),D:\thesis2\9 project\django\django\tests\admin_inlines\tests.py,16.0,0.0,14.0,3.0,13.0,2.0,1.0,0.0,12.0,3.0,11.0,1.0,1.0,1.0,1.0,0.0,0.14,1,1,650,12,no
Function,admin_views.tests.CustomModelAdminTest.test_custom_admin_site_login_form(self),D:\thesis2\9 project\django\django\tests\admin_views\tests.py,14.0,0.0,14.0,3.0,13.0,0.0,1.0,0.0,10.0,3.0,9.0,1.0,1.0,1.0,1.0,0.0,0.0,1,1,1213,11,no
Function,admin_views.tests.AdminInlineTests.test_ordered_inline(self),D:\thesis2\9 project\django\django\tests\admin_views\tests.py,56.0,10.0,40.0,3.0,39.0,6.0,1.0,0.0,14.0,3.0,13.0,1.0,1.0,1.0,1.0,0.0,0.15,1,1,4197,38,no
Function,"admin_widgets.tests.HorizontalVerticalFilterSeleniumFirefoxTests.assertActiveButtons(self,mode,field_name,choose,remove,choose_all,remove_all)",D:\thesis2\9 project\django\django\tests\admin_widgets\tests.py,11.0,0.0,11.0,6.0,9.0,4.0,2.0,0.0,10.0,5.0,9.0,2.0,2.0,2.0,1.0,1.0,0.36,7,7,867,9,no
Function,"auth_tests.test_auth_backends.SimpleRowlevelBackend.has_perm(self,user,perm,obj)",D:\thesis2\9 project\django\django\tests\auth_tests\test_auth_backends.py,12.0,1.0,11.0,1.0,10.0,1.0,6.0,1.0,9.0,1.0,8.0,6.0,6.0,8.0,6.0,2.0,0.09,4,4,312,10,no
Function,"auth_tests.test_views.ChangelistTests.get_user_data(self,user)",D:\thesis2\9 project\django\django\tests\auth_tests\test_views.py,19.0,0.0,19.0,1.0,18.0,0.0,1.0,0.0,2.0,1.0,1.0,1.0,1.0,1.0,1.0,0.0,0.0,2,2,898,17,no
Function,cache.tests.BaseCacheTests.test_decr_version(self),D:\thesis2\9 project\django\django\tests\cache\tests.py,22.0,4.0,18.0,1.0,17.0,0.0,1.0,0.0,18.0,1.0,17.0,1.0,1.0,1.0,1.0,0.0,0.0,1,1,813,16,no
Function,custom_managers.tests.CustomManagerTests.test_fk_related_manager(self),D:\thesis2\9 project\django\django\tests\custom_managers\tests.py,35.0,1.0,34.0,1.0,33.0,0.0,1.0,0.0,9.0,1.0,8.0,1.0,1.0,1.0,1.0,0.0,0.0,1,1,127,20,no
Function,delete.tests.DeletionTests.test_cannot_defer_constraint_checks(self),D:\thesis2\9 project\django\django\tests\delete\tests.py,24.0,2.0,14.0,5.0,12.0,8.0,1.0,0.0,12.0,5.0,10.0,1.0,1.0,1.0,1.0,0.0,0.57,1,1,284,11,no
Function,field_deconstruction.tests.FieldDeconstructionTests.test_slug_field(self),D:\thesis2\9 project\django\django\tests\field_deconstruction\tests.py,11.0,0.0,11.0,3.0,10.0,0.0,1.0,0.0,11.0,3.0,10.0,1.0,1.0,1.0,1.0,0.0,0.0,1,1,330,10,no
Function,fixtures_regress.tests.NaturalKeyFixtureTests.test_nk_on_serialize(self),D:\thesis2\9 project\django\django\tests\fixtures_regress\tests.py,27.0,1.0,22.0,2.0,21.0,4.0,1.0,0.0,5.0,2.0,4.0,1.0,1.0,1.0,1.0,0.0,0.18,1,1,614,12,no
Function,forms_tests.tests.test_fields.FieldsTests.test_filepathfield_2(self),D:\thesis2\9 project\django\django\tests\forms_tests\tests\test_fields.py,20.0,0.0,20.0,5.0,19.0,0.0,2.0,0.0,12.0,5.0,11.0,2.0,2.0,2.0,1.0,1.0,0.0,1,1,1301,18,no
Function,forms_tests.tests.test_forms.FormsTestCase.test_error_list_with_non_field_errors_has_correct_class(self),D:\thesis2\9 project\django\django\tests\forms_tests\tests\test_forms.py,34.0,2.0,32.0,6.0,29.0,0.0,1.0,0.0,12.0,6.0,9.0,1.0,1.0,1.0,1.0,0.0,0.0,1,1,2463,17,no
Function,forms_tests.tests.test_input_formats.CustomDateInputFormatsTests.test_dateField_with_inputformat(self),D:\thesis2\9 project\django\django\tests\forms_tests\tests\test_input_formats.py,22.0,4.0,12.0,4.0,11.0,6.0,1.0,0.0,12.0,4.0,11.0,1.0,1.0,1.0,1.0,0.0,0.5,1,1,446,11,no
Function,forms_tests.tests.test_widgets.FormsWidgetTests.test_multiwidget(self),D:\thesis2\9 project\django\django\tests\forms_tests\tests\test_widgets.py,125.0,16.0,99.0,15.0,90.0,10.0,1.0,0.0,38.0,15.0,29.0,1.0,1.0,1.0,1.0,1.0,0.1,1,1,1026,35,no
Function,generic_views.test_edit.CreateViewTests.test_create_with_interpolated_redirect(self),D:\thesis2\9 project\django\django\tests\generic_views\test_edit.py,17.0,0.0,16.0,3.0,15.0,1.0,1.0,0.0,10.0,3.0,9.0,1.0,1.0,1.0,1.0,0.0,0.06,1,1,155,14,no
Function,gis_tests.gdal_tests.test_ds.DataSourceTest.test06_spatial_filter(self),D:\thesis2\9 project\django\django\tests\gis_tests\gdal_tests\test_ds.py,37.0,5.0,23.0,6.0,22.0,9.0,1.0,0.0,20.0,6.0,19.0,1.0,1.0,1.0,1.0,0.0,0.39,1,1,226,20,no
Function,gis_tests.geoapp.test_feeds.GeoFeedTest.test_geofeed_atom(self),D:\thesis2\9 project\django\django\tests\gis_tests\geoapp\test_feeds.py,18.0,3.0,11.0,7.0,10.0,4.0,3.0,0.0,11.0,7.0,10.0,3.0,3.0,3.0,1.0,2.0,0.36,1,1,55,10,no
Function,gis_tests.geos_tests.test_mutable_list.ListMixinTest.test03_delslice(self),D:\thesis2\9 project\django\django\tests\gis_tests\geos_tests\test_mutable_list.py,43.0,3.0,39.0,6.0,38.0,1.0,15.0,1.0,39.0,6.0,38.0,7.0,7.0,7.0,1.0,4.0,0.03,1,1,152,38,no
Function,i18n.tests.TranslationTests.test_lazy_objects(self),D:\thesis2\9 project\django\django\tests\i18n\tests.py,21.0,1.0,16.0,7.0,15.0,4.0,1.0,0.0,16.0,7.0,15.0,1.0,1.0,1.0,1.0,2.0,0.25,1,1,121,15,no
Function,invalid_models_tests.test_ordinary_fields.DateTimeFieldTests.test_fix_default_value(self),D:\thesis2\9 project\django\django\tests\invalid_models_tests\test_ordinary_fields.py,36.0,1.0,35.0,12.0,33.0,1.0,1.0,0.0,16.0,12.0,14.0,1.0,1.0,1.0,1.0,0.0,0.03,1,1,287,16,no
Function,m2m_signals.tests.ManyToManySignalsTest.test_m2m_relations_signals_remove_relation(self),D:\thesis2\9 project\django\django\tests\m2m_signals\tests.py,20.0,0.0,18.0,1.0,17.0,2.0,1.0,0.0,4.0,1.0,3.0,1.0,1.0,1.0,1.0,0.0,0.11,1,1,110,14,no
Function,many_to_many.tests.ManyToManyTests.test_assign(self),D:\thesis2\9 project\django\django\tests\many_to_many\tests.py,21.0,1.0,18.0,1.0,17.0,2.0,1.0,0.0,11.0,1.0,10.0,1.0,1.0,1.0,1.0,0.0,0.11,1,1,374,16,no
Function,middleware_exceptions.tests.MiddlewareTests.test_process_request_middleware_exception(self),D:\thesis2\9 project\django\django\tests\middleware_exceptions\tests.py,13.0,1.0,11.0,4.0,10.0,1.0,1.0,0.0,11.0,4.0,10.0,1.0,1.0,1.0,1.0,0.0,0.09,1,1,307,10,no
Function,migrations.test_autodetector.AutodetectorTests.test_same_app_no_fk_dependency(self),D:\thesis2\9 project\django\django\tests\migrations\test_autodetector.py,17.0,0.0,11.0,5.0,10.0,6.0,1.0,0.0,11.0,5.0,10.0,1.0,1.0,1.0,1.0,0.0,0.55,1,1,848,10,no
Function,migrations.test_commands.MakeMigrationsTests.test_makemigration_merge_dry_run(self),D:\thesis2\9 project\django\django\tests\migrations\test_commands.py,15.0,0.0,11.0,5.0,10.0,4.0,1.0,0.0,11.0,4.0,10.0,1.0,1.0,1.0,1.0,1.0,0.36,1,1,651,10,no
Function,migrations.test_operations.OperationTests.test_rename_model_with_m2m(self),D:\thesis2\9 project\django\django\tests\migrations\test_operations.py,25.0,1.0,24.0,7.0,23.0,0.0,1.0,0.0,17.0,7.0,16.0,1.0,1.0,1.0,1.0,0.0,0.0,1,1,591,16,no
Function,migrations.test_state.StateTests.test_real_apps(self),D:\thesis2\9 project\django\django\tests\migrations\test_state.py,28.0,4.0,18.0,9.0,15.0,6.0,1.0,0.0,15.0,9.0,12.0,1.0,1.0,1.0,1.0,1.0,0.33,1,1,635,12,no
Function,model_formsets_regress.tests.RedeleteTests.test_delete_already_deleted(self),D:\thesis2\9 project\django\django\tests\model_formsets_regress\tests.py,20.0,0.0,20.0,6.0,19.0,0.0,1.0,0.0,10.0,6.0,9.0,1.0,1.0,1.0,1.0,0.0,0.0,1,1,524,18,no
Function,multiple_database.tests.SignalTests.test_database_arg_m2m(self),D:\thesis2\9 project\django\django\tests\multiple_database\tests.py,47.0,6.0,29.0,4.0,28.0,12.0,1.0,0.0,27.0,4.0,26.0,1.0,1.0,1.0,1.0,1.0,0.41,1,1,1659,26,no
Function,pagination.tests.ModelPaginationTests.test_first_page(self),D:\thesis2\9 project\django\django\tests\pagination\tests.py,20.0,0.0,20.0,3.0,19.0,0.0,1.0,0.0,12.0,3.0,11.0,1.0,1.0,1.0,1.0,0.0,0.0,1,1,247,16,no
Function,queries.tests.Queries1Tests.test_tickets_7087_12242(self),D:\thesis2\9 project\django\django\tests\queries\tests.py,21.0,2.0,18.0,2.0,17.0,1.0,1.0,0.0,6.0,2.0,5.0,1.0,1.0,1.0,1.0,0.0,0.06,1,1,602,10,no
Function,queries.tests.DisjunctionPromotionTests.test_disjunction_promotion5_demote(self),D:\thesis2\9 project\django\django\tests\queries\tests.py,16.0,0.0,11.0,2.0,10.0,5.0,1.0,0.0,11.0,2.0,10.0,1.0,1.0,1.0,1.0,0.0,0.45,1,1,3210,10,no
Function,schema.tests.SchemaTests.test_alter(self),D:\thesis2\9 project\django\django\tests\schema\tests.py,30.0,0.0,21.0,6.0,20.0,9.0,1.0,0.0,21.0,5.0,20.0,1.0,1.0,1.0,1.0,1.0,0.43,1,1,386,20,no
Function,"serializers_regress.tests.data_compare(testcase,pk,klass,data)",D:\thesis2\9 project\django\django\tests\serializers_regress\tests.py,13.0,0.0,13.0,2.0,12.0,0.0,2.0,0.0,5.0,2.0,4.0,2.0,2.0,3.0,1.0,1.0,0.0,4,4,131,9,no
Function,syndication_tests.tests.SyndicationFeedTest.test_atom_feed(self),D:\thesis2\9 project\django\django\tests\syndication_tests\tests.py,30.0,2.0,25.0,7.0,24.0,3.0,6.0,1.0,15.0,7.0,14.0,4.0,4.0,4.0,1.0,2.0,0.12,1,1,226,23,no
Function,template_tests.filter_tests.test_filesizeformat.FunctionTests.test_localized_formats(self),D:\thesis2\9 project\django\django\tests\template_tests\filter_tests\test_filesizeformat.py,16.0,0.0,16.0,1.0,15.0,0.0,1.0,0.0,16.0,1.0,15.0,1.0,1.0,1.0,1.0,1.0,0.0,1,1,26,15,no
Function,test_client_regress.tests.AssertFormsetErrorTests.test_unknown_nonform_error(self),D:\thesis2\9 project\django\django\tests\test_client_regress\tests.py,14.0,0.0,13.0,3.0,12.0,1.0,2.0,0.0,5.0,2.0,4.0,2.0,2.0,2.0,1.0,2.0,0.08,1,1,817,11,no
Function,timezones.tests.NewDatabaseTests.test_query_datetime_lookups(self),D:\thesis2\9 project\django\django\tests\timezones\tests.py,10.0,0.0,10.0,1.0,9.0,0.0,1.0,0.0,10.0,1.0,9.0,1.0,1.0,1.0,1.0,0.0,0.0,1,1,407,9,no
Function,utils_tests.test_encoding.TestRFC3987IEncodingUtils.test_iri_to_uri(self),D:\thesis2\9 project\django\django\tests\utils_tests\test_encoding.py,17.0,3.0,11.0,3.0,10.0,5.0,2.0,0.0,5.0,3.0,4.0,2.0,2.0,2.0,1.0,1.0,0.45,1,1,87,9,no
Function,view_tests.tests.test_csrf.CsrfViewTests.test_translation(self),D:\thesis2\9 project\django\django\tests\view_tests\tests\test_csrf.py,16.0,1.0,12.0,2.0,11.0,3.0,1.0,0.0,8.0,2.0,7.0,1.0,1.0,1.0,1.0,1.0,0.25,1,1,12,10,no
Function,scipy.sparse.linalg.matfuncs._ExpmPadeHelper.d8_loose-getter(self),D:\thesis2\9 project\scipy\scipy\scipy\sparse\linalg\matfuncs.py,10.0,0.0,10.0,1.0,9.0,0.0,4.0,1.0,8.0,1.0,7.0,4.0,4.0,4.0,3.0,2.0,0.0,1,1,472,9,no
Function,"beets.importer.ImportSession.set_config(self,config)",D:\thesis2\real 106 project\beets\beets\importer.py,32.0,5.0,17.0,4.0,16.0,10.0,24.0,1.0,16.0,4.0,15.0,6.0,6.0,6.0,1.0,1.0,0.59,2,2,204,16,no
Function,beets.importer.ImportSession.run(self),D:\thesis2\real 106 project\beets\beets\importer.py,46.0,8.0,30.0,4.0,29.0,8.0,54.0,2.0,25.0,4.0,24.0,8.0,8.0,9.0,1.0,2.0,0.27,1,1,276,25,no
Function,"beets.importer.ImportTask.reimport_metadata(self,lib)",D:\thesis2\real 106 project\beets\beets\importer.py,40.0,1.0,36.0,5.0,35.0,3.0,12.0,1.0,17.0,5.0,16.0,6.0,6.0,7.0,1.0,3.0,0.08,2,2,710,29,no
Function,"boto.auth.S3HmacAuthV4Handler.canonical_query_string(self,http_request)",D:\thesis2\real 106 project\boto\boto\auth.py,10.0,0.0,7.0,4.0,6.0,3.0,2.0,0.0,6.0,4.0,5.0,2.0,2.0,2.0,1.0,1.0,0.43,2,2,579,6,no
Function,"boto.connection.AWSAuthConnection._mexe(self,request,sender,override_num_retries,retry_handler)",D:\thesis2\real 106 project\boto\boto\connection.py,148.0,4.0,116.0,17.0,114.0,28.0,10360.0,4.0,92.0,14.0,91.0,26.0,26.0,30.0,12.0,5.0,0.24,5,5,886,109,yes
Function,"boto.connection.AWSQueryConnection.build_list_params(self,params,items,label)",D:\thesis2\real 106 project\boto\boto\connection.py,5.0,0.0,5.0,2.0,4.0,0.0,4.0,1.0,5.0,2.0,4.0,3.0,3.0,3.0,1.0,1.0,0.0,4,4,1118,4,no
Function,"bottle.Bottle.default_error_handler(self,res)",D:\thesis2\real 106 project\bottle\bottle.py,2.0,0.0,2.0,1.0,1.0,0.0,1.0,0.0,2.0,1.0,1.0,1.0,1.0,1.0,1.0,0.0,0.0,2,2,921,1,no
Function,"bottle.Bottle._handle(self,environ)",D:\thesis2\real 106 project\bottle\bottle.py,33.0,1.0,32.0,4.0,31.0,0.0,13.0,1.0,32.0,4.0,31.0,8.0,8.0,8.0,8.0,2.0,0.0,2,2,924,30,no
Function,bottle.BaseRequest.POST(self),D:\thesis2\real 106 project\bottle\bottle.py,34.0,1.0,27.0,8.0,26.0,8.0,29.0,1.0,23.0,8.0,22.0,9.0,9.0,10.0,1.0,2.0,0.3,1,1,1301,24,no
Function,"index-cmd.update_index(top,excluded_paths,exclude_rxs)",D:\thesis2\real 106 project\bup\cmd\index-cmd.py,120.0,9.0,96.0,20.0,94.0,18.0,7500.0,4.0,89.0,19.0,87.0,24.0,24.0,32.0,5.0,4.0,0.19,3,3,65,88,yes
Function,"fblldbbase.evaluateExpressionValueWithLanguage(expression,language,printErrors)",D:\thesis2\real 106 project\chisel\fblldbbase.py,9.0,0.0,8.0,4.0,7.0,2.0,2.0,0.0,8.0,4.0,7.0,2.0,2.0,4.0,1.0,1.0,0.25,3,3,39,7,no
Function,spec_tests.get_tests(specfile),D:\thesis2\real 106 project\CommonMark\test\spec_tests.py,40.0,2.0,38.0,13.0,37.0,2.0,13.0,1.0,30.0,12.0,29.0,8.0,8.0,9.0,1.0,4.0,0.05,1,1,77,37,no
Function,makespec.parseYaml(yaml),D:\thesis2\real 106 project\CommonMark\tools\makespec.py,11.0,0.0,11.0,6.0,9.0,0.0,1.0,0.0,11.0,6.0,9.0,1.0,1.0,1.0,1.0,0.0,0.0,1,1,27,5,no
Function,"compose.config.validation.process_errors(errors,service_name)",D:\thesis2\real 106 project\compose\compose\config\validation.py,168.0,18.0,131.0,30.0,126.0,19.0,26.0,1.0,80.0,30.0,75.0,16.0,16.0,20.0,1.0,4.0,0.15,2,2,118,73,yes
Function,provision-linode-cluster.ProvisionCommand._report_created(self),D:\thesis2\real 106 project\deis\contrib\linode\provision-linode-cluster.py,44.0,4.0,37.0,11.0,36.0,3.0,4.0,1.0,30.0,11.0,29.0,3.0,3.0,3.0,1.0,1.0,0.08,1,1,65,35,no
Function,"decode.main(largs,kwargs)",D:\thesis2\real 106 project\Dshell\bin\decode.py,543.0,58.0,374.0,50.0,370.0,123.0,999999999.0,16.0,299.0,50.0,295.0,90.0,90.0,99.0,26.0,7.0,0.33,2,0,390,318,yes
Function,innuendo-dns.DshellDecoder.decrypt_payload(payload),D:\thesis2\real 106 project\Dshell\decoders\dns\innuendo-dns.py,1.0,0.0,1.0,1.0,1.0,0.0,1.0,0.0,2.0,1.0,1.0,1.0,1.0,1.0,1.0,0.0,0.0,1,1,36,1,no
Function,"eve.flaskapp.Eve.__init__(self,import_name,settings,validator,data,auth,redis,url_converters,json_encoder,media,kwargs)",D:\thesis2\real 106 project\eve\eve\flaskapp.py,61.0,15.0,31.0,12.0,27.0,15.0,32.0,2.0,27.0,9.0,26.0,8.0,8.0,8.0,1.0,1.0,0.48,11,10,117,26,no
Function,eve.utils.date_to_rfc1123(date),D:\thesis2\real 106 project\eve\eve\utils.py,6.0,1.0,2.0,1.0,1.0,3.0,1.0,0.0,2.0,1.0,1.0,2.0,2.0,2.0,1.0,0.0,1.5,1,1,193,1,no
Function,eve.utils.auto_fields(resource),D:\thesis2\real 106 project\eve\eve\utils.py,28.0,8.0,12.0,3.0,11.0,9.0,4.0,1.0,11.0,3.0,10.0,3.0,3.0,3.0,1.0,1.0,0.75,1,1,384,11,no
Function,fabric.main.main(fabfile_locations),D:\thesis2\real 106 project\fabric\fabric\main.py,174.0,28.0,99.0,19.0,98.0,48.0,1330654.0,6.0,88.0,19.0,87.0,30.0,30.0,37.0,7.0,3.0,0.48,1,1,588,92,yes
Function,git_gutter_events.async_event_listener(EventListener),D:\thesis2\real 106 project\GitGutter\git_gutter_events.py,19.0,0.0,19.0,4.0,18.0,0.0,4.0,1.0,9.0,4.0,8.0,4.0,4.0,4.0,1.0,3.0,0.0,1,1,13,17,no
Function,glances.core.glances_config.Config.read(self),D:\thesis2\real 106 project\glances\glances\core\glances_config.py,109.0,9.0,89.0,3.0,88.0,11.0,2049.0,3.0,88.0,2.0,87.0,14.0,14.0,14.0,4.0,4.0,0.12,1,1,105,87,yes
Function,gooey.gui.windows.advanced_config.ConfigPanel._do_layout(self),D:\thesis2\real 106 project\Gooey\gooey\gui\windows\advanced_config.py,30.0,8.0,21.0,3.0,20.0,1.0,8.0,1.0,21.0,3.0,20.0,4.0,4.0,4.0,1.0,1.0,0.05,1,1,44,20,no
Function,"sitemap_gen.PerURLStatistics.Consume(self,url)",D:\thesis2\real 106 project\gunicorn\docs\sitemap_gen.py,36.0,3.0,29.0,4.0,28.0,4.0,12.0,1.0,24.0,4.0,23.0,9.0,9.0,10.0,4.0,3.0,0.14,2,2,1643,24,no
Function,"httpie.downloads.parse_content_range(content_range,resumed_from)",D:\thesis2\real 106 project\httpie\httpie\downloads.py,57.0,9.0,33.0,7.0,32.0,15.0,16.0,1.0,16.0,7.0,15.0,6.0,6.0,10.0,5.0,1.0,0.45,2,2,40,27,no
Function,tesselate.ShapeBuilder.build(self),D:\thesis2\real 106 project\kivy\examples\canvas\tesselate.py,42.0,2.0,40.0,10.0,38.0,0.0,42.0,2.0,37.0,10.0,35.0,10.0,10.0,11.0,1.0,5.0,0.0,1,1,92,37,no
Function,"kivy.atlas.Atlas.create(outname,filenames,size,padding,use_path)",D:\thesis2\real 106 project\kivy\kivy\atlas.py,175.0,22.0,91.0,26.0,89.0,62.0,3368.0,4.0,75.0,24.0,73.0,18.0,18.0,20.0,7.0,5.0,0.68,5,5,224,85,yes
Function,legit.scm.get_repo(),D:\thesis2\real 106 project\legit\legit\scm.py,7.0,1.0,5.0,1.0,4.0,1.0,2.0,0.0,5.0,1.0,4.0,2.0,2.0,2.0,1.0,1.0,0.2,0,0,218,4,no
Function,utils_test.TestMackup.test_can_file_be_synced_on_current_platform(self),D:\thesis2\real 106 project\mackup\tests\utils_test.py,15.0,3.0,8.0,2.0,7.0,4.0,1.0,0.0,8.0,2.0,7.0,1.0,1.0,1.0,1.0,0.0,0.5,1,1,323,7,no
Function,web_update.do_web_update(env),D:\thesis2\real 106 project\mailinabox\management\web_update.py,47.0,9.0,26.0,11.0,25.0,13.0,30.0,1.0,26.0,10.0,25.0,7.0,7.0,7.0,5.0,3.0,0.5,1,1,62,24,no
Function,update-subresource-integrity.make_integrity(url),D:\thesis2\real 106 project\mailinabox\tools\update-subresource-integrity.py,3.0,0.0,3.0,2.0,2.0,0.0,1.0,0.0,3.0,2.0,2.0,1.0,1.0,1.0,1.0,0.0,0.0,1,1,14,2,no
Function,"mailpile.auth.Authenticate._do_login(self,user,password,load_index,redirect)",D:\thesis2\real 106 project\Mailpile\mailpile\auth.py,50.0,7.0,35.0,4.0,34.0,8.0,18.0,1.0,31.0,4.0,30.0,10.0,10.0,12.0,6.0,6.0,0.23,5,5,125,30,no
Function,mailpile.commands.SearchResults.as_text(self),D:\thesis2\real 106 project\Mailpile\mailpile\commands.py,99.0,10.0,86.0,30.0,83.0,4.0,9722.0,4.0,74.0,30.0,71.0,19.0,19.0,32.0,1.0,4.0,0.05,1,1,1056,77,yes
Function,ngxtop.ngxtop.main(),D:\thesis2\real 106 project\ngxtop\ngxtop\ngxtop.py,15.0,2.0,13.0,3.0,12.0,0.0,8.0,1.0,13.0,3.0,12.0,4.0,4.0,4.0,1.0,1.0,0.0,0,0,373,12,no
Function,"account.models.account_bank_statement.AccountBankStatementLine.process_reconciliation(self,counterpart_aml_dicts,payment_aml_rec,new_aml_dicts)",D:\thesis2\real 106 project\odoo\addons\account\models\account_bank_statement.py,128.0,17.0,74.0,18.0,73.0,37.0,7320.0,4.0,71.0,18.0,70.0,19.0,19.0,36.0,5.0,4.0,0.5,4,4,743,72,yes
Function,account.models.account_invoice.AccountInvoice.action_move_create(self),D:\thesis2\real 106 project\odoo\addons\account\models\account_invoice.py,96.0,10.0,79.0,22.0,78.0,7.0,97.0,2.0,49.0,22.0,48.0,10.0,10.0,17.0,5.0,4.0,0.09,1,1,653,73,yes
Function,versioneer.render_git_describe_long(pieces),D:\thesis2\real 106 project\pandas\versioneer.py,16.0,2.0,9.0,2.0,8.0,5.0,4.0,1.0,8.0,2.0,7.0,3.0,3.0,3.0,1.0,1.0,0.56,1,1,1280,7,no
Function,"pyspider.run.cli(ctx,kwargs)",D:\thesis2\real 106 project\pyspider\pyspider\run.py,77.0,8.0,62.0,3.0,61.0,7.0,6120.0,4.0,41.0,3.0,40.0,20.0,20.0,22.0,3.0,3.0,0.11,2,1,62,74,yes
Function,"pyspider.run.bench(ctx,fetcher_num,processor_num,result_worker_num,run_in,total,show,taskdb_bench,message_queue_bench,all_bench)",D:\thesis2\real 106 project\pyspider\pyspider\run.py,116.0,17.0,83.0,17.0,78.0,17.0,2320.0,3.0,63.0,16.0,59.0,14.0,14.0,20.0,4.0,3.0,0.2,10,10,497,82,yes
Function,pyspider.run.bench.clear_project(),D:\thesis2\real 106 project\pyspider\pyspider\run.py,4.0,0.0,4.0,1.0,3.0,0.0,1.0,0.0,4.0,1.0,3.0,1.0,1.0,1.0,1.0,0.0,0.0,0,0,547,2,no
Function,"pyspider.database.mongodb.projectdb.ProjectDB.__init__(self,url,database)",D:\thesis2\real 106 project\pyspider\pyspider\database\mongodb\projectdb.py,6.0,1.0,5.0,4.0,4.0,0.0,1.0,0.0,5.0,4.0,4.0,1.0,1.0,1.0,1.0,0.0,0.0,3,3,17,4,no
Function,"argparse.ArgumentParser._parse_known_args(self,arg_strings,namespace)",D:\thesis2\real 106 project\pyston\from_cpython\Lib\argparse.py,245.0,35.0,147.0,54.0,143.0,63.0,21000.0,4.0,129.0,54.0,125.0,22.0,22.0,25.0,8.0,4.0,0.43,3,3,1731,73,yes
Function,"cgi.FieldStorage.__init__(self,fp,headers,outerboundary,environ,keep_blank_values,strict_parsing)",D:\thesis2\real 106 project\pyston\from_cpython\Lib\cgi.py,115.0,11.0,71.0,23.0,69.0,33.0,171360.0,5.0,63.0,22.0,62.0,22.0,22.0,26.0,3.0,2.0,0.46,7,7,395,66,no
Function,"decimal.Decimal.__new__(cls,value,context)",D:\thesis2\real 106 project\pyston\from_cpython\Lib\decimal.py,144.0,11.0,99.0,9.0,98.0,34.0,68.0,2.0,81.0,9.0,80.0,22.0,22.0,29.0,15.0,5.0,0.34,3,3,515,82,yes
Function,"decimal.Decimal._power_exact(self,other,p)",D:\thesis2\real 106 project\pyston\from_cpython\Lib\decimal.py,236.0,26.0,111.0,18.0,110.0,100.0,540.0,3.0,105.0,18.0,104.0,35.0,35.0,44.0,26.0,3.0,0.9,3,3,1937,105,yes
Function,"r2.config.queues.Queues.__init__(self,queues)",D:\thesis2\real 106 project\reddit\r2\r2\config\queues.py,5.0,0.0,5.0,3.0,4.0,0.0,1.0,0.0,5.0,3.0,4.0,1.0,1.0,1.0,1.0,0.0,0.0,2,2,31,3,no
Function,r2.config.routing.make_map(config),D:\thesis2\real 106 project\reddit\r2\r2\config\routing.py,448.0,84.0,339.0,5.0,338.0,25.0,8.0,1.0,235.0,5.0,234.0,4.0,4.0,4.0,1.0,1.0,0.07,1,1,46,238,yes
Function,"r2.controllers.api.ApiController.POST_submit(self,form,jquery,url,selftext,kind,title,sr,extension,sendreplies,resubmit)",D:\thesis2\real 106 project\reddit\r2\r2\controllers\api.py,134.0,27.0,92.0,11.0,89.0,15.0,924.0,3.0,71.0,10.0,69.0,24.0,24.0,27.0,15.0,4.0,0.16,11,11,426,84,yes
Function,"r2.controllers.api.ApiController.POST_friend(self,form,jquery,friend,container,type,type_and_permissions,note,duration,ban_message)",D:\thesis2\real 106 project\reddit\r2\r2\controllers\api.py,216.0,31.0,157.0,22.0,154.0,28.0,13284166.0,7.0,115.0,20.0,114.0,45.0,45.0,59.0,21.0,2.0,0.18,10,10,944,142,yes
Function,"benchmarks.command_packer_benchmark.ListJoiningConnection.pack_command(self,args)",D:\thesis2\real 106 project\redis-py\benchmarks\command_packer_benchmark.py,17.0,1.0,16.0,4.0,15.0,0.0,3.0,0.0,12.0,4.0,11.0,3.0,3.0,4.0,1.0,2.0,0.0,2,1,61,14,no
Function,setup.SaltDistribution.get_esky_freezer_includes(self),D:\thesis2\real 106 project\salt\setup.py,84.0,1.0,69.0,7.0,66.0,15.0,44.0,2.0,26.0,7.0,23.0,12.0,12.0,15.0,1.0,4.0,0.22,1,1,1107,65,no
Function,"salt.fileclient.RemoteClient.get_file(self,path,dest,makedirs,saltenv,gzip,env)",D:\thesis2\real 106 project\salt\salt\fileclient.py,154.0,12.0,126.0,22.0,119.0,16.0,17130.0,4.0,80.0,13.0,79.0,23.0,23.0,26.0,13.0,6.0,0.13,7,7,952,99,yes
Function,"plot_directive.run(arguments,content,options,state_machine,state,lineno)",D:\thesis2\real 106 project\seaborn\doc\sphinxext\plot_directive.py,192.0,29.0,144.0,46.0,143.0,20.0,499200.0,6.0,102.0,43.0,101.0,25.0,25.0,29.0,1.0,4.0,0.14,6,6,646,116,yes
Function,"seaborn.axisgrid.FacetGrid.__init__(self,data,row,col,hue,col_wrap,sharex,sharey,size,aspect,palette,row_order,col_order,hue_order,hue_kws,dropna,legend_out,despine,margin_titles,xlim,ylim,subplot_kws,gridspec_kws)",D:\thesis2\real 106 project\seaborn\seaborn\axisgrid.py,155.0,24.0,113.0,53.0,107.0,18.0,198912.0,5.0,100.0,48.0,99.0,32.0,32.0,32.0,3.0,4.0,0.16,23,23,218,99,yes
Function,"seaborn.matrix.ClusterGrid.plot_dendrograms(self,row_cluster,col_cluster,metric,method,row_linkage,col_linkage)",D:\thesis2\real 106 project\seaborn\seaborn\matrix.py,20.0,0.0,18.0,2.0,16.0,2.0,4.0,1.0,11.0,1.0,10.0,3.0,3.0,3.0,1.0,1.0,0.11,7,7,922,12,no
Function,"seaborn.timeseries.tsplot(data,time,unit,condition,value,err_style,ci,interpolate,color,estimator,n_boot,err_palette,err_kws,legend,ax,kwargs)",D:\thesis2\real 106 project\seaborn\seaborn\timeseries.py,326.0,59.0,128.0,28.0,124.0,139.0,12664320.0,7.0,107.0,25.0,106.0,35.0,35.0,39.0,8.0,3.0,1.09,16,15,17,109,yes
Function,"sentry.coreapi.ClientApiHelper.validate_data(self,project,data)",D:\thesis2\real 106 project\sentry\src\sentry\coreapi.py,222.0,23.0,194.0,10.0,193.0,5.0,194135616.0,8.0,114.0,9.0,113.0,37.0,37.0,42.0,21.0,4.0,0.03,3,3,329,175,yes
Function,"sentry.event_manager.EventManager.save(self,project,raw)",D:\thesis2\real 106 project\sentry\src\sentry\event_manager.py,172.0,30.0,133.0,24.0,132.0,9.0,57600.0,5.0,82.0,24.0,81.0,20.0,20.0,27.0,4.0,3.0,0.07,3,3,331,97,yes
Function,"sickbeard.tvcache.TVCache._addCacheEntry(self,name,url,season,episodes,tvdb_id,tvrage_id,quality,extraNames)",D:\thesis2\real 106 project\Sick-Beard\sickbeard\tvcache.py,133.0,25.0,91.0,16.0,90.0,17.0,28134.0,4.0,85.0,15.0,84.0,28.0,28.0,32.0,14.0,5.0,0.19,9,9,197,86,yes
